displayOrder,kanji,volume1Anchor,anchor,reading,en,heisigNumber,slug,jpHtml,part
1,冒,冒険,冒頭,ぼうとう,beginning / opening,18,risk,<ruby>冒<rt>ぼう</rt></ruby><ruby>頭<rt>とう</rt></ruby>,1
2,晶,結晶,液晶,えきしょう,liquid crystal,22,sparkle,<ruby>液<rt>えき</rt></ruby><ruby>晶<rt>しょう</rt></ruby>,1
3,呂,風呂,呂律,ろれつ,articulation,24,spine,<ruby>呂<rt>ろ</rt></ruby><ruby>律<rt>れつ</rt></ruby>,1
4,旦,元旦,一旦,いったん,once / for now,30,dawn,<ruby>一<rt>いっ</rt></ruby><ruby>旦<rt>たん</rt></ruby>,1
5,胆,大胆,胆石,たんせき,gallstone,31,gallbladder,<ruby>胆<rt>たん</rt></ruby><ruby>石<rt>せき</rt></ruby>,1
6,凹,凹凸,凹む,へこむ,to dent / cave in,33,concave,<ruby>凹<rt>へこ</rt></ruby>む,1
7,凸,凸凹,凸レンズ,とつレンズ,convex lens,34,convex,<ruby>凸<rt>とつ</rt></ruby>レンズ,1
8,升,一升瓶,升席,ますせき,box seat (sumo),42,measuring_box,<ruby>升<rt>ます</rt></ruby><ruby>席<rt>せき</rt></ruby>,1
9,昇,上昇,昇進,しょうしん,promotion,43,rise,<ruby>昇<rt>しょう</rt></ruby><ruby>進<rt>しん</rt></ruby>,1
10,肘,肘掛け,肘鉄,ひじてつ,elbow blow / rejection,46,elbow,<ruby>肘<rt>ひじ</rt></ruby><ruby>鉄<rt>てつ</rt></ruby>,1
11,占,占い,占有,せんゆう,possession / occupancy,49,fortune_telling,<ruby>占<rt>せん</rt></ruby><ruby>有<rt>ゆう</rt></ruby>,1
12,卓,卓球,食卓,しょくたく,dining table,52,eminent,<ruby>食<rt>しょく</rt></ruby><ruby>卓<rt>たく</rt></ruby>,1
13,嘲,嘲笑,嘲る,あざける,to mock,54,derision,<ruby>嘲<rt>あざけ</rt></ruby>る,1
14,唄,長唄,子守唄,こもりうた,lullaby,57,pop_song,<ruby>子<rt>こ</rt></ruby><ruby>守<rt>もり</rt></ruby><ruby>唄<rt>うた</rt></ruby>,1
15,貞,貞操,不貞,ふてい,infidelity,58,virtue,<ruby>不<rt>ふ</rt></ruby><ruby>貞<rt>てい</rt></ruby>,1
16,貼,貼り紙,貼付,ちょうふ,pasting / attachment,60,post_a_bill,<ruby>貼<rt>ちょう</rt></ruby><ruby>付<rt>ふ</rt></ruby>,1
17,頑,頑張る,頑固,がんこ,stubborn,65,stubborn,<ruby>頑<rt>がん</rt></ruby><ruby>固<rt>こ</rt></ruby>,1
18,凡,平凡,凡例,はんれい,legend / explanatory notes,66,mediocre,<ruby>凡<rt>はん</rt></ruby><ruby>例<rt>れい</rt></ruby>,1
19,肌,肌触り,肌着,はだぎ,underwear,70,texture,<ruby>肌<rt>はだ</rt></ruby><ruby>着<rt>ぎ</rt></ruby>,1
20,旬,上旬,中旬,ちゅうじゅん,middle third of month,71,ten_days,<ruby>中<rt>ちゅう</rt></ruby><ruby>旬<rt>じゅん</rt></ruby>,1
21,乙,乙女,乙種,おつしゅ,Class B / type B,75,hook,<ruby>乙<rt>おつ</rt></ruby><ruby>種<rt>しゅ</rt></ruby>,1
22,賄,賄賂,賄う,まかなう,to provide / cover,84,bribe,<ruby>賄<rt>まかな</rt></ruby>う,1
23,貢,貢献,貢ぐ,みつぐ,to contribute / lavish gifts on,85,tribute,<ruby>貢<rt>みつ</rt></ruby>ぐ,1
24,項,項目,事項,じこう,matter / item,86,paragraph,<ruby>事<rt>じ</rt></ruby><ruby>項<rt>こう</rt></ruby>,1
25,刃,刃物,刃先,はさき,blade edge,88,blade,<ruby>刃<rt>は</rt></ruby><ruby>先<rt>さき</rt></ruby>,1
26,召,召喚,召し上がる,めしあがる,to eat or drink (hon.),90,seduce,<ruby>召<rt>め</rt></ruby>し<ruby>上<rt>あ</rt></ruby>がる,1
27,孔,孔子,気孔,きこう,stoma / air hole,100,cavity,<ruby>気<rt>き</rt></ruby><ruby>孔<rt>こう</rt></ruby>,1
28,了,完了,了承,りょうしょう,acknowledgment / consent,101,finish,<ruby>了<rt>りょう</rt></ruby><ruby>承<rt>しょう</rt></ruby>,1
29,如,如何,如実,にょじつ,vivid / true to reality,104,likeness,<ruby>如<rt>にょ</rt></ruby><ruby>実<rt>じつ</rt></ruby>,1
30,貫,一貫,貫通,かんつう,penetration / through passage,106,pierce,<ruby>貫<rt>かん</rt></ruby><ruby>通<rt>つう</rt></ruby>,1
31,呪,呪い,呪文,じゅもん,spell / incantation,108,curse,<ruby>呪<rt>じゅ</rt></ruby><ruby>文<rt>もん</rt></ruby>,1
32,克,克服,克明,こくめい,detailed / precise,109,overcome,<ruby>克<rt>こく</rt></ruby><ruby>明<rt>めい</rt></ruby>,1
33,肖,肖像,不肖,ふしょう,unworthy (humble),119,resemblance,<ruby>不<rt>ふ</rt></ruby><ruby>肖<rt>しょう</rt></ruby>,1
34,硝,硝子,硝酸,しょうさん,nitric acid,120,nitrate,<ruby>硝<rt>しょう</rt></ruby><ruby>酸<rt>さん</rt></ruby>,1
35,砕,粉砕,砕く,くだく,to crush / break up,121,smash,<ruby>砕<rt>くだ</rt></ruby>く,1
36,妬,嫉妬,妬む,ねたむ,to envy / resent,123,jealousy,<ruby>妬<rt>ねた</rt></ruby>む,1
37,削,削除,削る,けずる,to shave / reduce,124,plane,<ruby>削<rt>けず</rt></ruby>る,1
38,臭,悪臭,体臭,たいしゅう,body odor,128,stinking,<ruby>体<rt>たい</rt></ruby><ruby>臭<rt>しゅう</rt></ruby>,1
39,嗅,嗅覚,嗅ぐ,かぐ,to smell / sniff,129,sniff,<ruby>嗅<rt>か</rt></ruby>ぐ,1
40,妙,微妙,絶妙,ぜつみょう,exquisite / superb,130,exquisite,<ruby>絶<rt>ぜつ</rt></ruby><ruby>妙<rt>みょう</rt></ruby>,1
41,奇,奇跡,奇妙,きみょう,strange / odd,133,strange,<ruby>奇<rt>き</rt></ruby><ruby>妙<rt>みょう</rt></ruby>,1
42,腺,汗腺,乳腺,にゅうせん,mammary gland,141,gland,<ruby>乳<rt>にゅう</rt></ruby><ruby>腺<rt>せん</rt></ruby>,1
43,沼,泥沼,沼地,ぬまち,marshland,145,marsh,<ruby>沼<rt>ぬま</rt></ruby><ruby>地<rt>ち</rt></ruby>,1
44,汎,汎用,汎用性,はんようせい,versatility,147,general,<ruby>汎<rt>はん</rt></ruby><ruby>用<rt>よう</rt></ruby><ruby>性<rt>せい</rt></ruby>,1
45,江,江戸,入江,いりえ,inlet / bay,148,creek,<ruby>入<rt>いり</rt></ruby><ruby>江<rt>え</rt></ruby>,1
46,汰,淘汰,ご沙汰,ごさた,official notice / word from someone,149,cleanse,ご<ruby>沙<rt>さ</rt></ruby><ruby>汰<rt>た</rt></ruby>,1
47,汁,味噌汁,果汁,かじゅう,fruit juice,150,soup,<ruby>果<rt>か</rt></ruby><ruby>汁<rt>じゅう</rt></ruby>,1
48,沙,沙漠,沙汰,さた,news / judgment,151,grains_of_sand,<ruby>沙<rt>さ</rt></ruby><ruby>汰<rt>た</rt></ruby>,1
49,況,状況,近況,きんきょう,recent situation,156,condition,<ruby>近<rt>きん</rt></ruby><ruby>況<rt>きょう</rt></ruby>,1
50,泊,宿泊,一泊,いっぱく,one-night stay,158,overnight,<ruby>一<rt>いっ</rt></ruby><ruby>泊<rt>ぱく</rt></ruby>,1
51,吐,吐息,吐く,はく,to vomit / exhale,162,spit,<ruby>吐<rt>は</rt></ruby>く,2
52,垣,垣根,石垣,いしがき,stone wall,165,hedge,<ruby>石<rt>いし</rt></ruby><ruby>垣<rt>がき</rt></ruby>,2
53,封,封筒,封鎖,ふうさ,blockade / closure,168,seal,<ruby>封<rt>ふう</rt></ruby><ruby>鎖<rt>さ</rt></ruby>,2
54,涯,生涯,天涯,てんがい,ends of the earth,169,horizon,<ruby>天<rt>てん</rt></ruby><ruby>涯<rt>がい</rt></ruby>,2
55,炎,炎上,炎症,えんしょう,inflammation,174,inflammation,<ruby>炎<rt>えん</rt></ruby><ruby>症<rt>しょう</rt></ruby>,2
56,煩,煩悩,煩わしい,わずらわしい,troublesome,175,anxiety,<ruby>煩<rt>わずら</rt></ruby>わしい,2
57,淡,淡い,淡水,たんすい,fresh water,176,faint,<ruby>淡<rt>たん</rt></ruby><ruby>水<rt>すい</rt></ruby>,2
58,墨,墨汁,墨絵,すみえ,ink painting,187,black_ink,<ruby>墨<rt>すみ</rt></ruby><ruby>絵<rt>え</rt></ruby>,2
59,厘,一厘,分厘,ぶんりん,fractional unit,190,thousandth,<ruby>分<rt>ぶん</rt></ruby><ruby>厘<rt>りん</rt></ruby>,2
60,埋,埋める,埋蔵,まいぞう,buried reserves,191,bury,<ruby>埋<rt>まい</rt></ruby><ruby>蔵<rt>ぞう</rt></ruby>,2
61,洞,洞窟,洞察,どうさつ,insight,193,den,<ruby>洞<rt>どう</rt></ruby><ruby>察<rt>さつ</rt></ruby>,2
62,胴,胴体,胴上げ,どうあげ,tossing someone in air,194,trunk,<ruby>胴<rt>どう</rt></ruby><ruby>上<rt>あ</rt></ruby>げ,2
63,尚,尚更,尚早,しょうそう,premature,196,esteem,<ruby>尚<rt>しょう</rt></ruby><ruby>早<rt>そう</rt></ruby>,2
64,宵,今宵,宵闇,よいやみ,early-evening darkness,201,early_evening,<ruby>宵<rt>よい</rt></ruby><ruby>闇<rt>やみ</rt></ruby>,2
65,宴,宴会,宴席,えんせき,banquet table,203,banquet,<ruby>宴<rt>えん</rt></ruby><ruby>席<rt>せき</rt></ruby>,2
66,枠,枠組み,枠内,わくない,within a framework,212,frame,<ruby>枠<rt>わく</rt></ruby><ruby>内<rt>ない</rt></ruby>,2
67,逃,逃げる,逃亡,とうぼう,flight / escape,301,escape,<ruby>逃<rt>とう</rt></ruby><ruby>亡<rt>ぼう</rt></ruby>,2
68,巡,巡礼,巡回,じゅんかい,patrol / rounds,303,patrol,<ruby>巡<rt>じゅん</rt></ruby><ruby>回<rt>かい</rt></ruby>,2
69,軌,軌道,軌跡,きせき,trajectory / track record,306,rut,<ruby>軌<rt>き</rt></ruby><ruby>跡<rt>せき</rt></ruby>,2
70,喩,比喩,暗喩,あんゆ,implicit metaphor,308,metaphor,<ruby>暗<rt>あん</rt></ruby><ruby>喩<rt>ゆ</rt></ruby>,2
71,煎,煎茶,煎じる,せんじる,to decoct,310,roast,<ruby>煎<rt>せん</rt></ruby>じる,2
72,賂,賄賂,賄賂罪,わいろざい,bribery offense,313,graft,<ruby>賄<rt>わい</rt></ruby><ruby>賂<rt>ろ</rt></ruby><ruby>罪<rt>ざい</rt></ruby>,2
73,冗,冗談,冗長,じょうちょう,redundant / verbose,321,superfluous,<ruby>冗<rt>じょう</rt></ruby><ruby>長<rt>ちょう</rt></ruby>,2
74,冥,冥福,冥界,めいかい,underworld,322,hades,<ruby>冥<rt>めい</rt></ruby><ruby>界<rt>かい</rt></ruby>,2
75,輝,輝く,輝度,きど,brightness / luminance,324,radiance,<ruby>輝<rt>き</rt></ruby><ruby>度<rt>ど</rt></ruby>,2
76,冠,王冠,冠婚葬祭,かんこんそうさい,ceremonial occasions,326,crown,<ruby>冠<rt>かん</rt></ruby><ruby>婚<rt>こん</rt></ruby><ruby>葬<rt>そう</rt></ruby><ruby>祭<rt>さい</rt></ruby>,2
77,坑,炭坑,坑道,こうどう,mine tunnel,328,pit,<ruby>坑<rt>こう</rt></ruby><ruby>道<rt>どう</rt></ruby>,2
78,享,享受,享楽,きょうらく,pleasure-seeking,330,receive,<ruby>享<rt>きょう</rt></ruby><ruby>楽<rt>らく</rt></ruby>,2
79,塾,学習塾,塾生,じゅくせい,cram-school student,331,cram_school,<ruby>塾<rt>じゅく</rt></ruby><ruby>生<rt>せい</rt></ruby>,2
80,亭,料亭,亭主,ていしゅ,husband / proprietor,333,pavilion,<ruby>亭<rt>てい</rt></ruby><ruby>主<rt>しゅ</rt></ruby>,2
81,涼,涼しい,涼風,りょうふう,cool breeze,335,refreshing,<ruby>涼<rt>りょう</rt></ruby><ruby>風<rt>ふう</rt></ruby>,2
82,鯨,捕鯨,鯨類,げいるい,cetaceans,337,whale,<ruby>鯨<rt>げい</rt></ruby><ruby>類<rt>るい</rt></ruby>,2
83,吉,大吉,吉日,きちじつ,auspicious day,342,good_luck,<ruby>吉<rt>きち</rt></ruby><ruby>日<rt>じつ</rt></ruby>,2
84,壮,壮大,壮年,そうねん,middle age / prime,343,robust,<ruby>壮<rt>そう</rt></ruby><ruby>年<rt>ねん</rt></ruby>,2
85,荘,別荘,荘厳,そうごん,solemn / majestic,344,villa,<ruby>荘<rt>そう</rt></ruby><ruby>厳<rt>ごん</rt></ruby>,2
86,津,津波,津々浦々,つつうらうら,every corner of the country,350,haven,<ruby>津<rt>つ</rt></ruby>々<ruby>浦<rt>うら</rt></ruby>々,2
87,攻,攻撃,攻める,せめる,to attack / press,352,aggression,<ruby>攻<rt>せ</rt></ruby>める,2
88,詮,所詮,詮索,せんさく,prying / probing,360,elucidate,<ruby>詮<rt>せん</rt></ruby><ruby>索<rt>さく</rt></ruby>,2
89,獄,地獄,獄中,ごくちゅう,in prison,361,prison,<ruby>獄<rt>ごく</rt></ruby><ruby>中<rt>ちゅう</rt></ruby>,2
90,訂,訂正,訂正版,ていせいばん,revised edition,362,revise,<ruby>訂<rt>てい</rt></ruby><ruby>正<rt>せい</rt></ruby><ruby>版<rt>ばん</rt></ruby>,2
91,訃,訃報,訃告,ふこく,death notice,363,obituary,<ruby>訃<rt>ふ</rt></ruby><ruby>告<rt>こく</rt></ruby>,2
92,詔,詔書,詔勅,しょうちょく,imperial rescript,366,imperial_edict,<ruby>詔<rt>しょう</rt></ruby><ruby>勅<rt>ちょく</rt></ruby>,2
93,詰,詰める,詰問,きつもん,demanding an explanation,367,packed,<ruby>詰<rt>きつ</rt></ruby><ruby>問<rt>もん</rt></ruby>,2
94,詠,詠む,詠唱,えいしょう,chanting / recitation,369,recitation,<ruby>詠<rt>えい</rt></ruby><ruby>唱<rt>しょう</rt></ruby>,2
95,諾,承諾,快諾,かいだく,glad consent,375,consent,<ruby>快<rt>かい</rt></ruby><ruby>諾<rt>だく</rt></ruby>,2
96,諭,教諭,諭す,さとす,to admonish,376,rebuke,<ruby>諭<rt>さと</rt></ruby>す,2
97,弐,弐千円,弐万円,にまんえん,"20,000 yen (formal)",379,formal_two,<ruby>弐<rt>に</rt></ruby><ruby>万<rt>まん</rt></ruby><ruby>円<rt>えん</rt></ruby>,2
98,賊,海賊,盗賊,とうぞく,thief / bandit,381,burglar,<ruby>盗<rt>とう</rt></ruby><ruby>賊<rt>ぞく</rt></ruby>,2
99,栽,栽培,栽植,さいしょく,planting / cultivation,382,plantation,<ruby>栽<rt>さい</rt></ruby><ruby>植<rt>しょく</rt></ruby>,2
100,載,搭載,記載,きさい,listing / entry,383,load,<ruby>記<rt>き</rt></ruby><ruby>載<rt>さい</rt></ruby>,2
101,茂,繁茂,茂る,しげる,to grow thickly,384,overgrown,<ruby>茂<rt>しげ</rt></ruby>る,3
102,戚,親戚,縁戚,えんせき,relative by marriage,385,relatives,<ruby>縁<rt>えん</rt></ruby><ruby>戚<rt>せき</rt></ruby>,3
103,威,威力,威厳,いげん,dignity / majesty,389,intimidate,<ruby>威<rt>い</rt></ruby><ruby>厳<rt>げん</rt></ruby>,3
104,滅,滅亡,消滅,しょうめつ,disappearance / extinction,390,destroy,<ruby>消<rt>しょう</rt></ruby><ruby>滅<rt>めつ</rt></ruby>,3
105,蔑,軽蔑,蔑む,さげすむ,to despise,392,disdain,<ruby>蔑<rt>さげす</rt></ruby>む,3
106,桟,桟橋,桟敷,さじき,tiered spectator seats,393,scaffold,<ruby>桟<rt>さ</rt></ruby><ruby>敷<rt>じき</rt></ruby>,3
107,渉,交渉,渉外,しょうがい,external affairs,398,ford,<ruby>渉<rt>しょう</rt></ruby><ruby>外<rt>がい</rt></ruby>,3
108,頻,頻繁,頻度,ひんど,frequency,399,repeatedly,<ruby>頻<rt>ひん</rt></ruby><ruby>度<rt>ど</rt></ruby>,3
109,肯,肯定,首肯,しゅこう,assent / agreement,400,agreement,<ruby>首<rt>しゅ</rt></ruby><ruby>肯<rt>こう</rt></ruby>,3
110,企,企業,企画,きかく,plan / project,401,undertake,<ruby>企<rt>き</rt></ruby><ruby>画<rt>かく</rt></ruby>,3
111,賦,月賦,賦課,ふか,levy / assessment,404,levy,<ruby>賦<rt>ふ</rt></ruby><ruby>課<rt>か</rt></ruby>,3
112,錠,施錠,錠剤,じょうざい,tablet / pill,409,lock,<ruby>錠<rt>じょう</rt></ruby><ruby>剤<rt>ざい</rt></ruby>,3
113,超,超える,超過,ちょうか,excess / exceeding,411,transcend,<ruby>超<rt>ちょう</rt></ruby><ruby>過<rt>か</rt></ruby>,3
114,赴,赴任,赴く,おもむく,to go / proceed,412,proceed,<ruby>赴<rt>おもむ</rt></ruby>く,3
115,越,越える,越境,えっきょう,crossing a border,413,surpass,<ruby>越<rt>えっ</rt></ruby><ruby>境<rt>きょう</rt></ruby>,3
116,是,是非,是正,ぜせい,correction / rectification,414,just_so,<ruby>是<rt>ぜ</rt></ruby><ruby>正<rt>せい</rt></ruby>,3
117,堤,堤防,堤岸,ていがん,embankment / riverbank,416,dike,<ruby>堤<rt>てい</rt></ruby><ruby>岸<rt>がん</rt></ruby>,3
118,鍵,鍵,鍵盤,けんばん,keyboard / keybed,418,key,<ruby>鍵<rt>けん</rt></ruby><ruby>盤<rt>ばん</rt></ruby>,3
119,礎,基礎,礎石,そせき,foundation stone,421,cornerstone,<ruby>礎<rt>そ</rt></ruby><ruby>石<rt>せき</rt></ruby>,3
120,婿,花婿,婿養子,むこようし,adopted son-in-law,422,bridegroom,<ruby>婿<rt>むこ</rt></ruby><ruby>養<rt>よう</rt></ruby><ruby>子<rt>し</rt></ruby>,3
121,壊,破壊,壊滅,かいめつ,destruction / devastation,427,demolition,<ruby>壊<rt>かい</rt></ruby><ruby>滅<rt>めつ</rt></ruby>,3
122,哀,悲哀,哀れ,あわれ,pitiful / sorrowful,428,pathetic,<ruby>哀<rt>あわ</rt></ruby>れ,3
123,猿,猿真似,類人猿,るいじんえん,ape,430,monkey,<ruby>類<rt>るい</rt></ruby><ruby>人<rt>じん</rt></ruby><ruby>猿<rt>えん</rt></ruby>,3
124,巾,雑巾,頭巾,ずきん,hood / head covering,432,towel,<ruby>頭<rt>ず</rt></ruby><ruby>巾<rt>きん</rt></ruby>,3
125,帆,帆船,帆布,はんぷ,canvas cloth,434,sail,<ruby>帆<rt>はん</rt></ruby><ruby>布<rt>ぷ</rt></ruby>,3
126,幅,大幅,振幅,しんぷく,amplitude,435,breadth,<ruby>振<rt>しん</rt></ruby><ruby>幅<rt>ぷく</rt></ruby>,3
127,帽,帽子,脱帽,だつぼう,taking off one's hat / admiration,436,cap,<ruby>脱<rt>だつ</rt></ruby><ruby>帽<rt>ぼう</rt></ruby>,3
128,錦,錦絵,錦鯉,にしきごい,ornamental carp,439,brocade,<ruby>錦<rt>にしき</rt></ruby><ruby>鯉<rt>ごい</rt></ruby>,3
129,柿,柿,干し柿,ほしがき,dried persimmon,441,persimmon,<ruby>干<rt>ほ</rt></ruby>し<ruby>柿<rt>がき</rt></ruby>,3
130,滞,滞在,滞納,たいのう,arrears / delinquency,445,stagnate,<ruby>滞<rt>たい</rt></ruby><ruby>納<rt>のう</rt></ruby>,3
131,刺,刺身,刺激,しげき,stimulus / stimulation,446,thorn,<ruby>刺<rt>し</rt></ruby><ruby>激<rt>げき</rt></ruby>,3
132,曇,曇り,曇天,どんてん,overcast sky,453,cloudy_weather,<ruby>曇<rt>どん</rt></ruby><ruby>天<rt>てん</rt></ruby>,3
133,雷,雷鳴,雷雨,らいう,thunderstorm,454,thunder,<ruby>雷<rt>らい</rt></ruby><ruby>雨<rt>う</rt></ruby>,3
134,霜,霜柱,霜降り,しもふり,marbled meat,455,frost,<ruby>霜<rt>しも</rt></ruby><ruby>降<rt>ふ</rt></ruby>り,3
135,妖,妖怪,妖艶,ようえん,bewitchingly beautiful,458,bewitched,<ruby>妖<rt>よう</rt></ruby><ruby>艶<rt>えん</rt></ruby>,3
136,帝,皇帝,帝国,ていこく,empire,466,sovereign,<ruby>帝<rt>てい</rt></ruby><ruby>国<rt>こく</rt></ruby>,3
137,諦,諦める,諦念,ていねん,resignation,467,renunciation,<ruby>諦<rt>てい</rt></ruby><ruby>念<rt>ねん</rt></ruby>,3
138,瞳,瞳孔,瞳,ひとみ,pupil / eye,469,pupil,<ruby>瞳<rt>ひとみ</rt></ruby>,3
139,鐘,鐘楼,警鐘,けいしょう,warning bell,470,bell,<ruby>警<rt>けい</rt></ruby><ruby>鐘<rt>しょう</rt></ruby>,3
140,嫡,嫡子,嫡出,ちゃくしゅつ,legitimate birth,472,legitimate_wife,<ruby>嫡<rt>ちゃく</rt></ruby><ruby>出<rt>しゅつ</rt></ruby>,3
141,滴,水滴,点滴,てんてき,IV drip,474,drip,<ruby>点<rt>てん</rt></ruby><ruby>滴<rt>てき</rt></ruby>,3
142,匂,匂い,匂わせる,におわせる,to hint at,478,scent,<ruby>匂<rt>にお</rt></ruby>わせる,3
143,頃,今頃,日頃,ひごろ,normally / these days,479,about_that_time,<ruby>日<rt>ひ</rt></ruby><ruby>頃<rt>ごろ</rt></ruby>,3
144,昆,昆虫,昆布,こんぶ,kelp,483,descendants,<ruby>昆<rt>こん</rt></ruby><ruby>布<rt>ぶ</rt></ruby>,3
145,皆,皆さん,皆無,かいむ,none at all,484,everyone,<ruby>皆<rt>かい</rt></ruby><ruby>無<rt>む</rt></ruby>,3
146,楷,楷書,楷書体,かいしょたい,block typeface,485,block_letters,<ruby>楷<rt>かい</rt></ruby><ruby>書<rt>しょ</rt></ruby><ruby>体<rt>たい</rt></ruby>,3
147,諧,諧調,諧謔,かいぎゃく,witty humor,486,orderliness,<ruby>諧<rt>かい</rt></ruby><ruby>謔<rt>ぎゃく</rt></ruby>,3
148,渇,渇き,渇望,かつぼう,craving,488,thirst,<ruby>渇<rt>かつ</rt></ruby><ruby>望<rt>ぼう</rt></ruby>,3
149,謁,拝謁,謁見,えっけん,audience (with royalty),489,audience,<ruby>謁<rt>えっ</rt></ruby><ruby>見<rt>けん</rt></ruby>,3
150,褐,褐色,褐藻,かっそう,brown algae,490,brown,<ruby>褐<rt>かっ</rt></ruby><ruby>藻<rt>そう</rt></ruby>,3
151,喝,一喝,喝破,かっぱ,to declare forcefully,491,hoarse,<ruby>喝<rt>かっ</rt></ruby><ruby>破<rt>ぱ</rt></ruby>,4
152,葛,葛藤,葛粉,くずこ,kudzu starch,492,kudzu,<ruby>葛<rt>くず</rt></ruby><ruby>粉<rt>こ</rt></ruby>,4
153,旨,趣旨,旨味,うまみ,umami,493,delicious,<ruby>旨<rt>うま</rt></ruby><ruby>味<rt>み</rt></ruby>,4
154,脂,油脂,脂身,あぶらみ,fatty meat,494,fat,<ruby>脂<rt>あぶら</rt></ruby><ruby>身<rt>み</rt></ruby>,4
155,詣,初詣,詣でる,もうでる,to visit a shrine,495,visit_shrine,<ruby>詣<rt>もう</rt></ruby>でる,4
156,壱,壱万円,壱円,いちえん,one yen (formal),496,formal_one,<ruby>壱<rt>いち</rt></ruby><ruby>円<rt>えん</rt></ruby>,4
157,敏,敏感,機敏,きびん,nimble,498,cleverness,<ruby>機<rt>き</rt></ruby><ruby>敏<rt>びん</rt></ruby>,4
158,乞,乞食,乞う,こう,to request,501,beg,<ruby>乞<rt>こ</rt></ruby>う,4
159,乾,乾燥,乾電池,かんでんち,dry-cell battery,502,drought,<ruby>乾<rt>かん</rt></ruby><ruby>電<rt>でん</rt></ruby><ruby>池<rt>ち</rt></ruby>,4
160,吹,吹雪,吹く,ふく,to blow,506,blow,<ruby>吹<rt>ふ</rt></ruby>く,4
161,炊,炊事,炊飯,すいはん,cooking rice,507,cook,<ruby>炊<rt>すい</rt></ruby><ruby>飯<rt>はん</rt></ruby>,4
162,軟,柔軟,軟骨,なんこつ,cartilage,509,soft,<ruby>軟<rt>なん</rt></ruby><ruby>骨<rt>こつ</rt></ruby>,4
163,諮,諮問,諮る,はかる,to consult,514,consult_with,<ruby>諮<rt>はか</rt></ruby>る,4
164,賠,賠償,国家賠償,こっかばいしょう,state compensation,515,compensation,<ruby>国<rt>こっ</rt></ruby><ruby>家<rt>か</rt></ruby><ruby>賠<rt>ばい</rt></ruby><ruby>償<rt>しょう</rt></ruby>,4
165,培,培養,培地,ばいち,culture medium,516,cultivate,<ruby>培<rt>ばい</rt></ruby><ruby>地<rt>ち</rt></ruby>,4
166,剖,解剖,剖検,ぼうけん,autopsy,517,divide,<ruby>剖<rt>ぼう</rt></ruby><ruby>検<rt>けん</rt></ruby>,4
167,韻,韻律,押韻,おういん,rhyme,520,rhyme,<ruby>押<rt>おう</rt></ruby><ruby>韻<rt>いん</rt></ruby>,4
168,盲,盲目,盲点,もうてん,blind spot,525,blind,<ruby>盲<rt>もう</rt></ruby><ruby>点<rt>てん</rt></ruby>,4
169,妄,妄想,妄言,もうげん,reckless remark,526,delusion,<ruby>妄<rt>もう</rt></ruby><ruby>言<rt>げん</rt></ruby>,4
170,荒,荒れる,荒廃,こうはい,devastation,527,laid_waste,<ruby>荒<rt>こう</rt></ruby><ruby>廃<rt>はい</rt></ruby>,4
171,妨,妨害,妨げる,さまたげる,to hinder,530,disturb,<ruby>妨<rt>さまた</rt></ruby>げる,4
172,坊,お坊さん,坊主,ぼうず,monk / shaved head,531,boy,<ruby>坊<rt>ぼう</rt></ruby><ruby>主<rt>ず</rt></ruby>,4
173,芳,芳香,芳しい,かんばしい,fragrant / favorable,532,perfume,<ruby>芳<rt>かんば</rt></ruby>しい,4
174,肪,脂肪,体脂肪,たいしぼう,body fat,533,obese,<ruby>体<rt>たい</rt></ruby><ruby>脂<rt>し</rt></ruby><ruby>肪<rt>ぼう</rt></ruby>,4
175,脱,脱出,脱落,だつらく,dropping out,537,undress,<ruby>脱<rt>だつ</rt></ruby><ruby>落<rt>らく</rt></ruby>,4
176,鋭,鋭い,鋭敏,えいびん,keen / acute,539,pointed,<ruby>鋭<rt>えい</rt></ruby><ruby>敏<rt>びん</rt></ruby>,4
177,曽,曽祖父,曽祖母,そうそぼ,great-grandmother,540,formerly,<ruby>曽<rt>そう</rt></ruby><ruby>祖<rt>そ</rt></ruby><ruby>母<rt>ぼ</rt></ruby>,4
178,贈,贈り物,贈呈,ぞうてい,presentation (of a gift),542,presents,<ruby>贈<rt>ぞう</rt></ruby><ruby>呈<rt>てい</rt></ruby>,4
179,棟,病棟,一棟,いっとう,one building,544,ridgepole,<ruby>一<rt>いっ</rt></ruby><ruby>棟<rt>とう</rt></ruby>,4
180,凍,冷凍,凍結,とうけつ,freezing / freeze,545,frozen,<ruby>凍<rt>とう</rt></ruby><ruby>結<rt>けつ</rt></ruby>,4
181,妊,妊娠,妊婦,にんぷ,pregnant woman,546,pregnancy,<ruby>妊<rt>にん</rt></ruby><ruby>婦<rt>ぷ</rt></ruby>,4
182,廷,法廷,朝廷,ちょうてい,imperial court,547,courts,<ruby>朝<rt>ちょう</rt></ruby><ruby>廷<rt>てい</rt></ruby>,4
183,賓,来賓,主賓,しゅひん,guest of honor,550,vip,<ruby>主<rt>しゅ</rt></ruby><ruby>賓<rt>ひん</rt></ruby>,4
184,歳,二十歳,歳入,さいにゅう,annual revenue,551,year_end,<ruby>歳<rt>さい</rt></ruby><ruby>入<rt>にゅう</rt></ruby>,4
185,蛍,蛍光灯,蛍光,けいこう,fluorescence,557,lightning_bug,<ruby>蛍<rt>けい</rt></ruby><ruby>光<rt>こう</rt></ruby>,4
186,蛇,蛇口,蛇行,だこう,meandering,558,snake,<ruby>蛇<rt>だ</rt></ruby><ruby>行<rt>こう</rt></ruby>,4
187,虹,虹彩,虹色,にじいろ,rainbow-colored,559,rainbow,<ruby>虹<rt>にじ</rt></ruby><ruby>色<rt>いろ</rt></ruby>,4
188,妃,王妃,皇太子妃,こうたいしひ,crown princess,566,queen,<ruby>皇<rt>こう</rt></ruby><ruby>太<rt>たい</rt></ruby><ruby>子<rt>し</rt></ruby><ruby>妃<rt>ひ</rt></ruby>,4
189,胞,細胞,同胞,どうほう,compatriot,570,placenta,<ruby>同<rt>どう</rt></ruby><ruby>胞<rt>ほう</rt></ruby>,4
190,砲,大砲,鉄砲,てっぽう,gun,571,cannon,<ruby>鉄<rt>てっ</rt></ruby><ruby>砲<rt>ぽう</rt></ruby>,4
191,泡,泡立つ,気泡,きほう,air bubble,572,bubbles,<ruby>気<rt>き</rt></ruby><ruby>泡<rt>ほう</rt></ruby>,4
192,亀,亀裂,亀甲,きっこう,tortoiseshell pattern,573,turtle,<ruby>亀<rt>きっ</rt></ruby><ruby>甲<rt>こう</rt></ruby>,4
193,竜,竜巻,恐竜,きょうりゅう,dinosaur,575,dragon,<ruby>恐<rt>きょう</rt></ruby><ruby>竜<rt>りゅう</rt></ruby>,4
194,滝,滝壺,滝,たき,waterfall,576,waterfall,<ruby>滝<rt>たき</rt></ruby>,4
195,豚,豚肉,養豚,ようとん,pig farming,577,pork,<ruby>養<rt>よう</rt></ruby><ruby>豚<rt>とん</rt></ruby>,4
196,逐,逐語訳,逐次,ちくじ,successively,578,pursue,<ruby>逐<rt>ちく</rt></ruby><ruby>次<rt>じ</rt></ruby>,4
197,遂,遂げる,遂行,すいこう,carrying out,579,consummate,<ruby>遂<rt>すい</rt></ruby><ruby>行<rt>こう</rt></ruby>,4
198,嫁,花嫁,嫁ぐ,とつぐ,to marry into,581,marry_into,<ruby>嫁<rt>とつ</rt></ruby>ぐ,4
199,豪,豪華,豪雨,ごうう,torrential rain,582,overpowering,<ruby>豪<rt>ごう</rt></ruby><ruby>雨<rt>う</rt></ruby>,4
200,詳,詳細,詳しく,くわしく,in detail,589,detailed,<ruby>詳<rt>くわ</rt></ruby>しく,4
201,鮮,新鮮,鮮明,せんめい,vivid / clear,590,fresh,<ruby>鮮<rt>せん</rt></ruby><ruby>明<rt>めい</rt></ruby>,5
202,羨,羨ましい,羨望,せんぼう,envy / admiration,592,envious,<ruby>羨<rt>せん</rt></ruby><ruby>望<rt>ぼう</rt></ruby>,5
203,唯,唯一,唯物論,ゆいぶつろん,materialism,595,solely,<ruby>唯<rt>ゆい</rt></ruby><ruby>物<rt>ぶつ</rt></ruby><ruby>論<rt>ろん</rt></ruby>,5
204,堆,堆積,堆肥,たいひ,compost,596,piled_high,<ruby>堆<rt>たい</rt></ruby><ruby>肥<rt>ひ</rt></ruby>,5
205,椎,椎茸,椎骨,ついこつ,vertebra,597,sweet_oak,<ruby>椎<rt>つい</rt></ruby><ruby>骨<rt>こつ</rt></ruby>,5
206,誰,誰か,誰でも,だれでも,anyone,598,who,<ruby>誰<rt>だれ</rt></ruby>でも,5
207,焦,焦点,焦る,あせる,to panic / hurry,599,char,<ruby>焦<rt>あせ</rt></ruby>る,5
208,礁,岩礁,珊瑚礁,さんごしょう,coral reef,600,reef,<ruby>珊<rt>さん</rt></ruby><ruby>瑚<rt>ご</rt></ruby><ruby>礁<rt>しょう</rt></ruby>,5
209,准,批准,准教授,じゅんきょうじゅ,associate professor,602,quasi,<ruby>准<rt>じゅん</rt></ruby><ruby>教<rt>きょう</rt></ruby><ruby>授<rt>じゅ</rt></ruby>,5
210,雌,雌雄,雌しべ,めしべ,pistil,605,female,<ruby>雌<rt>め</rt></ruby>しべ,5
211,奪,奪う,強奪,ごうだつ,robbery,608,rob,<ruby>強<rt>ごう</rt></ruby><ruby>奪<rt>だつ</rt></ruby>,5
212,歓,歓迎,歓声,かんせい,cheers,612,delight,<ruby>歓<rt>かん</rt></ruby><ruby>声<rt>せい</rt></ruby>,5
213,濯,洗濯,濯ぐ,すすぐ,to rinse,619,laundry,<ruby>濯<rt>すす</rt></ruby>ぐ,5
214,錮,禁錮,禁錮刑,きんこけい,imprisonment sentence,623,weld,<ruby>禁<rt>きん</rt></ruby><ruby>錮<rt>こ</rt></ruby><ruby>刑<rt>けい</rt></ruby>,5
215,姻,婚姻,姻戚,いんせき,relative by marriage,627,matrimony,<ruby>姻<rt>いん</rt></ruby><ruby>戚<rt>せき</rt></ruby>,5
216,咽,咽喉,咽頭,いんとう,pharynx,628,gullet,<ruby>咽<rt>いん</rt></ruby><ruby>頭<rt>とう</rt></ruby>,5
217,壇,祭壇,文壇,ぶんだん,literary world,631,podium,<ruby>文<rt>ぶん</rt></ruby><ruby>壇<rt>だん</rt></ruby>,5
218,床,床の間,床屋,とこや,barber shop,636,bed,<ruby>床<rt>とこ</rt></ruby><ruby>屋<rt>や</rt></ruby>,5
219,麻,麻薬,麻酔,ますい,anesthesia,637,hemp,<ruby>麻<rt>ま</rt></ruby><ruby>酔<rt>すい</rt></ruby>,5
220,磨,磨く,研磨,けんま,polishing,638,grind,<ruby>研<rt>けん</rt></ruby><ruby>磨<rt>ま</rt></ruby>,5
221,恣,恣意,恣意的,しいてき,arbitrary,641,selfish,<ruby>恣<rt>し</rt></ruby><ruby>意<rt>い</rt></ruby><ruby>的<rt>てき</rt></ruby>,5
222,忍,忍者,忍び込む,しのびこむ,to sneak into,642,endure_silently,<ruby>忍<rt>しの</rt></ruby>び<ruby>込<rt>こ</rt></ruby>む,5
223,忌,忌まわしい,忌避,きひ,avoidance,644,mourning,<ruby>忌<rt>き</rt></ruby><ruby>避<rt>ひ</rt></ruby>,5
224,芯,中芯,芯,しん,core,647,core,<ruby>芯<rt>しん</rt></ruby>,5
225,串,串焼き,串刺し,くしざし,skewering,649,skewer,<ruby>串<rt>くし</rt></ruby><ruby>刺<rt>ざ</rt></ruby>し,5
226,患,患者,患う,わずらう,to suffer from illness,650,afflicted,<ruby>患<rt>わずら</rt></ruby>う,5
227,臆,臆病,臆測,おくそく,guesswork,655,cowardice,<ruby>臆<rt>おく</rt></ruby><ruby>測<rt>そく</rt></ruby>,5
228,憩,休憩,憩う,いこう,to rest,658,recess,<ruby>憩<rt>いこ</rt></ruby>う,5
229,恵,恩恵,恵まれる,めぐまれる,to be blessed,659,favor,<ruby>恵<rt>めぐ</rt></ruby>まれる,5
230,恐,恐怖,恐れる,おそれる,to fear,660,fear,<ruby>恐<rt>おそ</rt></ruby>れる,5
231,惑,惑星,惑う,まどう,to be perplexed,661,beguile,<ruby>惑<rt>まど</rt></ruby>う,5
232,憂,憂鬱,憂慮,ゆうりょ,concern,663,melancholy,<ruby>憂<rt>ゆう</rt></ruby><ruby>慮<rt>りょ</rt></ruby>,5
233,寡,寡黙,寡占,かせん,oligopoly,664,widow,<ruby>寡<rt>か</rt></ruby><ruby>占<rt>せん</rt></ruby>,5
234,忙,忙しい,多忙,たぼう,very busy,665,busy,<ruby>多<rt>た</rt></ruby><ruby>忙<rt>ぼう</rt></ruby>,5
235,悦,喜悦,悦ぶ,よろこぶ,to be delighted,666,ecstasy,<ruby>悦<rt>よろこ</rt></ruby>ぶ,5
236,恒,恒例,恒常,こうじょう,constant,667,constancy,<ruby>恒<rt>こう</rt></ruby><ruby>常<rt>じょう</rt></ruby>,5
237,悼,追悼,哀悼,あいとう,mourning,668,lament,<ruby>哀<rt>あい</rt></ruby><ruby>悼<rt>とう</rt></ruby>,5
238,悟,覚悟,悟る,さとる,to realize,669,enlightenment,<ruby>悟<rt>さと</rt></ruby>る,5
239,怖,怖い,恐怖心,きょうふしん,sense of fear,670,dreadful,<ruby>恐<rt>きょう</rt></ruby><ruby>怖<rt>ふ</rt></ruby><ruby>心<rt>しん</rt></ruby>,5
240,慌,慌てる,慌ただしい,あわただしい,hectic,671,disconcerted,<ruby>慌<rt>あわ</rt></ruby>ただしい,5
241,悔,後悔,悔いる,くいる,to regret,672,repent,<ruby>悔<rt>く</rt></ruby>いる,5
242,憎,憎い,憎悪,ぞうお,hatred,673,hate,<ruby>憎<rt>ぞう</rt></ruby><ruby>悪<rt>お</rt></ruby>,5
243,愉,愉快,愉悦,ゆえつ,delight,675,pleasure,<ruby>愉<rt>ゆ</rt></ruby><ruby>悦<rt>えつ</rt></ruby>,5
244,惰,怠惰,惰性,だせい,inertia / habit,676,lazy,<ruby>惰<rt>だ</rt></ruby><ruby>性<rt>せい</rt></ruby>,5
245,慎,慎重,慎む,つつしむ,to be discreet,677,humility,<ruby>慎<rt>つつし</rt></ruby>む,5
246,憾,遺憾,遺憾ながら,いかんながら,regrettably,678,remorse,<ruby>遺<rt>い</rt></ruby><ruby>憾<rt>かん</rt></ruby>ながら,5
247,憶,記憶,憶測,おくそく,speculation,679,recollection,<ruby>憶<rt>おく</rt></ruby><ruby>測<rt>そく</rt></ruby>,5
248,惧,危惧,恐惧,きょうく,fear / dread,680,disquieting,<ruby>恐<rt>きょう</rt></ruby><ruby>惧<rt>く</rt></ruby>,5
249,憧,憧れ,憧れる,あこがれる,to long for,681,desire,<ruby>憧<rt>あこが</rt></ruby>れる,5
250,憬,憧憬,憬れ,あこがれ,yearning,682,long_for,<ruby>憬<rt>あこが</rt></ruby>れ,5
251,慕,慕う,慕情,ぼじょう,longing / affection,683,pining,<ruby>慕<rt>ぼ</rt></ruby><ruby>情<rt>じょう</rt></ruby>,6
252,添,添付,添える,そえる,to add / accompany,684,annexed,<ruby>添<rt>そ</rt></ruby>える,6
253,泌,分泌,泌尿器,ひにょうき,urinary organ,686,ooze,<ruby>泌<rt>ひ</rt></ruby><ruby>尿<rt>にょう</rt></ruby><ruby>器<rt>き</rt></ruby>,6
254,摩,摩擦,摩耗,まもう,wear and tear,689,chafe,<ruby>摩<rt>ま</rt></ruby><ruby>耗<rt>もう</rt></ruby>,6
255,犠,犠牲,犠打,ぎだ,sacrifice bunt,693,sacrifice,<ruby>犠<rt>ぎ</rt></ruby><ruby>打<rt>だ</rt></ruby>,6
256,抹,抹茶,抹消,まっしょう,erasure,694,rub,<ruby>抹<rt>まっ</rt></ruby><ruby>消<rt>しょう</rt></ruby>,6
257,拭,拭く,拭き取る,ふきとる,to wipe off,695,wipe,<ruby>拭<rt>ふ</rt></ruby>き<ruby>取<rt>と</rt></ruby>る,6
258,拉,拉致,拉致問題,らちもんだい,abduction issue,696,yank,<ruby>拉<rt>ら</rt></ruby><ruby>致<rt>ち</rt></ruby><ruby>問<rt>もん</rt></ruby><ruby>題<rt>だい</rt></ruby>,6
259,抱,抱く,抱える,かかえる,to hold / have,697,embrace,<ruby>抱<rt>かか</rt></ruby>える,6
260,搭,搭乗,搭乗券,とうじょうけん,boarding pass,698,board,<ruby>搭<rt>とう</rt></ruby><ruby>乗<rt>じょう</rt></ruby><ruby>券<rt>けん</rt></ruby>,6
261,抄,抄録,抄本,しょうほん,excerpted copy,699,extract,<ruby>抄<rt>しょう</rt></ruby><ruby>本<rt>ほん</rt></ruby>,6
262,抗,抵抗,抗議,こうぎ,protest,700,confront,<ruby>抗<rt>こう</rt></ruby><ruby>議<rt>ぎ</rt></ruby>,6
263,拓,開拓,拓本,たくほん,rubbing (of an inscription),703,clear_land,<ruby>拓<rt>たく</rt></ruby><ruby>本<rt>ほん</rt></ruby>,6
264,拍,拍手,拍子,ひょうし,rhythm / timing,704,clap,<ruby>拍<rt>ひょう</rt></ruby><ruby>子<rt>し</rt></ruby>,6
265,拘,拘束,拘留,こうりゅう,detention,706,arrest,<ruby>拘<rt>こう</rt></ruby><ruby>留<rt>りゅう</rt></ruby>,6
266,拐,誘拐,拐かす,かどわかす,to abduct,708,kidnap,<ruby>拐<rt>かどわ</rt></ruby>かす,6
267,摘,指摘,摘む,つむ,to pick,709,pinch,<ruby>摘<rt>つ</rt></ruby>む,6
268,挑,挑戦,挑む,いどむ,to take on,710,challenge,<ruby>挑<rt>いど</rt></ruby>む,6
269,拶,挨拶,一拶,いっさつ,a brief greeting,713,imminent,<ruby>一<rt>いっ</rt></ruby><ruby>拶<rt>さつ</rt></ruby>,6
270,括,一括,総括,そうかつ,overall summary,714,fasten,<ruby>総<rt>そう</rt></ruby><ruby>括<rt>かつ</rt></ruby>,6
271,揚,揚げる,高揚,こうよう,excitement / uplift,717,hoist,<ruby>高揚<rt>こうよう</rt></ruby>,6
272,拠,証拠,根拠,こんきょ,basis / grounds,722,foothold,<ruby>根拠<rt>こんきょ</rt></ruby>,6
273,描,描く,描写,びょうしゃ,description / depiction,723,sketch,<ruby>描写<rt>びょうしゃ</rt></ruby>,6
274,掲,掲載,掲示,けいじ,notice / posting,726,put_up_notice,<ruby>掲示<rt>けいじ</rt></ruby>,6
275,掛,掛ける,掛け算,かけざん,multiplication,727,hang,<ruby>掛け算<rt>かけざん</rt></ruby>,6
276,捗,捗る,進捗,しんちょく,progress,728,make_headway,<ruby>進捗<rt>しんちょく</rt></ruby>,6
277,戒,警戒,戒め,いましめ,warning / admonition,730,commandment,<ruby>戒め<rt>いましめ</rt></ruby>,6
278,弄,愚弄,弄る,いじる,to fiddle with / tamper with,731,tinker_with,<ruby>弄る<rt>いじる</rt></ruby>,6
279,刑,死刑,刑事,けいじ,detective / criminal,734,punish,<ruby>刑事<rt>けいじ</rt></ruby>,6
280,携,携帯,携わる,たずさわる,to engage in,742,portable,<ruby>携わる<rt>たずさわる</rt></ruby>,6
281,及,言及,及ぼす,およぼす,to exert / have an effect on,743,reach_out,<ruby>及ぼす<rt>およぼす</rt></ruby>,6
282,扱,扱う,取り扱い,とりあつかい,handling / treatment,745,handle,<ruby>取り扱い<rt>とりあつかい</rt></ruby>,6
283,丈,大丈夫,丈夫,じょうぶ,strong / durable,746,length,<ruby>丈夫<rt>じょうぶ</rt></ruby>,6
284,吏,官吏,吏員,りいん,public official,748,officer,<ruby>吏員<rt>りいん</rt></ruby>,6
285,更,変更,更に,さらに,further / moreover,749,further,<ruby>更に<rt>さらに</rt></ruby>,6
286,硬,硬貨,硬い,かたい,hard / stiff,750,stiff,<ruby>硬い<rt>かたい</rt></ruby>,6
287,梗,梗塞,脳梗塞,のうこうそく,cerebral infarction / stroke,751,spiny,<ruby>脳梗塞<rt>のうこうそく</rt></ruby>,6
288,又,又貸し,又は,または,or / alternatively,752,o_again,<ruby>又は<rt>または</rt></ruby>,6
289,双,双子,双方,そうほう,both sides / both parties,753,pair,<ruby>双方<rt>そうほう</rt></ruby>,6
290,桑,桑原,桑の葉,くわのは,mulberry leaf,754,mulberry,<ruby>桑の葉<rt>くわのは</rt></ruby>,6
291,隻,一隻,隻眼,せきがん,one eye / monocular,755,vessels,<ruby>隻眼<rt>せきがん</rt></ruby>,6
292,獲,獲得,獲物,えもの,prey / catch,757,seize,<ruby>獲物<rt>えもの</rt></ruby>,6
293,奴,奴ら,奴隷制,どれいせい,slavery,758,guy,<ruby>奴<rt>ど</rt></ruby><ruby>隷<rt>れい</rt></ruby><ruby>制<rt>せい</rt></ruby>,6
294,怒,怒り,怒鳴る,どなる,to yell / shout angrily,759,angry,<ruby>怒鳴る<rt>どなる</rt></ruby>,6
295,抜,抜く,抜群,ばつぐん,outstanding / exceptional,761,slip_out,<ruby>抜群<rt>ばつぐん</rt></ruby>,6
296,没,没収,没頭,ぼっとう,absorption / immersion,763,drown,<ruby>没頭<rt>ぼっとう</rt></ruby>,6
297,股,股関節,股下,またした,inseam,764,crotch,<ruby>股下<rt>またした</rt></ruby>,6
298,撃,衝撃,目撃,もくげき,witnessing,766,beat,<ruby>目<rt>もく</rt></ruby><ruby>撃<rt>げき</rt></ruby>,6
299,殻,貝殻,殻付き,からつき,in its shell,767,husk,<ruby>殻付き<rt>からつき</rt></ruby>,6
300,肢,四肢,下肢,かし,lower limb,771,limb,<ruby>下肢<rt>かし</rt></ruby>,6
301,茎,地下茎,茎わかめ,くきわかめ,stem wakame seaweed,772,stalk,<ruby>茎わかめ<rt>くきわかめ</rt></ruby>,7
302,怪,怪物,怪しい,あやしい,suspicious / dubious,773,suspicious,<ruby>怪しい<rt>あやしい</rt></ruby>,7
303,叔,叔父,叔母,おば,aunt,775,uncle,<ruby>叔母<rt>おば</rt></ruby>,7
304,督,監督,督促,とくそく,demand / reminder,776,coach,<ruby>督促<rt>とくそく</rt></ruby>,7
305,寂,寂しい,寂れる,さびれる,to become desolate / decline,777,loneliness,<ruby>寂れる<rt>さびれる</rt></ruby>,7
306,淑,淑女,淑やか,しとやか,graceful / demure,778,graceful,<ruby>淑やか<rt>しとやか</rt></ruby>,7
307,販,販売,市販,しはん,commercially available,783,marketing,<ruby>市販<rt>しはん</rt></ruby>,7
308,爪,爪切り,爪痕,つめあと,mark / scar left behind,784,claw,<ruby>爪痕<rt>つめあと</rt></ruby>,7
309,妥,妥当,妥協,だきょう,compromise,785,gentle,<ruby>妥協<rt>だきょう</rt></ruby>,7
310,浮,浮かぶ,浮気,うわき,infidelity / flirting,787,floating,<ruby>浮気<rt>うわき</rt></ruby>,7
311,淫,淫ら,淫行,いんこう,sexual misconduct,788,lewdness,<ruby>淫行<rt>いんこう</rt></ruby>,7
312,奨,奨学金,推奨,すいしょう,recommendation,790,exhort,<ruby>推奨<rt>すいしょう</rt></ruby>,7
313,采,采配,喝采,かっさい,cheers / applause,791,grab,<ruby>喝采<rt>かっさい</rt></ruby>,7
314,曖,曖昧,曖昧さ,あいまいさ,ambiguity,797,unclear,<ruby>曖昧さ<rt>あいまいさ</rt></ruby>,7
315,払,支払う,前払い,まえばらい,advance payment,798,pay,<ruby>前払い<rt>まえばらい</rt></ruby>,7
316,勾,勾留,勾配,こうばい,slope / gradient,800,capture,<ruby>勾配<rt>こうばい</rt></ruby>,7
317,雄,英雄,雄大,ゆうだい,magnificent / grand,804,male,<ruby>雄大<rt>ゆうだい</rt></ruby>,7
318,怠,怠ける,怠慢,たいまん,negligence / laziness,806,neglect,<ruby>怠慢<rt>たいまん</rt></ruby>,7
319,冶,鍛冶,鍛冶屋,かじや,blacksmith,808,metallurgy,<ruby>鍛冶屋<rt>かじや</rt></ruby>,7
320,胎,胎児,胎動,たいどう,fetal movement,810,womb,<ruby>胎動<rt>たいどう</rt></ruby>,7
321,到,到着,到達,とうたつ,arrival / attainment,817,arrival,<ruby>到達<rt>とうたつ</rt></ruby>,7
322,致,一致,致す,いたす,to do (humble),818,bring_about,<ruby>致す<rt>いたす</rt></ruby>,7
323,互,お互い,相互,そうご,mutual / reciprocal,819,mutually,<ruby>相互<rt>そうご</rt></ruby>,7
324,棄,廃棄,放棄,ほうき,abandonment / waiver,820,abandon,<ruby>放棄<rt>ほうき</rt></ruby>,7
325,撤,撤去,撤回,てっかい,withdrawal / retraction,822,remove,<ruby>撤回<rt>てっかい</rt></ruby>,7
326,充,充実,充電,じゅうでん,charging,823,allot,<ruby>充電<rt>じゅうでん</rt></ruby>,7
327,銃,銃器,銃声,じゅうせい,gunshot,824,gun,<ruby>銃<rt>じゅう</rt></ruby><ruby>声<rt>せい</rt></ruby>,7
328,硫,硫黄,硫酸,りゅうさん,sulfuric acid,825,sulfur,<ruby>硫酸<rt>りゅうさん</rt></ruby>,7
329,唆,教唆,示唆,しさ,suggestion / implication,828,tempt,<ruby>示唆<rt>しさ</rt></ruby>,7
330,拙,拙い,拙速,せっそく,hasty / rushed,831,bungling,<ruby>拙速<rt>せっそく</rt></ruby>,7
331,峠,峠道,峠,とうげ,mountain pass / turning point,835,mountain_pass,<ruby>峠<rt>とうげ</rt></ruby>,7
332,崩,崩壊,崩れる,くずれる,to collapse / fall apart,836,crumble,<ruby>崩れる<rt>くずれる</rt></ruby>,7
333,蜜,蜂蜜,蜜月,みつげつ,honeymoon / close relationship,838,honey,<ruby>蜜月<rt>みつげつ</rt></ruby>,7
334,嵐,大嵐,砂嵐,すなあらし,sandstorm,839,storm,<ruby>砂嵐<rt>すなあらし</rt></ruby>,7
335,崖,崖崩れ,崖っぷち,がけっぷち,brink / cliff edge,841,cliff,<ruby>崖っぷち<rt>がけっぷち</rt></ruby>,7
336,込,申し込み,込む,こむ,to be crowded / packed,843,crowded,<ruby>込む<rt>こむ</rt></ruby>,7
337,頒,頒布,頒価,はんか,distribution price,846,partition,<ruby>頒価<rt>はんか</rt></ruby>,7
338,翁,老翁,翁,おきな,elderly man,849,elderly_man,<ruby>翁<rt>おきな</rt></ruby>,7
339,訟,訴訟,民事訴訟,みんじそしょう,civil lawsuit,850,litigation,<ruby>民事訴訟<rt>みんじそしょう</rt></ruby>,7
340,溶,溶ける,溶解,ようかい,dissolution,854,melt,<ruby>溶解<rt>ようかい</rt></ruby>,7
341,裕,余裕,裕福,ゆうふく,well-off / affluent,856,abundant,<ruby>裕福<rt>ゆうふく</rt></ruby>,7
342,鉛,鉛筆,鉛中毒,なまりちゅうどく,lead poisoning,857,lead,<ruby>鉛中毒<rt>なまりちゅうどく</rt></ruby>,7
343,掌,掌握,掌編,しょうへん,short short story,864,manipulate,<ruby>掌編<rt>しょうへん</rt></ruby>,7
344,婆,老婆,お婆さん,おばあさん,grandmother / old woman,867,old_woman,<ruby>お婆さん<rt>おばあさん</rt></ruby>,7
345,披,披露,披露宴,ひろうえん,wedding reception,868,reveal,<ruby>披露宴<rt>ひろうえん</rt></ruby>,7
346,被,被害,被る,かぶる,to put on / suffer,870,incur,<ruby>被る<rt>かぶる</rt></ruby>,7
347,殉,殉職,殉教,じゅんきょう,martyrdom,872,martyrdom,<ruby>殉教<rt>じゅんきょう</rt></ruby>,7
348,殊,特殊,殊に,ことに,especially / particularly,873,particularly,<ruby>殊に<rt>ことに</rt></ruby>,7
349,殖,繁殖,増殖,ぞうしょく,growth / proliferation,874,augment,<ruby>増殖<rt>ぞうしょく</rt></ruby>,7
350,裂,分裂,決裂,けつれつ,breakdown / rupture,876,split,<ruby>決<rt>けつ</rt></ruby><ruby>裂<rt>れつ</rt></ruby>,7
351,烈,猛烈,強烈,きょうれつ,intense / strong,877,ardent,<ruby>強烈<rt>きょうれつ</rt></ruby>,8
352,葬,葬儀,埋葬,まいそう,burial,879,burial,<ruby>埋葬<rt>まいそう</rt></ruby>,8
353,瞬,瞬間,一瞬,いっしゅん,instant / moment,880,wink,<ruby>一瞬<rt>いっしゅん</rt></ruby>,8
354,趣,趣味,興趣,きょうしゅ,interest / appeal,883,gist,<ruby>興<rt>きょう</rt></ruby><ruby>趣<rt>しゅ</rt></ruby>,8
355,撮,撮影,撮る,とる,to take (a photo),885,snapshot,<ruby>撮る<rt>とる</rt></ruby>,8
356,恥,恥ずかしい,恥辱,ちじょく,humiliation / disgrace,886,shame,<ruby>恥辱<rt>ちじょく</rt></ruby>,8
357,敢,勇敢,敢えて,あえて,dare to / deliberately,889,daring,<ruby>敢えて<rt>あえて</rt></ruby>,8
358,聴,聴く,視聴,しちょう,viewing and listening,890,listen,<ruby>視聴<rt>しちょう</rt></ruby>,8
359,懐,懐かしい,懐疑,かいぎ,skepticism / doubt,891,pocket,<ruby>懐疑<rt>かいぎ</rt></ruby>,8
360,慢,自慢,慢性,まんせい,chronic,892,ridicule,<ruby>慢性<rt>まんせい</rt></ruby>,8
361,漫,漫画,漫画家,まんがか,manga artist,893,cartoon,<ruby>漫画家<rt>まんがか</rt></ruby>,8
362,罰,刑罰,罰金,ばっきん,fine / penalty,896,penalty,<ruby>罰金<rt>ばっきん</rt></ruby>,8
363,寧,丁寧,寧ろ,むしろ,rather / instead,897,rather,<ruby>寧ろ<rt>むしろ</rt></ruby>,8
364,濁,濁る,濁点,だくてん,voicing mark,898,voiced,<ruby>濁点<rt>だくてん</rt></ruby>,8
365,環,環境,一環,いっかん,part / link (in a chain),899,ring,<ruby>一<rt>いっ</rt></ruby><ruby>環<rt>かん</rt></ruby>,8
366,還,返還,還元,かんげん,reduction / return,900,send_back,<ruby>還元<rt>かんげん</rt></ruby>,8
367,扶,扶養,扶助,ふじょ,aid / assistance,902,support,<ruby>扶助<rt>ふじょ</rt></ruby>,8
368,渓,渓谷,渓流,けいりゅう,mountain stream,903,mountain_stream,<ruby>渓流<rt>けいりゅう</rt></ruby>,8
369,替,替える,交替,こうたい,taking turns / replacement,905,exchange,<ruby>交替<rt>こうたい</rt></ruby>,8
370,潜,潜水,潜む,ひそむ,to lurk / lie hidden,907,submerge,<ruby>潜む<rt>ひそむ</rt></ruby>,8
371,迭,更迭,交迭,こうてつ,replacement / succession,910,transfer,<ruby>交迭<rt>こうてつ</rt></ruby>,8
372,姫,姫様,歌姫,うたひめ,diva / songstress,912,princess,<ruby>歌姫<rt>うたひめ</rt></ruby>,8
373,賢,賢い,賢明,けんめい,wise / sensible,915,intelligent,<ruby>賢明<rt>けんめい</rt></ruby>,8
374,腎,腎臓,腎不全,じんふぜん,kidney failure,916,kidney,<ruby>腎不全<rt>じんふぜん</rt></ruby>,8
375,堅,堅い,堅実,けんじつ,steady / sound,917,strict,<ruby>堅実<rt>けんじつ</rt></ruby>,8
376,巨,巨大,巨人,きょじん,giant,920,gigantic,<ruby>巨人<rt>きょじん</rt></ruby>,8
377,拒,拒否,拒絶,きょぜつ,rejection / refusal,921,repel,<ruby>拒絶<rt>きょぜつ</rt></ruby>,8
378,募,募集,応募,おうぼ,application / entry,925,recruit,<ruby>応募<rt>おうぼ</rt></ruby>,8
379,劣,劣る,劣化,れっか,deterioration,926,inferiority,<ruby>劣化<rt>れっか</rt></ruby>,8
380,勧,勧める,勧誘,かんゆう,solicitation / invitation,928,persuade,<ruby>勧誘<rt>かんゆう</rt></ruby>,8
381,勃,勃発,勃興,ぼっこう,rise / emergence,930,uprising,<ruby>勃興<rt>ぼっこう</rt></ruby>,8
382,励,励ます,励む,はげむ,to work hard / strive,931,encourage,<ruby>励む<rt>はげむ</rt></ruby>,8
383,架,架空,架ける,かける,to build / span,934,rack,<ruby>架ける<rt>かける</rt></ruby>,8
384,脇,脇役,脇道,わきみち,side road,935,armpit,<ruby>脇道<rt>わきみち</rt></ruby>,8
385,脅,脅迫,脅かす,おびやかす,to threaten / endanger,936,threaten,<ruby>脅かす<rt>おびやかす</rt></ruby>,8
386,征,征服,遠征,えんせい,expedition / road trip,946,subjugate,<ruby>遠征<rt>えんせい</rt></ruby>,8
387,彼,彼女,彼ら,かれら,they / them,948,he,<ruby>彼ら<rt>かれら</rt></ruby>,8
388,徹,徹底,徹夜,てつや,staying up all night,951,penetrate,<ruby>徹夜<rt>てつや</rt></ruby>,8
389,徴,特徴,徴収,ちょうしゅう,collection (of tax or fees),952,indications,<ruby>徴収<rt>ちょうしゅう</rt></ruby>,8
390,懲,懲りる,懲役,ちょうえき,imprisonment with labor,953,penal,<ruby>懲役<rt>ちょうえき</rt></ruby>,8
391,微,微笑,微生物,びせいぶつ,microorganism,954,delicate,<ruby>微<rt>び</rt></ruby><ruby>生<rt>せい</rt></ruby><ruby>物<rt>ぶつ</rt></ruby>,8
392,桁,桁違い,桁,けた,digit place / order of magnitude,956,beam,<ruby>桁<rt>けた</rt></ruby>,8
393,衡,均衡,平衡,へいこう,balance / equilibrium,957,equilibrium,<ruby>平衡<rt>へいこう</rt></ruby>,8
394,稿,原稿,投稿,とうこう,post / submission,958,draft,<ruby>投稿<rt>とうこう</rt></ruby>,8
395,稼,稼ぐ,稼働,かどう,operation / running,959,earnings,<ruby>稼働<rt>かどう</rt></ruby>,8
396,稚,幼稚園,稚拙,ちせつ,immature / crude,962,immature,<ruby>稚拙<rt>ちせつ</rt></ruby>,8
397,愁,憂愁,哀愁,あいしゅう,melancholy / pathos,967,distress,<ruby>哀愁<rt>あいしゅう</rt></ruby>,8
398,秩,秩序,秩序立つ,ちつじょだつ,to become orderly,969,regularity,<ruby>秩序立つ<rt>ちつじょだつ</rt></ruby>,8
399,称,名称,称賛,しょうさん,praise / acclaim,971,appellation,<ruby>称賛<rt>しょうさん</rt></ruby>,8
400,穫,収穫,収穫量,しゅうかくりょう,crop yield,974,harvest,<ruby>収穫量<rt>しゅうかくりょう</rt></ruby>,8
401,穂,穂先,稲穂,いなほ,ear of rice,975,ear_of_plant,<ruby>稲穂<rt>いなほ</rt></ruby>,9
402,稲,稲荷,稲作,いなさく,rice cultivation,976,rice_plant,<ruby>稲作<rt>いなさく</rt></ruby>,9
403,秀,優秀,秀でる,ひいでる,to excel / stand out,980,excel,<ruby>秀でる<rt>ひいでる</rt></ruby>,9
404,透,透明,透ける,すける,to be see-through,981,transparent,<ruby>透ける<rt>すける</rt></ruby>,9
405,誘,誘惑,誘導,ゆうどう,guidance / induction,982,entice,<ruby>誘導<rt>ゆうどう</rt></ruby>,9
406,稽,滑稽,稽古,けいこ,practice; training,983,examine,<ruby>稽古<rt>けいこ</rt></ruby>,9
407,菌,細菌,抗菌,こうきん,antibacterial,985,germ,<ruby>抗菌<rt>こうきん</rt></ruby>,9
408,萎,萎れる,萎縮,いしゅく,atrophy; shrinking back,986,numb,<ruby>萎縮<rt>いしゅく</rt></ruby>,9
409,粘,粘る,粘着,ねんちゃく,adhesion; stickiness,989,sticky,<ruby>粘着<rt>ねんちゃく</rt></ruby>,9
410,粒,粒子,米粒,こめつぶ,grain of rice,990,grains,<ruby>米粒<rt>こめつぶ</rt></ruby>,9
411,粧,化粧,化粧品,けしょうひん,cosmetics,991,cosmetics,<ruby>化粧品<rt>けしょうひん</rt></ruby>,9
412,粋,純粋,抜粋,ばっすい,excerpt,993,chic,<ruby>抜粋<rt>ばっすい</rt></ruby>,9
413,謎,謎々,謎解き,なぞとき,solving a mystery,994,riddle,<ruby>謎解き<rt>なぞとき</rt></ruby>,9
414,糧,食糧,精神的糧,せいしんてきかて,spiritual nourishment,995,provisions,<ruby>精神的糧<rt>せいしんてきかて</rt></ruby>,9
415,菊,菊花,白菊,しらぎく,white chrysanthemum,996,chrysanthemum,<ruby>白菊<rt>しらぎく</rt></ruby>,9
416,奥,奥さん,奥深い,おくぶかい,profound; deep,997,inner,<ruby>奥深い<rt>おくぶかい</rt></ruby>,9
417,楼,楼閣,楼門,ろうもん,tower gate,999,watchtower,<ruby>楼<rt>ろう</rt></ruby><ruby>門<rt>もん</rt></ruby>,9
418,漆,漆器,漆黒,しっこく,jet black,1001,lacquer,<ruby>漆黒<rt>しっこく</rt></ruby>,9
419,膝,膝小僧,膝掛け,ひざかけ,lap blanket,1002,knee,<ruby>膝掛け<rt>ひざかけ</rt></ruby>,9
420,箋,付箋,便箋,びんせん,letter paper,1011,stationery,<ruby>便箋<rt>びんせん</rt></ruby>,9
421,筒,水筒,筒抜け,つつぬけ,leaking out (of a secret),1015,cylinder,<ruby>筒<rt>つつ</rt></ruby><ruby>抜<rt>ぬ</rt></ruby>け,9
422,簿,帳簿,名簿,めいぼ,roster; list of names,1020,register,<ruby>名簿<rt>めいぼ</rt></ruby>,9
423,侶,伴侶,愛侶,あいりょ,beloved companion,1025,partner,<ruby>愛<rt>あい</rt></ruby><ruby>侶<rt>りょ</rt></ruby>,9
424,但,但し,但書き,ただしがき,proviso; qualifying note,1026,however,<ruby>但書き<rt>ただしがき</rt></ruby>,9
425,悠,悠長,悠々自適,ゆうゆうじてき,living a carefree life,1031,permanence,<ruby>悠々自適<rt>ゆうゆうじてき</rt></ruby>,9
426,伏,伏せる,潜伏,せんぷく,hiding; lying low,1035,prostrated,<ruby>潜伏<rt>せんぷく</rt></ruby>,9
427,伎,歌舞伎,歌舞伎座,かぶきざ,Kabuki-za theatre,1040,performing_artist,<ruby>歌舞伎座<rt>かぶきざ</rt></ruby>,9
428,伯,伯父,伯爵,はくしゃく,count; earl,1041,chief,<ruby>伯爵<rt>はくしゃく</rt></ruby>,9
429,俗,風俗,俗語,ぞくご,colloquial expression,1042,vulgar,<ruby>俗語<rt>ぞくご</rt></ruby>,9
430,佳,佳作,佳境,かきょう,climax; best part,1044,excellent,<ruby>佳境<rt>かきょう</rt></ruby>,9
431,依,依頼,依存,いぞん,dependence,1045,reliant,<ruby>依存<rt>いぞん</rt></ruby>,9
432,侍,侍,侍女,じじょ,lady-in-waiting,1050,waiter,<ruby>侍女<rt>じじょ</rt></ruby>,9
433,倣,模倣,倣う,ならう,to imitate; follow an example,1053,emulate,<ruby>倣う<rt>ならう</rt></ruby>,9
434,傲,傲慢,傲慢さ,ごうまんさ,arrogance,1054,arrogance,<ruby>傲慢さ<rt>ごうまんさ</rt></ruby>,9
435,倒,倒れる,圧倒,あっとう,overwhelming; overpowering,1055,overthrow,<ruby>圧倒<rt>あっとう</rt></ruby>,9
436,偵,探偵,偵察,ていさつ,reconnaissance,1056,spy,<ruby>偵察<rt>ていさつ</rt></ruby>,9
437,僧,僧侶,高僧,こうそう,eminent Buddhist priest,1057,buddhist_priest,<ruby>高僧<rt>こうそう</rt></ruby>,9
438,儀,儀式,礼儀,れいぎ,manners; etiquette,1059,ritual,<ruby>礼儀<rt>れいぎ</rt></ruby>,9
439,償,補償,弁償,べんしょう,reimbursement,1060,reparation,<ruby>弁<rt>べん</rt></ruby><ruby>償<rt>しょう</rt></ruby>,9
440,仙,仙人,仙台,せんだい,Sendai,1061,hermit,<ruby>仙台<rt>せんだい</rt></ruby>,9
441,催,開催,主催,しゅさい,sponsorship; organizer,1062,sponsor,<ruby>主催<rt>しゅさい</rt></ruby>,9
442,侮,侮辱,侮る,あなどる,to despise; underestimate,1064,scorn,<ruby>侮る<rt>あなどる</rt></ruby>,9
443,伐,伐採,討伐,とうばつ,subjugation; punitive expedition,1069,fell,<ruby>討伐<rt>とうばつ</rt></ruby>,9
444,褒,褒める,褒美,ほうび,reward,1073,praise,<ruby>褒美<rt>ほうび</rt></ruby>,9
445,傑,傑作,傑出,けっしゅつ,outstanding; exceptional,1074,greatness,<ruby>傑出<rt>けっしゅつ</rt></ruby>,9
446,符,符号,切符,きっぷ,ticket,1076,token,<ruby>切符<rt>きっぷ</rt></ruby>,9
447,袋,手袋,袋詰め,ふくろづめ,bagging; packed in bags,1081,sack,<ruby>袋詰め<rt>ふくろづめ</rt></ruby>,9
448,傾,傾向,傾く,かたむく,to lean; decline,1086,lean,<ruby>傾く<rt>かたむく</rt></ruby>,9
449,俊,俊才,俊敏,しゅんびん,quick; agile,1089,sagacious,<ruby>俊敏<rt>しゅんびん</rt></ruby>,9
450,傍,傍聴,傍ら,かたわら,beside; while doing,1090,bystander,<ruby>傍ら<rt>かたわら</rt></ruby>,9
451,俺,俺,俺たち,おれたち,we; us (masculine),1091,myself,<ruby>俺たち<rt>おれたち</rt></ruby>,10
452,畝,畝,畝幅,うねはば,width of a crop ridge,1093,furrow,<ruby>畝幅<rt>うねはば</rt></ruby>,10
453,囚,囚人,囚われる,とらわれる,to be captured; be obsessed,1094,captured,<ruby>囚われる<rt>とらわれる</rt></ruby>,10
454,丙,甲乙丙,丙午,ひのえうま,year of the Fire Horse,1096,third_class,<ruby>丙午<rt>ひのえうま</rt></ruby>,10
455,柄,人柄,柄物,がらもの,patterned item,1097,design,<ruby>柄物<rt>がらもの</rt></ruby>,10
456,腐,豆腐,腐敗,ふはい,decay; corruption,1099,rot,<ruby>腐敗<rt>ふはい</rt></ruby>,10
457,挫,挫折,挫く,くじく,to sprain; crush,1101,sprain,<ruby>挫く<rt>くじく</rt></ruby>,10
458,傘,傘,傘下,さんか,under an umbrella; under control,1103,umbrella,<ruby>傘下<rt>さんか</rt></ruby>,10
459,併,合併,併用,へいよう,combined use,1107,join,<ruby>併用<rt>へいよう</rt></ruby>,10
460,瓦,瓦礫,瓦屋根,かわらやね,tile roof,1108,tile,<ruby>瓦屋根<rt>かわらやね</rt></ruby>,10
461,瓶,花瓶,瓶詰め,びんづめ,bottling; bottled,1109,flower_pot,<ruby>瓶詰め<rt>びんづめ</rt></ruby>,10
462,膳,御膳,配膳,はいぜん,serving meals,1113,dining_tray,<ruby>配膳<rt>はいぜん</rt></ruby>,10
463,塚,一里塚,貝塚,かいづか,shell mound,1117,hillock,<ruby>貝塚<rt>かいづか</rt></ruby>,10
464,幣,貨幣,紙幣,しへい,banknote,1118,cash,<ruby>紙幣<rt>しへい</rt></ruby>,10
465,蔽,隠蔽,遮蔽,しゃへい,shielding; blocking,1119,cover_over,<ruby>遮蔽<rt>しゃへい</rt></ruby>,10
466,弊,弊害,弊社,へいしゃ,our company (humble),1120,abuse,<ruby>弊社<rt>へいしゃ</rt></ruby>,10
467,喚,喚起,喚問,かんもん,summoning for questioning,1121,yell,<ruby>喚問<rt>かんもん</rt></ruby>,10
468,換,交換,換気,かんき,ventilation,1122,interchange,<ruby>換気<rt>かんき</rt></ruby>,10
469,融,金融,融資,ゆうし,financing; loan,1123,dissolve,<ruby>融資<rt>ゆうし</rt></ruby>,10
470,施,実施,施策,しさく,policy measure,1124,alms,<ruby>施策<rt>しさく</rt></ruby>,10
471,旋,旋律,旋回,せんかい,turning; circling,1125,rotation,<ruby>旋回<rt>せんかい</rt></ruby>,10
472,賜,賜る,賜与,しよ,granting; bestowal,1131,grant,<ruby>賜与<rt>しよ</rt></ruby>,10
473,尿,尿道,尿検査,にょうけんさ,urine test,1132,urine,<ruby>尿検査<rt>にょうけんさ</rt></ruby>,10
474,尼,尼僧,尼寺,あまでら,Buddhist nunnery,1133,nun,<ruby>尼寺<rt>あまでら</rt></ruby>,10
475,尻,尻尾,尻込み,しりごみ,hesitation; hanging back,1134,buttocks,<ruby>尻込み<rt>しりごみ</rt></ruby>,10
476,泥,泥棒,泥酔,でいすい,dead drunk,1135,mud,<ruby>泥酔<rt>でいすい</rt></ruby>,10
477,塀,ブロック塀,塀越し,へいごし,over a wall,1136,brick_wall,<ruby>塀越し<rt>へいごし</rt></ruby>,10
478,履,履歴書,履歴,りれき,personal history; record,1137,footgear,<ruby>履歴<rt>りれき</rt></ruby>,10
479,握,握手,握力,あくりょく,grip strength,1139,grip,<ruby>握<rt>あく</rt></ruby><ruby>力<rt>りょく</rt></ruby>,10
480,屈,理屈,屈折,くっせつ,refraction; complication,1140,yield,<ruby>屈折<rt>くっせつ</rt></ruby>,10
481,掘,掘る,発掘,はっくつ,excavation; discovery,1141,dig,<ruby>発掘<rt>はっくつ</rt></ruby>,10
482,堀,堀川,外堀,そとぼり,outer moat; peripheral issue,1142,ditch,<ruby>外堀<rt>そとぼり</rt></ruby>,10
483,据,据える,据え置き,すえおき,leaving unchanged; deferment,1144,set,<ruby>据え置き<rt>すえおき</rt></ruby>,10
484,裾,裾野,裾上げ,すそあげ,hemming; shortening a hem,1145,hem,<ruby>裾上げ<rt>すそあげ</rt></ruby>,10
485,遅,遅刻,遅延,ちえん,delay,1148,slow,<ruby>遅延<rt>ちえん</rt></ruby>,10
486,漏,漏れる,漏洩,ろうえい,leak; disclosure,1149,leak,<ruby>漏洩<rt>ろうえい</rt></ruby>,10
487,尽,尽くす,尽力,じんりょく,making every effort,1152,exhaust,<ruby>尽力<rt>じんりょく</rt></ruby>,10
488,沢,沢山,光沢,こうたく,luster; gloss,1153,swamp,<ruby>光沢<rt>こうたく</rt></ruby>,10
489,択,選択,二者択一,にしゃたくいつ,choice between two options,1155,choose,<ruby>二者択一<rt>にしゃたくいつ</rt></ruby>,10
490,肩,肩書き,肩こり,かたこり,stiff shoulders,1158,shoulder,<ruby>肩こり<rt>かたこり</rt></ruby>,10
491,房,暖房,冷房,れいぼう,air conditioning,1159,tassel,<ruby>冷房<rt>れいぼう</rt></ruby>,10
492,扇,扇風機,扇子,せんす,folding fan,1160,fan,<ruby>扇子<rt>せんす</rt></ruby>,10
493,炉,暖炉,囲炉裏,いろり,sunken hearth,1161,hearth,<ruby>囲炉裏<rt>いろり</rt></ruby>,10
494,戻,戻る,取り戻す,とりもどす,to regain; recover,1162,revert,<ruby>取り戻す<rt>とりもどす</rt></ruby>,10
495,涙,涙腺,涙目,なみだめ,tearful eyes,1163,tears,<ruby>涙目<rt>なみだめ</rt></ruby>,10
496,雇,雇う,雇用,こよう,employment,1164,employ,<ruby>雇用<rt>こよう</rt></ruby>,10
497,顧,顧客,顧問,こもん,advisor; consultant,1165,look_back,<ruby>顧問<rt>こもん</rt></ruby>,10
498,啓,啓蒙,啓発,けいはつ,awareness raising,1166,disclose,<ruby>啓発<rt>けいはつ</rt></ruby>,10
499,祥,吉祥,不祥事,ふしょうじ,scandal; misconduct,1169,auspicious,<ruby>不祥事<rt>ふしょうじ</rt></ruby>,10
500,祉,福祉,社会福祉,しゃかいふくし,social welfare,1172,welfare,<ruby>社会福祉<rt>しゃかいふくし</rt></ruby>,10
501,尉,尉官,大尉,たいい,captain (military rank),1176,military_officer,<ruby>大尉<rt>たいい</rt></ruby>,11
502,慰,慰める,慰問,いもん,visit to offer comfort,1177,consolation,<ruby>慰問<rt>いもん</rt></ruby>,11
503,款,定款,借款,しゃっかん,loan; borrowing,1178,goodwill,<ruby>借款<rt>しゃっかん</rt></ruby>,11
504,襟,襟元,襟足,えりあし,nape of the neck,1180,collar,<ruby>襟足<rt>えりあし</rt></ruby>,11
505,崇,崇拝,崇高,すうこう,sublime; lofty,1182,adore,<ruby>崇高<rt>すうこう</rt></ruby>,11
506,擦,擦る,擦り傷,すりきず,scrape / abrasion,1185,grate,<ruby>擦<rt>す</rt></ruby>り<ruby>傷<rt>きず</rt></ruby>,11
507,抽,抽選,抽象,ちゅうしょう,abstract,1187,pluck,<ruby>抽象<rt>ちゅうしょう</rt></ruby>,11
508,袖,半袖,袖口,そでぐち,cuff,1189,sleeve,<ruby>袖口<rt>そでぐち</rt></ruby>,11
509,軸,車軸,中軸,ちゅうじく,central axis; core,1193,axis,<ruby>中軸<rt>ちゅうじく</rt></ruby>,11
510,甲,亀の甲,甲板,かんぱん,deck (of a ship),1194,armor,<ruby>甲板<rt>かんぱん</rt></ruby>,11
511,押,押す,押印,おういん,affixing a seal,1195,push,<ruby>押印<rt>おういん</rt></ruby>,11
512,岬,岬,岬巡り,みさきめぐり,touring capes,1196,headland,<ruby>岬巡り<rt>みさきめぐり</rt></ruby>,11
513,挿,挿入,挿絵,さしえ,illustration,1197,insert,<ruby>挿絵<rt>さしえ</rt></ruby>,11
514,伸,伸びる,伸長,しんちょう,growth; extension,1199,expand,<ruby>伸長<rt>しんちょう</rt></ruby>,11
515,捜,捜索,捜査,そうさ,investigation,1201,search,<ruby>捜査<rt>そうさ</rt></ruby>,11
516,菓,菓子,和菓子,わがし,traditional Japanese sweets,1203,confectionery,<ruby>和菓子<rt>わがし</rt></ruby>,11
517,裸,裸足,裸体,らたい,nude body,1205,naked,<ruby>裸体<rt>らたい</rt></ruby>,11
518,斤,斤量,斤売り,きんうり,sold by the kin unit,1206,axe,<ruby>斤売り<rt>きんうり</rt></ruby>,11
519,析,分析,解析,かいせき,analysis; parsing,1207,chop,<ruby>解析<rt>かいせき</rt></ruby>,11
520,祈,祈る,祈願,きがん,prayer; supplication,1209,pray,<ruby>祈願<rt>きがん</rt></ruby>,11
521,哲,哲学,哲理,てつり,philosophical truth,1212,philosophy,<ruby>哲理<rt>てつり</rt></ruby>,11
522,逝,逝去,逝く,ゆく,to pass away,1213,departed,<ruby>逝く<rt>ゆく</rt></ruby>,11
523,誓,誓う,宣誓,せんせい,oath; pledge,1214,vow,<ruby>宣誓<rt>せんせい</rt></ruby>,11
524,斬,斬新,斬首,ざんしゅ,beheading,1215,chop_off,<ruby>斬首<rt>ざんしゅ</rt></ruby>,11
525,暫,暫時,暫定,ざんてい,provisional; temporary,1216,temporarily,<ruby>暫定<rt>ざんてい</rt></ruby>,11
526,漸,漸く,漸進,ぜんしん,gradual progress,1217,steadily,<ruby>漸進<rt>ぜんしん</rt></ruby>,11
527,斥,排斥,斥候,せっこう,scout; reconnaissance soldier,1220,reject,<ruby>斥候<rt>せっこう</rt></ruby>,11
528,訴,告訴,訴える,うったえる,to appeal / sue,1221,sue,<ruby>訴<rt>うった</rt></ruby>える,11
529,詐,詐欺,詐称,さしょう,false claim; misrepresentation,1223,lie,<ruby>詐称<rt>さしょう</rt></ruby>,11
530,尋,尋ねる,尋常,じんじょう,ordinary; usual,1228,inquire,<ruby>尋常<rt>じんじょう</rt></ruby>,11
531,穏,穏やか,穏便,おんびん,peaceful; mild,1230,calm,<ruby>穏便<rt>おんびん</rt></ruby>,11
532,侵,侵略,侵害,しんがい,infringement; violation,1231,encroach,<ruby>侵害<rt>しんがい</rt></ruby>,11
533,浸,浸る,浸水,しんすい,flooding; water intrusion,1232,immersed,<ruby>浸水<rt>しんすい</rt></ruby>,11
534,寝,寝る,寝室,しんしつ,bedroom,1233,lie_down,<ruby>寝室<rt>しんしつ</rt></ruby>,11
535,掃,掃除,掃討,そうとう,mopping up; suppression,1235,sweep,<ruby>掃討<rt>そうとう</rt></ruby>,11
536,彙,語彙,語彙力,ごいりょく,vocabulary ability,1237,glossary,<ruby>語彙力<rt>ごいりょく</rt></ruby>,11
537,浄,浄化,浄水,じょうすい,purified water,1239,clean,<ruby>浄水<rt>じょうすい</rt></ruby>,11
538,唐,唐揚げ,唐突,とうとつ,sudden; abrupt,1241,tang_dynasty,<ruby>唐突<rt>とうとつ</rt></ruby>,11
539,逮,逮捕,逮捕者,たいほしゃ,arrested person,1244,apprehend,<ruby>逮捕者<rt>たいほしゃ</rt></ruby>,11
540,耐,忍耐,耐久,たいきゅう,durability; endurance,1248,endure,<ruby>耐久<rt>たいきゅう</rt></ruby>,11
541,需,需要,必需品,ひつじゅひん,necessity / essential item,1249,necessity,<ruby>必需品<rt>ひつじゅひん</rt></ruby>,11
542,儒,儒教,儒学,じゅがく,Confucian studies,1250,confucian_studies,<ruby>儒学<rt>じゅがく</rt></ruby>,11
543,端,先端,極端,きょくたん,extreme,1251,extreme,<ruby>極端<rt>きょくたん</rt></ruby>,11
544,曹,法曹,曹洞宗,そうとうしゅう,Soto Zen Buddhism,1257,soto_zen,<ruby>曹洞宗<rt>そうとうしゅう</rt></ruby>,11
545,遭,遭遇,遭難,そうなん,distress / accident,1258,distress,<ruby>遭難<rt>そうなん</rt></ruby>,11
546,槽,浴槽,水槽,すいそう,water tank / aquarium,1260,water_tank,<ruby>水槽<rt>すいそう</rt></ruby>,11
547,斗,北斗,漏斗,ろうと,funnel,1261,funnel,<ruby>漏斗<rt>ろうと</rt></ruby>,11
548,庸,凡庸,庸俗,ようぞく,vulgar / commonplace,1266,vulgar,<ruby>庸俗<rt>ようぞく</rt></ruby>,11
549,錯,錯誤,錯覚,さっかく,illusion / mistaken perception,1269,illusion,<ruby>錯覚<rt>さっかく</rt></ruby>,11
550,惜,惜しい,惜別,せきべつ,parting with regret,1271,regretful_parting,<ruby>惜別<rt>せきべつ</rt></ruby>,11
551,措,措置,措辞,そじ,wording / phrasing,1272,wording,<ruby>措辞<rt>そじ</rt></ruby>,12
552,庶,庶民,庶務,しょむ,general affairs,1275,general_affairs,<ruby>庶務<rt>しょむ</rt></ruby>,12
553,遮,遮断,遮光,しゃこう,light blocking,1276,light_blocking,<ruby>遮光<rt>しゃこう</rt></ruby>,12
554,渡,渡る,渡航,とこう,overseas travel,1279,overseas_travel,<ruby>渡航<rt>とこう</rt></ruby>,12
555,奔,奔走,奔放,ほんぽう,unrestrained / free-spirited,1280,unrestrained,<ruby>奔放<rt>ほんぽう</rt></ruby>,12
556,噴,噴火,噴水,ふんすい,fountain,1281,fountain,<ruby>噴水<rt>ふんすい</rt></ruby>,12
557,墳,古墳,墳墓,ふんぼ,burial mound / tomb,1282,burial_mound,<ruby>墳墓<rt>ふんぼ</rt></ruby>,12
558,憤,憤り,憤然,ふんぜん,indignantly,1283,indignation,<ruby>憤<rt>ふん</rt></ruby><ruby>然<rt>ぜん</rt></ruby>,12
559,暁,暁,暁光,ぎょうこう,dawn light,1285,dawn_light,<ruby>暁光<rt>ぎょうこう</rt></ruby>,12
560,伴,伴う,伴奏,ばんそう,musical accompaniment,1287,accompaniment,<ruby>伴奏<rt>ばんそう</rt></ruby>,12
561,畔,湖畔,河畔,かはん,riverside,1288,riverside,<ruby>河畔<rt>かはん</rt></ruby>,12
562,拳,拳銃,拳法,けんぽう,martial arts,1290,martial_arts,<ruby>拳法<rt>けんぽう</rt></ruby>,12
563,圏,圏内,圏外,けんがい,out of range / outside an area,1293,out_of_range,<ruby>圏外<rt>けんがい</rt></ruby>,12
564,藤,藤棚,藤色,ふじいろ,wisteria color,1295,wisteria_color,<ruby>藤色<rt>ふじいろ</rt></ruby>,12
565,謄,謄本,謄写,とうしゃ,copying / transcription,1296,transcription,<ruby>謄写<rt>とうしゃ</rt></ruby>,12
566,乏,貧乏,欠乏,けつぼう,lack / shortage,1300,shortage,<ruby>欠乏<rt>けつぼう</rt></ruby>,12
567,芝,芝生,芝居,しばい,play / acting,1301,play,<ruby>芝居<rt>しばい</rt></ruby>,12
568,杯,乾杯,一杯,いっぱい,one cup / full,1304,one_cup,<ruby>一杯<rt>いっぱい</rt></ruby>,12
569,矯,矯正,矯正歯科,きょうせいしか,orthodontics,1306,orthodontics,<ruby>矯正歯科<rt>きょうせいしか</rt></ruby>,12
570,挨,挨拶,挨拶状,あいさつじょう,letter of greeting,1310,greeting_letter,<ruby>挨拶状<rt>あいさつじょう</rt></ruby>,12
571,矛,矛盾,矛先,ほこさき,point of attack,1311,target_of_attack,<ruby>矛先<rt>ほこさき</rt></ruby>,12
572,柔,柔道,柔和,にゅうわ,gentle / mild,1312,flexible,<ruby>柔<rt>にゅう</rt></ruby><ruby>和<rt>わ</rt></ruby>,12
573,霧,霧雨,霧中,むちゅう,in the mist / uncertainty,1314,in_the_mist,<ruby>霧中<rt>むちゅう</rt></ruby>,12
574,弔,弔問,弔意,ちょうい,condolences,1319,condolences,<ruby>弔意<rt>ちょうい</rt></ruby>,12
575,弥,弥勒,弥生,やよい,Yayoi period / March,1322,yayoi,<ruby>弥生<rt>やよい</rt></ruby>,12
576,溺,溺れる,溺愛,できあい,doting love,1324,doting_love,<ruby>溺愛<rt>できあい</rt></ruby>,12
577,沸,沸騰,沸点,ふってん,boiling point,1325,boiling_point,<ruby>沸点<rt>ふってん</rt></ruby>,12
578,巧,巧妙,巧拙,こうせつ,skillfulness and clumsiness,1329,skillfulness,<ruby>巧拙<rt>こうせつ</rt></ruby>,12
579,朽,不朽,老朽,ろうきゅう,aging / deterioration,1331,deterioration,<ruby>老朽<rt>ろうきゅう</rt></ruby>,12
580,誇,誇る,誇張,こちょう,exaggeration,1332,exaggeration,<ruby>誇張<rt>こちょう</rt></ruby>,12
581,顎,顎,顎関節,がくかんせつ,jaw joint,1333,jaw_joint,<ruby>顎関節<rt>がくかんせつ</rt></ruby>,12
582,汚,汚い,汚染,おせん,pollution / contamination,1334,pollution,<ruby>汚染<rt>おせん</rt></ruby>,12
583,与,与える,参与,さんよ,participation,1335,participation,<ruby>参与<rt>さんよ</rt></ruby>,12
584,拷,拷問,拷問官,ごうもんかん,torturer / interrogator,1344,torturer,<ruby>拷問官<rt>ごうもんかん</rt></ruby>,12
585,煮,煮る,煮物,にもの,simmered dish,1346,simmered_dish,<ruby>煮物<rt>にもの</rt></ruby>,12
586,箸,割り箸,箸置き,はしおき,chopstick rest,1348,chopstick_rest,<ruby>箸置き<rt>はしおき</rt></ruby>,12
587,賭,賭け,賭博,とばく,gambling,1354,gambling,<ruby>賭博<rt>とばく</rt></ruby>,12
588,峡,海峡,峡谷,きょうこく,gorge / canyon,1355,gorge,<ruby>峡谷<rt>きょうこく</rt></ruby>,12
589,狭,狭い,狭義,きょうぎ,narrow sense,1356,narrow_sense,<ruby>狭義<rt>きょうぎ</rt></ruby>,12
590,挟,挟む,挟撃,きょうげき,pincer attack,1357,pincer_attack,<ruby>挟撃<rt>きょうげき</rt></ruby>,12
591,帥,元帥,統帥,とうすい,supreme command,1362,supreme_command,<ruby>統帥<rt>とうすい</rt></ruby>,12
592,棺,棺桶,棺内,かんない,inside a coffin,1364,inside_coffin,<ruby>棺内<rt>かんない</rt></ruby>,12
593,釜,釜飯,釜揚げ,かまあげ,freshly boiled,1367,freshly_boiled,<ruby>釜揚げ<rt>かまあげ</rt></ruby>,12
594,較,比較,比較的,ひかくてき,comparatively,1370,comparatively,<ruby>比較的<rt>ひかくてき</rt></ruby>,12
595,促,促進,促す,うながす,to urge / prompt,1373,urge,<ruby>促す<rt>うながす</rt></ruby>,12
596,捉,捉える,捉え方,とらえかた,way of perceiving,1374,perspective,<ruby>捉え方<rt>とらえかた</rt></ruby>,12
597,距,距離,距離感,きょりかん,sense of distance,1375,sense_of_distance,<ruby>距離感<rt>きょりかん</rt></ruby>,12
598,露,露出,露店,ろてん,street stall,1377,street_stall,<ruby>露店<rt>ろてん</rt></ruby>,12
599,跳,跳躍,跳ねる,はねる,to jump / bounce,1378,bounce,<ruby>跳ねる<rt>はねる</rt></ruby>,12
600,躍,活躍,躍進,やくしん,rapid advance,1379,rapid_advance,<ruby>躍進<rt>やくしん</rt></ruby>,12
601,践,実践,実践的,じっせんてき,practical,1380,practical,<ruby>実践的<rt>じっせんてき</rt></ruby>,13
602,踏,踏む,踏切,ふみきり,railroad crossing,1381,railroad_crossing,<ruby>踏切<rt>ふみきり</rt></ruby>,13
603,踪,失踪,行踪,ぎょうしょう,whereabouts,1382,whereabouts,<ruby>行踪<rt>ぎょうしょう</rt></ruby>,13
604,滑,滑る,円滑,えんかつ,smooth / harmonious,1384,comical,<ruby>円<rt>えん</rt></ruby><ruby>滑<rt>かつ</rt></ruby>,13
605,髄,骨髄,脊髄,せきずい,spinal cord,1385,spinal_cord,<ruby>脊髄<rt>せきずい</rt></ruby>,13
606,禍,禍根,災禍,さいか,disaster / calamity,1386,calamity,<ruby>災禍<rt>さいか</rt></ruby>,13
607,渦,渦巻き,渦潮,うずしお,tidal whirlpool,1387,tidal_whirlpool,<ruby>渦潮<rt>うずしお</rt></ruby>,13
608,鍋,土鍋,鍋料理,なべりょうり,hot-pot dish,1388,hot_pot,<ruby>鍋料理<rt>なべりょうり</rt></ruby>,13
609,隙,隙間,間隙,かんげき,gap / opening,1394,gap,<ruby>間隙<rt>かんげき</rt></ruby>,13
610,随,随分,随時,ずいじ,as needed / at any time,1395,as_needed,<ruby>随時<rt>ずいじ</rt></ruby>,13
611,陪,陪審,陪席,ばいせき,attendance as an accompanying official,1396,attendance,<ruby>陪席<rt>ばいせき</rt></ruby>,13
612,陳,陳列,陳述,ちんじゅつ,statement / testimony,1398,statement,<ruby>陳述<rt>ちんじゅつ</rt></ruby>,13
613,附,附属,附則,ふそく,supplementary provisions,1400,supplementary_provisions,<ruby>附則<rt>ふそく</rt></ruby>,13
614,陣,陣地,陣痛,じんつう,labor pains,1402,labor_pains,<ruby>陣痛<rt>じんつう</rt></ruby>,13
615,墜,墜落,墜死,ついし,death from a fall,1404,fall_death,<ruby>墜死<rt>ついし</rt></ruby>,13
616,隣,隣人,隣接,りんせつ,adjacency,1408,adjacency,<ruby>隣接<rt>りんせつ</rt></ruby>,13
617,隔,間隔,隔離,かくり,isolation,1409,isolation,<ruby>隔離<rt>かくり</rt></ruby>,13
618,隠,隠す,隠居,いんきょ,retirement from public life,1410,retirement,<ruby>隠居<rt>いんきょ</rt></ruby>,13
619,堕,堕落,堕胎,だたい,abortion,1411,abortion,<ruby>堕胎<rt>だたい</rt></ruby>,13
620,陥,陥る,陥没,かんぼつ,cave-in / subsidence,1412,cave_in,<ruby>陥没<rt>かんぼつ</rt></ruby>,13
621,控,控える,控除,こうじょ,deduction,1415,deduction,<ruby>控除<rt>こうじょ</rt></ruby>,13
622,突,突然,突入,とつにゅう,entry / rushing into,1416,rush_in,<ruby>突入<rt>とつにゅう</rt></ruby>,13
623,窒,窒素,窒息,ちっそく,suffocation,1418,suffocation,<ruby>窒息<rt>ちっそく</rt></ruby>,13
624,窃,窃盗,窃盗団,せっとうだん,gang of thieves,1419,theft_ring,<ruby>窃盗団<rt>せっとうだん</rt></ruby>,13
625,窟,岩窟,巣窟,そうくつ,den / hideout,1420,cave,<ruby>巣<rt>そう</rt></ruby><ruby>窟<rt>くつ</rt></ruby>,13
626,搾,搾取,搾乳,さくにゅう,milking,1422,milking,<ruby>搾乳<rt>さくにゅう</rt></ruby>,13
627,窯,窯元,窯業,ようぎょう,ceramics industry,1423,ceramics_industry,<ruby>窯業<rt>ようぎょう</rt></ruby>,13
628,窮,窮屈,窮地,きゅうち,predicament,1424,predicament,<ruby>窮地<rt>きゅうち</rt></ruby>,13
629,丘,丘陵,砂丘,さきゅう,sand dune,1427,sand_dune,<ruby>砂丘<rt>さきゅう</rt></ruby>,13
630,岳,山岳,岳人,がくじん,mountaineer,1428,mountaineer,<ruby>岳人<rt>がくじん</rt></ruby>,13
631,浜,浜辺,浜焼き,はまやき,grilled seafood,1430,grilled_seafood,<ruby>浜焼き<rt>はまやき</rt></ruby>,13
632,繕,繕う,修繕,しゅうぜん,repair / maintenance,1433,repair,<ruby>修繕<rt>しゅうぜん</rt></ruby>,13
633,繁,繁栄,繁盛,はんじょう,prosperity (of a business),1435,frequent,<ruby>繁<rt>はん</rt></ruby><ruby>盛<rt>じょう</rt></ruby>,13
634,緻,緻密,精緻,せいち,elaborate / finely detailed,1437,finely_detailed,<ruby>精緻<rt>せいち</rt></ruby>,13
635,綻,破綻,綻びる,ほころびる,to come apart / show a flaw,1439,come_apart,<ruby>綻びる<rt>ほころびる</rt></ruby>,13
636,締,締める,締結,ていけつ,conclusion (of an agreement),1440,conclusion,<ruby>締結<rt>ていけつ</rt></ruby>,13
637,維,維持,維新,いしん,restoration / reform,1441,fiber,<ruby>維<rt>い</rt></ruby><ruby>新<rt>しん</rt></ruby>,13
638,羅,羅列,羅針盤,らしんばん,compass,1442,compass,<ruby>羅針盤<rt>らしんばん</rt></ruby>,13
639,緒,一緒,緒論,しょろん,introduction / preface,1444,introduction,<ruby>緒論<rt>しょろん</rt></ruby>,13
640,絞,絞る,絞り込み,しぼりこみ,narrowing down / filtering,1448,filtering,<ruby>絞り込み<rt>しぼりこみ</rt></ruby>,13
641,絡,絡む,連絡,れんらく,contact / communication,1450,contact,<ruby>連絡<rt>れんらく</rt></ruby>,13
642,紡,紡績,紡ぐ,つむぐ,to spin / weave,1457,spin,<ruby>紡ぐ<rt>つむぐ</rt></ruby>,13
643,紛,紛失,紛争,ふんそう,conflict / dispute,1458,conflict,<ruby>紛争<rt>ふんそう</rt></ruby>,13
644,紹,紹介,紹介状,しょうかいじょう,letter of introduction,1459,letter_of_introduction,<ruby>紹介状<rt>しょうかいじょう</rt></ruby>,13
645,紳,紳士,紳士服,しんしふく,men's clothing,1461,mens_clothing,<ruby>紳士服<rt>しんしふく</rt></ruby>,13
646,累,累計,累積,るいせき,accumulation,1464,accumulation,<ruby>累積<rt>るいせき</rt></ruby>,13
647,索,索引,思索,しさく,contemplation,1465,search,<ruby>思<rt>し</rt></ruby><ruby>索<rt>さく</rt></ruby>,13
648,繰,繰り返す,繰越,くりこし,carryover,1469,carryover,<ruby>繰越<rt>くりこし</rt></ruby>,13
649,継,継続,継承,けいしょう,inheritance / succession,1470,inheritance,<ruby>継承<rt>けいしょう</rt></ruby>,13
650,縁,縁側,縁起,えんぎ,auspicious omen,1472,auspicious_omen,<ruby>縁起<rt>えんぎ</rt></ruby>,13
651,網,網膜,網戸,あみど,screen door,1473,screen_door,<ruby>網戸<rt>あみど</rt></ruby>,14
652,緊,緊張,緊急,きんきゅう,emergency,1474,emergency,<ruby>緊急<rt>きんきゅう</rt></ruby>,14
653,紫,紫色,紫外線,しがいせん,ultraviolet rays,1475,ultraviolet,<ruby>紫外線<rt>しがいせん</rt></ruby>,14
654,縛,縛る,束縛,そくばく,restraint / restriction,1476,restraint,<ruby>束縛<rt>そくばく</rt></ruby>,14
655,幽,幽霊,幽閉,ゆうへい,confinement,1480,confinement,<ruby>幽閉<rt>ゆうへい</rt></ruby>,14
656,幾,幾ら,幾分,いくぶん,somewhat,1481,somewhat,<ruby>幾分<rt>いくぶん</rt></ruby>,14
657,畿,近畿,畿内,きない,ancient capital region,1483,ancient_capital_region,<ruby>畿内<rt>きない</rt></ruby>,14
658,玄,玄関,玄米,げんまい,brown rice,1484,brown_rice,<ruby>玄米<rt>げんまい</rt></ruby>,14
659,畜,家畜,畜産,ちくさん,livestock farming,1485,livestock_farming,<ruby>畜産<rt>ちくさん</rt></ruby>,14
660,蓄,貯蓄,蓄積,ちくせき,accumulation,1486,accumulation,<ruby>蓄積<rt>ちくせき</rt></ruby>,14
661,弦,弦楽器,弦楽,げんがく,string music,1487,string_music,<ruby>弦楽<rt>げんがく</rt></ruby>,14
662,擁,擁護,擁立,ようりつ,supporting a candidate,1488,endorsement,<ruby>擁立<rt>ようりつ</rt></ruby>,14
663,慈,慈善,慈愛,じあい,compassionate love,1490,compassion,<ruby>慈愛<rt>じあい</rt></ruby>,14
664,懸,懸命,懸賞,けんしょう,prize / prize competition,1495,prize,<ruby>懸賞<rt>けんしょう</rt></ruby>,14
665,遜,謙遜,遜色,そんしょく,inferiority / difference in quality,1496,inferiority,<ruby>遜色<rt>そんしょく</rt></ruby>,14
666,却,却下,売却,ばいきゃく,sale / disposal,1497,sale,<ruby>売却<rt>ばいきゃく</rt></ruby>,14
667,脚,脚本,脚注,きゃくちゅう,footnote,1498,footnote,<ruby>脚注<rt>きゃくちゅう</rt></ruby>,14
668,卸,卸売,卸値,おろしね,wholesale price,1499,wholesale_price,<ruby>卸値<rt>おろしね</rt></ruby>,14
669,御,御飯,御中,おんちゅう,to the addressee (honorific),1500,addressee_honorific,<ruby>御中<rt>おんちゅう</rt></ruby>,14
670,零,零下,零細,れいさい,very small-scale,1504,small_scale,<ruby>零細<rt>れいさい</rt></ruby>,14
671,齢,年齢,高齢,こうれい,advanced age,1505,advanced_age,<ruby>高齢<rt>こうれい</rt></ruby>,14
672,鈴,風鈴,鈴虫,すずむし,bell cricket,1508,bell_cricket,<ruby>鈴虫<rt>すずむし</rt></ruby>,14
673,湧,湧く,湧水,ゆうすい,spring water,1510,spring_water,<ruby>湧水<rt>ゆうすい</rt></ruby>,14
674,踊,踊る,踊り場,おどりば,stair landing,1512,stair_landing,<ruby>踊り場<rt>おどりば</rt></ruby>,14
675,擬,擬態,擬似,ぎじ,pseudo- / simulated,1514,pseudo,<ruby>擬似<rt>ぎじ</rt></ruby>,14
676,凝,凝固,凝縮,ぎょうしゅく,condensation / contraction,1515,congeal,<ruby>凝縮<rt>ぎょうしゅく</rt></ruby>,14
677,範,範囲,範例,はんれい,model / example,1516,pattern,<ruby>範例<rt>はんれい</rt></ruby>,14
678,氾,氾濫,氾濫原,はんらんげん,floodplain,1518,to_overflow,<ruby>氾濫原<rt>はんらんげん</rt></ruby>,14
679,厄,厄介,厄年,やくどし,unlucky year,1519,unlucky,<ruby>厄年<rt>やくどし</rt></ruby>,14
680,宛,宛名,宛先,あてさき,address / destination,1521,addressed_to,<ruby>宛先<rt>あてさき</rt></ruby>,14
681,腕,腕力,腕時計,うでどけい,wristwatch,1522,arm,<ruby>腕時計<rt>うでどけい</rt></ruby>,14
682,怨,怨み,怨恨,えんこん,grudge / resentment,1524,grudge,<ruby>怨恨<rt>えんこん</rt></ruby>,14
683,柳,川柳,柳葉魚,ししゃも,Japanese smelt,1525,willow,<ruby>柳葉魚<rt>ししゃも</rt></ruby>,14
684,瑠,瑠璃,瑠璃色,るりいろ,lapis-blue color,1528,marine_blue,<ruby>瑠璃色<rt>るりいろ</rt></ruby>,14
685,臼,臼歯,臼状,きゅうじょう,molar-shaped,1531,mortar,<ruby>臼状<rt>きゅうじょう</rt></ruby>,14
686,毀,毀損,毀誉,きよ,praise and blame,1532,break,<ruby>毀誉<rt>きよ</rt></ruby>,14
687,酌,酌む,酌量,しゃくりょう,consideration / allowance,1536,bartending,<ruby>酌量<rt>しゃくりょう</rt></ruby>,14
688,酎,焼酎,酎ハイ,ちゅうはい,shochu highball,1537,alcohol,<ruby>酎<rt>ちゅう</rt></ruby><ruby>ハイ<rt>はい</rt></ruby>,14
689,酵,酵素,発酵,はっこう,fermentation,1538,fermentation,<ruby>発酵<rt>はっこう</rt></ruby>,14
690,酷,残酷,酷使,こくし,overuse / exploitation,1539,cruel,<ruby>酷使<rt>こくし</rt></ruby>,14
691,酬,報酬,酬いる,むくいる,to repay / reward,1540,repay,<ruby>酬いる<rt>むくいる</rt></ruby>,14
692,酪,酪農,乳酪,にゅうらく,dairy products,1541,dairy,<ruby>乳酪<rt>にゅうらく</rt></ruby>,14
693,酢,酢の物,酢酸,さくさん,acetic acid,1542,vinegar,<ruby>酢酸<rt>さくさん</rt></ruby>,14
694,酔,酔っ払い,酔う,よう,to get drunk,1543,drunk,<ruby>酔う<rt>よう</rt></ruby>,14
695,猶,猶予,猶予期間,ゆうよきかん,grace period,1546,still,<ruby>猶予期間<rt>ゆうよきかん</rt></ruby>,14
696,鼓,太鼓,鼓動,こどう,heartbeat / pulse,1552,drum,<ruby>鼓動<rt>こどう</rt></ruby>,14
697,盆,盆踊り,盆栽,ぼんさい,bonsai,1557,basin,<ruby>盆栽<rt>ぼんさい</rt></ruby>,14
698,盗,盗む,盗難,とうなん,theft,1559,steal,<ruby>盗難<rt>とうなん</rt></ruby>,14
699,蓋,蓋物,蓋然性,がいぜんせい,probability / likelihood,1561,lid,<ruby>蓋然性<rt>がいぜんせい</rt></ruby>,14
700,監,監視,監獄,かんごく,prison,1562,oversee,<ruby>監<rt>かん</rt></ruby><ruby>獄<rt>ごく</rt></ruby>,14
701,濫,濫用,粗製濫造,そせいらんぞう,mass production of poor-quality goods,1563,excessive,<ruby>粗製濫造<rt>そせいらんぞう</rt></ruby>,15
702,鑑,鑑定,鑑賞,かんしょう,appreciation (of art),1564,specimen,<ruby>鑑賞<rt>かんしょう</rt></ruby>,15
703,藍,藍染,藍色,あいいろ,indigo blue,1565,indigo,<ruby>藍色<rt>あいいろ</rt></ruby>,15
704,猛,猛暑,猛獣,もうじゅう,fierce animal,1566,fierce,<ruby>猛獣<rt>もうじゅう</rt></ruby>,15
705,恨,痛恨,恨み,うらみ,resentment / grudge,1570,resentment,<ruby>恨み<rt>うらみ</rt></ruby>,15
706,即,即答,即座,そくざ,immediately,1572,instant,<ruby>即座<rt>そくざ</rt></ruby>,15
707,爵,爵位,男爵,だんしゃく,baron,1573,baron,<ruby>男爵<rt>だんしゃく</rt></ruby>,15
708,浪,浪人,浪費,ろうひ,wasteful spending,1580,wandering,<ruby>浪費<rt>ろうひ</rt></ruby>,15
709,娘,一人娘,娘婿,むすめむこ,son-in-law,1581,daughter,<ruby>娘婿<rt>むすめむこ</rt></ruby>,15
710,飢,飢餓,飢饉,ききん,famine,1585,hungry,<ruby>飢饉<rt>ききん</rt></ruby>,15
711,餓,餓死,餓鬼,がき,hungry ghost / brat,1586,starve,<ruby>餓鬼<rt>がき</rt></ruby>,15
712,飾,飾る,装飾,そうしょく,decoration / ornament,1587,decorate,<ruby>装飾<rt>そうしょく</rt></ruby>,15
713,餌,餌食,餌やり,えさやり,feeding (animals),1588,feed,<ruby>餌<rt>えさ</rt></ruby><ruby>やり<rt>やり</rt></ruby>,15
714,餅,餅,餅つき,もちつき,mochi pounding,1590,mochi,<ruby>餅<rt>もち</rt></ruby><ruby>つき<rt>つき</rt></ruby>,15
715,飽,飽きる,飽和,ほうわ,saturation,1592,sated,<ruby>飽和<rt>ほうわ</rt></ruby>,15
716,既,既に,既存,きそん,existing / established,1593,previously,<ruby>既存<rt>きそん</rt></ruby>,15
717,概,概念,概要,がいよう,outline / overview,1594,outline,<ruby>概要<rt>がいよう</rt></ruby>,15
718,慨,憤慨,感慨,かんがい,deep emotion / reflection,1595,rue,<ruby>感慨<rt>かんがい</rt></ruby>,15
719,坪,坪数,坪庭,つぼにわ,small courtyard garden,1598,two_mats,<ruby>坪庭<rt>つぼにわ</rt></ruby>,15
720,刈,刈る,刈込,かりこみ,trimmed hedge / pruning,1600,reap,<ruby>刈込<rt>かりこみ</rt></ruby>,15
721,刹,刹那,刹那的,せつなてき,momentary / fleeting,1601,buddhist_temple,<ruby>刹那的<rt>せつなてき</rt></ruby>,15
722,凶,凶器,凶悪,きょうあく,heinous / atrocious,1603,villain,<ruby>凶悪<rt>きょうあく</rt></ruby>,15
723,離,離婚,離陸,りりく,takeoff,1605,detach,<ruby>離陸<rt>りりく</rt></ruby>,15
724,璃,玻璃,瑠璃製,るりせい,made of lapis lazuli,1606,glassy,<ruby>瑠璃製<rt>るりせい</rt></ruby>,15
725,爽,爽やか,爽快,そうかい,refreshing / exhilarating,1608,bracing,<ruby>爽快<rt>そうかい</rt></ruby>,15
726,頓,頓服,頓挫,とんざ,setback / deadlock,1610,immediate,<ruby>頓挫<rt>とんざ</rt></ruby>,15
727,鈍,鈍い,鈍感,どんかん,insensitive / dull,1611,dull,<ruby>鈍感<rt>どんかん</rt></ruby>,15
728,辛,辛い,辛抱,しんぼう,patience / endurance,1612,spicy,<ruby>辛抱<rt>しんぼう</rt></ruby>,15
729,宰,主宰,宰相,さいしょう,prime minister / chancellor,1615,superintend,<ruby>宰相<rt>さいしょう</rt></ruby>,15
730,壁,壁紙,壁際,かべぎわ,by the wall,1616,wall,<ruby>壁際<rt>かべぎわ</rt></ruby>,15
731,璧,完璧,双璧,そうへき,two outstanding figures,1617,gem,<ruby>双璧<rt>そうへき</rt></ruby>,15
732,避,避難,避ける,さける,to avoid,1618,evade,<ruby>避ける<rt>さける</rt></ruby>,15
733,薪,薪割り,薪ストーブ,まきストーブ,wood-burning stove,1620,firewood,<ruby>薪<rt>まき</rt></ruby><ruby>ストーブ<rt>すとーぶ</rt></ruby>,15
734,執,執着,執行,しっこう,enforcement / execution,1623,tenacious,<ruby>執行<rt>しっこう</rt></ruby>,15
735,摯,真摯,摯友,しゆう,close friend,1624,clasp,<ruby>摯友<rt>しゆう</rt></ruby>,15
736,叫,叫ぶ,絶叫,ぜっきょう,scream / shout,1626,shout,<ruby>絶叫<rt>ぜっきょう</rt></ruby>,15
737,糾,糾弾,糾明,きゅうめい,investigation / clarification,1627,twist,<ruby>糾明<rt>きゅうめい</rt></ruby>,15
738,卑,卑劣,卑下,ひげ,self-deprecation,1629,lowly,<ruby>卑下<rt>ひげ</rt></ruby>,15
739,碑,石碑,記念碑,きねんひ,monument,1630,tombstone,<ruby>記念碑<rt>きねんひ</rt></ruby>,15
740,睦,和睦,睦月,むつき,January (old calendar name),1632,intimate,<ruby>睦月<rt>むつき</rt></ruby>,15
741,陵,陵墓,山陵,さんりょう,imperial mausoleum / hills,1636,mausoleum,<ruby>山<rt>さん</rt></ruby><ruby>陵<rt>りょう</rt></ruby>,15
742,核,核兵器,核心,かくしん,core / essence,1638,nucleus,<ruby>核心<rt>かくしん</rt></ruby>,15
743,該,該当,当該,とうがい,the relevant / concerned,1640,above_stated,<ruby>当該<rt>とうがい</rt></ruby>,15
744,骸,残骸,骸骨,がいこつ,skeleton,1641,remains,<ruby>骸骨<rt>がいこつ</rt></ruby>,15
745,劾,弾劾,糾劾,きゅうがい,denunciation / accusation,1642,censure,<ruby>糾劾<rt>きゅうがい</rt></ruby>,15
746,塞,閉塞,塞ぐ,ふさぐ,to block / close,1646,obstruct,<ruby>塞ぐ<rt>ふさぐ</rt></ruby>,15
747,醸,醸造,醸成,じょうせい,fostering / development,1647,brew,<ruby>醸成<rt>じょうせい</rt></ruby>,15
748,譲,譲る,譲渡,じょうと,transfer / assignment,1648,defer,<ruby>譲渡<rt>じょうと</rt></ruby>,15
749,壌,土壌,壌土,じょうど,loam / soil,1649,lot,<ruby>壌土<rt>じょうど</rt></ruby>,15
750,嬢,お嬢さん,令嬢,れいじょう,young lady / daughter,1650,lass,<ruby>令嬢<rt>れいじょう</rt></ruby>,15
751,請,請求,申請,しんせい,application / request,1656,solicit,<ruby>申請<rt>しんせい</rt></ruby>,16
752,債,債務,国債,こくさい,government bond,1664,bond,<ruby>国債<rt>こくさい</rt></ruby>,16
753,漬,漬物,漬ける,つける,to pickle / soak,1665,pickling,<ruby>漬ける<rt>つける</rt></ruby>,16
754,契,契約,契機,けいき,opportunity / turning point,1669,pledge,<ruby>契機<rt>けいき</rt></ruby>,16
755,喫,喫茶店,満喫,まんきつ,to fully enjoy,1670,consume,<ruby>満喫<rt>まんきつ</rt></ruby>,16
756,轄,管轄,直轄,ちょっかつ,direct control / jurisdiction,1672,jurisdiction,<ruby>直轄<rt>ちょっかつ</rt></ruby>,16
757,醒,覚醒,醒める,さめる,to sober up / awaken,1677,awakening,<ruby>醒める<rt>さめる</rt></ruby>,16
758,姓,姓名,旧姓,きゅうせい,former surname,1678,surname,<ruby>旧姓<rt>きゅうせい</rt></ruby>,16
759,牲,犠牲者,犠牲心,ぎせいしん,spirit of self-sacrifice,1680,animal_sacrifice,<ruby>犠<rt>ぎ</rt></ruby><ruby>牲<rt>せい</rt></ruby><ruby>心<rt>しん</rt></ruby>,16
760,隆,隆盛,隆起,りゅうき,uplift / rise,1682,hump,<ruby>隆起<rt>りゅうき</rt></ruby>,16
761,峰,高峰,連峰,れんぽう,mountain range,1683,summit,<ruby>連峰<rt>れんぽう</rt></ruby>,16
762,蜂,蜂の巣,蜂起,ほうき,uprising,1684,bee,<ruby>蜂<rt>ほう</rt></ruby><ruby>起<rt>き</rt></ruby>,16
763,縫,縫う,縫製,ほうせい,sewing / garment making,1685,sew,<ruby>縫製<rt>ほうせい</rt></ruby>,16
764,寿,寿司,長寿,ちょうじゅ,longevity,1687,longevity,<ruby>長寿<rt>ちょうじゅ</rt></ruby>,16
765,鋳,鋳造,鋳物,いもの,cast metalware,1688,casting,<ruby>鋳物<rt>いもの</rt></ruby>,16
766,籍,書籍,国籍,こくせき,nationality,1689,enroll,<ruby>国籍<rt>こくせき</rt></ruby>,16
767,泰,安泰,泰然,たいぜん,calm / composed,1692,peaceful,<ruby>泰然<rt>たいぜん</rt></ruby>,16
768,奉,奉仕,奉る,たてまつる,to offer respectfully,1695,dedicate,<ruby>奉る<rt>たてまつる</rt></ruby>,16
769,俸,俸給,年俸,ねんぽう,annual salary,1696,stipend,<ruby>年俸<rt>ねんぽう</rt></ruby>,16
770,謹,謹んで,謹慎,きんしん,self-restraint / suspension,1698,discreet,<ruby>謹慎<rt>きんしん</rt></ruby>,16
771,僅,僅か,僅少,きんしょう,very small quantity,1699,trifle,<ruby>僅少<rt>きんしょう</rt></ruby>,16
772,嘆,嘆く,嘆願,たんがん,petition / plea,1702,sigh,<ruby>嘆願<rt>たんがん</rt></ruby>,16
773,華,中華,華やか,はなやか,gorgeous / showy,1704,splendor,<ruby>華<rt>はな</rt></ruby>やか,16
774,唾,唾液,唾液腺,だえきせん,salivary gland,1706,saliva,<ruby>唾液腺<rt>だえきせん</rt></ruby>,16
775,睡,睡眠,睡眠不足,すいみんぶそく,lack of sleep,1707,drowsy,<ruby>睡眠不足<rt>すいみんぶそく</rt></ruby>,16
776,剰,余剰,剰余,じょうよ,surplus / remainder,1710,surplus,<ruby>剰余<rt>じょうよ</rt></ruby>,16
777,含,含む,含有,がんゆう,contain / include,1712,include,<ruby>含有<rt>がんゆう</rt></ruby>,16
778,貪,貪欲,貪る,むさぼる,to crave / indulge in,1713,covet,<ruby>貪る<rt>むさぼる</rt></ruby>,16
779,吟,吟味,吟詠,ぎんえい,recitation of poetry,1714,versify,<ruby>吟詠<rt>ぎんえい</rt></ruby>,16
780,捻,捻る,捻挫,ねんざ,sprain,1716,wrench,<ruby>捻挫<rt>ねんざ</rt></ruby>,16
781,琴,琴線,琴柱,ことじ,bridge of a koto,1717,harp,<ruby>琴柱<rt>ことじ</rt></ruby>,16
782,陰,陰謀,陰性,いんせい,negative (test result),1718,shade,<ruby>陰性<rt>いんせい</rt></ruby>,16
783,兼,兼ねる,兼業,けんぎょう,side business / multiple occupations,1723,concurrently,<ruby>兼業<rt>けんぎょう</rt></ruby>,16
784,嫌,嫌い,嫌悪,けんお,disgust / aversion,1724,dislike,<ruby>嫌悪<rt>けんお</rt></ruby>,16
785,鎌,鎌鼬,鎌倉,かまくら,Kamakura,1725,sickle,<ruby>鎌倉<rt>かまくら</rt></ruby>,16
786,謙,謙虚,謙譲,けんじょう,humility / modest speech,1726,self_effacing,<ruby>謙<rt>けん</rt></ruby><ruby>譲<rt>じょう</rt></ruby>,16
787,廉,廉価,清廉,せいれん,integrity / incorruptibility,1727,bargain,<ruby>清廉<rt>せいれん</rt></ruby>,16
788,腰,腰痛,腰掛け,こしかけ,bench / seat,1731,loins,<ruby>腰掛け<rt>こしかけ</rt></ruby>,16
789,漂,漂う,漂流,ひょうりゅう,drifting / being cast adrift,1733,drift,<ruby>漂流<rt>ひょうりゅう</rt></ruby>,16
790,慄,戦慄,慄然,りつぜん,trembling with fear,1736,shudder,<ruby>慄然<rt>りつぜん</rt></ruby>,16
791,遷,変遷,遷移,せんい,transition,1737,transition,<ruby>遷移<rt>せんい</rt></ruby>,16
792,覆,覆う,覆面,ふくめん,mask / masked,1738,capsize,<ruby>覆面<rt>ふくめん</rt></ruby>,16
793,煙,煙草,煙突,えんとつ,chimney,1739,smoke,<ruby>煙突<rt>えんとつ</rt></ruby>,16
794,献,献血,献立,こんだて,menu / meal plan,1742,offering,<ruby>献立<rt>こんだて</rt></ruby>,16
795,閲,閲覧,校閲,こうえつ,proofreading / editing,1745,review,<ruby>校閲<rt>こうえつ</rt></ruby>,16
796,閥,財閥,派閥,はばつ,faction / clique,1746,clique,<ruby>派閥<rt>はばつ</rt></ruby>,16
797,闇,闇市,闇雲,やみくも,reckless / indiscriminate,1748,pitch_dark,<ruby>闇雲<rt>やみくも</rt></ruby>,16
798,閑,閑静,閑散,かんさん,quiet / deserted,1753,leisure,<ruby>閑散<rt>かんさん</rt></ruby>,16
799,潤,潤う,潤滑,じゅんかつ,lubrication / smoothness,1755,wet,<ruby>潤滑<rt>じゅんかつ</rt></ruby>,16
800,欄,欄干,欄外,らんがい,margin (of a page),1756,column,<ruby>欄外<rt>らんがい</rt></ruby>,16
801,闘,闘争,闘技,とうぎ,combat sport,1757,fight,<ruby>闘技<rt>とうぎ</rt></ruby>,17
802,排,排除,排出,はいしゅつ,discharge / emission,1762,repudiate,<ruby>排出<rt>はいしゅつ</rt></ruby>,17
803,輩,先輩,後輩,こうはい,junior / subordinate,1765,comrade,<ruby>後輩<rt>こうはい</rt></ruby>,17
804,扉,門扉,扉絵,とびらえ,illustration on a title page,1766,front_door,<ruby>扉絵<rt>とびらえ</rt></ruby>,17
805,侯,諸侯,侯爵,こうしゃく,marquis,1767,marquis,<ruby>侯爵<rt>こうしゃく</rt></ruby>,17
806,喉,喉元,喉仏,のどぼとけ,Adam's apple,1768,throat,<ruby>喉仏<rt>のどぼとけ</rt></ruby>,17
807,偉,偉大,偉業,いぎょう,great achievement,1772,admirable,<ruby>偉業<rt>いぎょう</rt></ruby>,17
808,違,違う,相違,そうい,difference / discrepancy,1773,differ,<ruby>相違<rt>そうい</rt></ruby>,17
809,緯,緯度,経緯,けいい,circumstances / sequence of events,1774,horizontal,<ruby>経緯<rt>けいい</rt></ruby>,17
810,韓,韓国,韓流,かんりゅう,Korean Wave / Korean pop culture,1776,korea,<ruby>韓流<rt>かんりゅう</rt></ruby>,17
811,肝,肝心,肝臓,かんぞう,liver,1778,liver,<ruby>肝臓<rt>かんぞう</rt></ruby>,17
812,汗,冷汗,発汗,はっかん,perspiration,1780,sweat,<ruby>発<rt>はっ</rt></ruby><ruby>汗<rt>かん</rt></ruby>,17
813,軒,軒並み,軒先,のきさき,eaves / edge of a roof,1781,flats,<ruby>軒先<rt>のきさき</rt></ruby>,17
814,芋,薩摩芋,芋焼酎,いもじょうちゅう,sweet-potato shochu,1784,potato,<ruby>芋焼酎<rt>いもじょうちゅう</rt></ruby>,17
815,徐,徐々に,徐行,じょこう,proceeding slowly,1788,gradually,<ruby>徐行<rt>じょこう</rt></ruby>,17
816,叙,叙述,叙勲,じょくん,conferral of an order,1789,confer,<ruby>叙勲<rt>じょくん</rt></ruby>,17
817,途,途中,用途,ようと,use / purpose,1790,route,<ruby>用途<rt>ようと</rt></ruby>,17
818,斜,斜め,傾斜,けいしゃ,slope / inclination,1791,diagonal,<ruby>傾斜<rt>けいしゃ</rt></ruby>,17
819,塗,塗る,塗装,とそう,painting / coating,1792,paint,<ruby>塗装<rt>とそう</rt></ruby>,17
820,頼,頼む,信頼,しんらい,trust,1794,trust,<ruby>信<rt>しん</rt></ruby><ruby>頼<rt>らい</rt></ruby>,17
821,瀬,瀬戸際,瀬戸,せと,strait,1795,rapids,<ruby>瀬戸<rt>せと</rt></ruby>,17
822,勅,勅令,勅使,ちょくし,imperial envoy,1796,imperial_order,<ruby>勅使<rt>ちょくし</rt></ruby>,17
823,疎,疎遠,疎ら,まばら,sparse / scattered,1797,alienate,<ruby>疎ら<rt>まばら</rt></ruby>,17
824,辣,辛辣,辣腕,らつわん,exceptional ability,1798,bitter,<ruby>辣腕<rt>らつわん</rt></ruby>,17
825,剣,剣道,真剣,しんけん,serious / earnest,1801,sabre,<ruby>真剣<rt>しんけん</rt></ruby>,17
826,倹,倹約,節倹,せっけん,frugality,1804,frugal,<ruby>節倹<rt>せっけん</rt></ruby>,17
827,腫,腫瘍,腫れる,はれる,to swell,1807,tumor,<ruby>腫れる<rt>はれる</rt></ruby>,17
828,勲,勲章,勲功,くんこう,meritorious service,1808,meritorious_deed,<ruby>勲功<rt>くんこう</rt></ruby>,17
829,衝,衝突,衝動,しょうどう,impulse,1811,collide,<ruby>衝<rt>しょう</rt></ruby><ruby>動<rt>どう</rt></ruby>,17
830,薫,薫製,薫る,かおる,to be fragrant,1812,fragrant,<ruby>薫る<rt>かおる</rt></ruby>,17
831,痴,痴呆,痴漢,ちかん,molester / groping offender,1814,stupid,<ruby>痴漢<rt>ちかん</rt></ruby>,17
832,痘,種痘,水痘,すいとう,chickenpox,1815,pox,<ruby>水痘<rt>すいとう</rt></ruby>,17
833,症,症状,症候群,しょうこうぐん,syndrome,1816,symptoms,<ruby>症候群<rt>しょうこうぐん</rt></ruby>,17
834,瘍,潰瘍,胃潰瘍,いかいよう,gastric ulcer,1817,carbuncle,<ruby>胃<rt>い</rt></ruby><ruby>潰<rt>かい</rt></ruby><ruby>瘍<rt>よう</rt></ruby>,17
835,痩,痩せる,痩身,そうしん,slim figure,1818,lose_weight,<ruby>痩身<rt>そうしん</rt></ruby>,17
836,疾,疾患,疾走,しっそう,sprint / rush,1819,rapidly,<ruby>疾走<rt>しっそう</rt></ruby>,17
837,嫉,嫉む,嫉み,ねたみ,jealousy,1820,envy,<ruby>嫉<rt>ねた</rt></ruby>み,17
838,痢,下痢,赤痢,せきり,dysentery,1821,diarrhea,<ruby>赤痢<rt>せきり</rt></ruby>,17
839,痕,痕跡,傷痕,きずあと,scar,1822,scar,<ruby>傷痕<rt>きずあと</rt></ruby>,17
840,疲,疲労,疲れる,つかれる,to become tired,1823,exhausted,<ruby>疲れる<rt>つかれる</rt></ruby>,17
841,疫,疫病,防疫,ぼうえき,epidemic prevention,1824,epidemic,<ruby>防疫<rt>ぼうえき</rt></ruby>,17
842,癖,口癖,癖になる,くせになる,to become a habit,1826,mannerism,<ruby>癖になる<rt>くせになる</rt></ruby>,17
843,匿,匿名,匿う,かくまう,to shelter / hide,1827,hide,<ruby>匿う<rt>かくまう</rt></ruby>,17
844,匠,師匠,巨匠,きょしょう,master artist,1828,artisan,<ruby>巨匠<rt>きょしょう</rt></ruby>,17
845,匹,匹敵,一匹,いっぴき,one animal,1830,equal,<ruby>一匹<rt>いっぴき</rt></ruby>,17
846,枢,中枢,枢要,すうよう,essential / pivotal,1832,hinge,<ruby>枢要<rt>すうよう</rt></ruby>,17
847,殴,殴る,殴打,おうだ,beating / striking,1833,assault,<ruby>殴打<rt>おうだ</rt></ruby>,17
848,欧,欧州,欧米,おうべい,Europe and America,1834,europe,<ruby>欧米<rt>おうべい</rt></ruby>,17
849,抑,抑制,抑える,おさえる,to suppress / restrain,1835,repress,<ruby>抑える<rt>おさえる</rt></ruby>,17
850,仰,仰ぐ,仰向け,あおむけ,lying face up,1836,look_up,<ruby>仰向け<rt>あおむけ</rt></ruby>,17
851,迎,迎える,出迎える,でむかえる,to meet / greet (arriving),1837,welcome,<ruby>出<rt>で</rt></ruby><ruby>迎<rt>むか</rt></ruby>える,18
852,澄,澄む,澄んだ,すんだ,clear / pure,1839,lucidity,<ruby>澄んだ<rt>すんだ</rt></ruby>,18
853,廃,廃止,廃墟,はいきょ,ruins,1841,abolish,<ruby>廃<rt>はい</rt></ruby><ruby>墟<rt>きょ</rt></ruby>,18
854,僚,同僚,官僚,かんりょう,bureaucrat,1842,colleague,<ruby>官僚<rt>かんりょう</rt></ruby>,18
855,瞭,明瞭,不明瞭,ふめいりょう,unclear / indistinct,1843,obvious,<ruby>不明瞭<rt>ふめいりょう</rt></ruby>,18
856,寮,社員寮,学生寮,がくせいりょう,student dormitory,1844,dormitory,<ruby>学生寮<rt>がくせいりょう</rt></ruby>,18
857,療,治療,医療,いりょう,medical care,1845,heal,<ruby>医療<rt>いりょう</rt></ruby>,18
858,彫,彫刻,彫る,ほる,to carve,1846,carve,<ruby>彫る<rt>ほる</rt></ruby>,18
859,影,影響,影武者,かげむしゃ,stand-in / shadow warrior,1848,shadow,<ruby>影<rt>かげ</rt></ruby><ruby>武<rt>む</rt></ruby><ruby>者<rt>しゃ</rt></ruby>,18
860,杉,杉花粉,杉林,すぎばやし,cedar grove,1849,sugi,<ruby>杉林<rt>すぎばやし</rt></ruby>,18
861,彩,色彩,多彩,たさい,varied / diverse,1850,coloring,<ruby>多彩<rt>たさい</rt></ruby>,18
862,彰,表彰,顕彰,けんしょう,commendation / honoring,1851,patent,<ruby>顕彰<rt>けんしょう</rt></ruby>,18
863,須,必須,須要,しゅよう,necessity / requirement,1854,must,<ruby>須要<rt>しゅよう</rt></ruby>,18
864,膨,膨脹,膨大,ぼうだい,enormous,1855,swell,<ruby>膨大<rt>ぼうだい</rt></ruby>,18
865,惨,惨劇,悲惨,ひさん,miserable / tragic,1857,wretched,<ruby>悲惨<rt>ひさん</rt></ruby>,18
866,珍,珍しい,珍味,ちんみ,delicacy,1859,rare,<ruby>珍味<rt>ちんみ</rt></ruby>,18
867,診,診断,診察,しんさつ,medical examination,1860,checkup,<ruby>診察<rt>しんさつ</rt></ruby>,18
868,紋,家紋,紋様,もんよう,pattern / design,1863,family_crest,<ruby>紋様<rt>もんよう</rt></ruby>,18
869,蚊,蚊帳,蚊取り線香,かとりせんこう,mosquito coil,1864,mosquito,<ruby>蚊取り線香<rt>かとりせんこう</rt></ruby>,18
870,斑,斑点,斑模様,まだらもよう,mottled pattern,1865,blemish,<ruby>斑模様<rt>まだらもよう</rt></ruby>,18
871,斉,一斉,斉唱,せいしょう,singing in unison,1866,adjusted,<ruby>斉唱<rt>せいしょう</rt></ruby>,18
872,剤,洗剤,薬剤,やくざい,medicine / drug,1867,dose,<ruby>薬剤<rt>やくざい</rt></ruby>,18
873,斎,書斎,斎場,さいじょう,funeral hall,1869,purification,<ruby>斎場<rt>さいじょう</rt></ruby>,18
874,粛,静粛,粛清,しゅくせい,purge,1870,solemn,<ruby>粛清<rt>しゅくせい</rt></ruby>,18
875,塁,塁審,一塁,いちるい,first base,1871,bases,<ruby>一塁<rt>いちるい</rt></ruby>,18
876,渋,渋い,渋滞,じゅうたい,traffic jam,1875,astringent,<ruby>渋滞<rt>じゅうたい</rt></ruby>,18
877,摂,摂取,摂食,せっしょく,eating / food intake,1876,vicarious,<ruby>摂食<rt>せっしょく</rt></ruby>,18
878,赦,赦免,恩赦,おんしゃ,amnesty / pardon,1881,pardon,<ruby>恩赦<rt>おんしゃ</rt></ruby>,18
879,跡,遺跡,足跡,あしあと,footprint / trace,1883,tracks,<ruby>足跡<rt>あしあと</rt></ruby>,18
880,蛮,野蛮,蛮行,ばんこう,barbarous act,1884,barbarian,<ruby>蛮行<rt>ばんこう</rt></ruby>,18
881,恋,恋愛,失恋,しつれん,heartbreak,1885,romance,<ruby>失恋<rt>しつれん</rt></ruby>,18
882,湾,湾岸,台湾,たいわん,Taiwan,1886,gulf,<ruby>台湾<rt>たいわん</rt></ruby>,18
883,把,把握,把持,はじ,grip / holding,1889,grasp,<ruby>把持<rt>はじ</rt></ruby>,18
884,艶,艶やか,艶っぽい,つやっぽい,glossy / alluring,1892,glossy,<ruby>艶っぽい<rt>つやっぽい</rt></ruby>,18
885,甘,甘い,甘口,あまくち,mild / sweet-flavored,1894,sweet,<ruby>甘口<rt>あまくち</rt></ruby>,18
886,紺,紺色,濃紺,のうこん,deep navy blue,1895,navy_blue,<ruby>濃紺<rt>のうこん</rt></ruby>,18
887,某,某氏,某所,ぼうしょ,an unspecified place,1896,so_and_so,<ruby>某所<rt>ぼうしょ</rt></ruby>,18
888,謀,謀略,共謀,きょうぼう,conspiracy (joint),1897,conspire,<ruby>共<rt>きょう</rt></ruby><ruby>謀<rt>ぼう</rt></ruby>,18
889,媒,媒体,媒介,ばいかい,mediation / intermediary,1898,mediator,<ruby>媒介<rt>ばいかい</rt></ruby>,18
890,欺,欺く,欺瞞,ぎまん,deception,1899,deceit,<ruby>欺<rt>ぎ</rt></ruby><ruby>瞞<rt>まん</rt></ruby>,18
891,棋,将棋,棋士,きし,professional board-game player,1900,chess_piece,<ruby>棋士<rt>きし</rt></ruby>,18
892,碁,囲碁,碁石,ごいし,Go stone,1903,go_game,<ruby>碁石<rt>ごいし</rt></ruby>,18
893,甚,甚だ,甚大,じんだい,very great / enormous,1905,tremendously,<ruby>甚大<rt>じんだい</rt></ruby>,18
894,勘,勘違い,勘定,かんじょう,bill / calculation,1906,intuition,<ruby>勘定<rt>かんじょう</rt></ruby>,18
895,堪,堪える,堪忍,かんにん,forbearance / forgiveness,1907,withstand,<ruby>堪忍<rt>かんにん</rt></ruby>,18
896,遣,派遣,小遣い,こづかい,allowance / pocket money,1910,dispatch,<ruby>小遣い<rt>こづかい</rt></ruby>,18
897,潰,潰す,潰れる,つぶれる,to collapse / go out of business,1911,defile,<ruby>潰れる<rt>つぶれる</rt></ruby>,18
898,舞,舞台,舞う,まう,to dance / flutter,1912,dance,<ruby>舞う<rt>まう</rt></ruby>,18
899,粗,粗品,粗大ごみ,そだいごみ,bulky waste,1915,coarse,<ruby>粗大ごみ<rt>そだいごみ</rt></ruby>,18
900,租,租税,租借,そしゃく,lease of territory,1916,tariff,<ruby>租借<rt>そしゃく</rt></ruby>,18
901,狙,狙い,狙う,ねらう,to aim at,1917,aim_at,<ruby>狙う<rt>ねらう</rt></ruby>,19
902,阻,阻害,阻止,そし,prevention / stopping,1919,thwart,<ruby>阻止<rt>そし</rt></ruby>,19
903,宜,適宜,宜しい,よろしい,good / acceptable,1922,best_regards,<ruby>宜しい<rt>よろしい</rt></ruby>,19
904,畳,畳,畳む,たたむ,to fold,1923,tatami_mat,<ruby>畳む<rt>たたむ</rt></ruby>,19
905,普,普通,普及,ふきゅう,spread / diffusion,1925,universal,<ruby>普及<rt>ふきゅう</rt></ruby>,19
906,譜,楽譜,年譜,ねんぷ,chronology / biographical timeline,1926,musical_score,<ruby>年譜<rt>ねんぷ</rt></ruby>,19
907,湿,湿度,湿る,しめる,to become damp,1927,damp,<ruby>湿る<rt>しめる</rt></ruby>,19
908,顕,顕微鏡,顕著,けんちょ,remarkable / conspicuous,1928,appear,<ruby>顕著<rt>けんちょ</rt></ruby>,19
909,繊,繊維,繊細,せんさい,delicate / fine,1929,slender,<ruby>繊細<rt>せんさい</rt></ruby>,19
910,霊,霊感,霊魂,れいこん,soul / spirit,1930,spirits,<ruby>霊<rt>れい</rt></ruby><ruby>魂<rt>こん</rt></ruby>,19
911,撲,撲滅,撲殺,ぼくさつ,beating to death,1932,slap,<ruby>撲殺<rt>ぼくさつ</rt></ruby>,19
912,僕,僕,僕ら,ぼくら,"we (male, informal)",1933,me_male,<ruby>僕ら<rt>ぼくら</rt></ruby>,19
913,翼,右翼,主翼,しゅよく,main wing,1937,wing,<ruby>主翼<rt>しゅよく</rt></ruby>,19
914,戴,頂戴,戴冠式,たいかんしき,coronation ceremony,1938,accept_humbly,<ruby>戴冠式<rt>たいかんしき</rt></ruby>,19
915,洪,洪水,洪積世,こうせきせい,Pleistocene epoch,1939,flood,<ruby>洪積世<rt>こうせきせい</rt></ruby>,19
916,爆,爆発,爆笑,ばくしょう,burst of laughter,1942,explode,<ruby>爆笑<rt>ばくしょう</rt></ruby>,19
917,恭,恭しい,恭敬,きょうけい,reverence / respect,1943,respect,<ruby>恭敬<rt>きょうけい</rt></ruby>,19
918,殿,殿様,宮殿,きゅうでん,palace,1945,mister,<ruby>宮殿<rt>きゅうでん</rt></ruby>,19
919,丼,牛丼,親子丼,おやこどん,chicken-and-egg rice bowl,1947,donburi,<ruby>親子丼<rt>おやこどん</rt></ruby>,19
920,亜,亜熱帯,亜種,あしゅ,subspecies,1950,asia,<ruby>亜種<rt>あしゅ</rt></ruby>,19
921,触,触る,接触,せっしょく,contact,1954,contact,<ruby>接触<rt>せっしょく</rt></ruby>,19
922,購,購入,購読,こうどく,subscription,1958,subscription,<ruby>購読<rt>こうどく</rt></ruby>,19
923,溝,側溝,溝蓋,みぞぶた,drain cover,1960,gutter,<ruby>溝蓋<rt>みぞぶた</rt></ruby>,19
924,倫,倫理,人倫,じんりん,human ethics,1962,ethics,<ruby>人倫<rt>じんりん</rt></ruby>,19
925,偏,偏見,偏る,かたよる,to be biased / uneven,1964,partial,<ruby>偏る<rt>かたよる</rt></ruby>,19
926,遍,普遍,遍歴,へんれき,wanderings / career path,1965,everywhere,<ruby>遍歴<rt>へんれき</rt></ruby>,19
927,柵,鉄柵,柵越し,さくごし,over a fence,1968,fence,<ruby>柵越し<rt>さくごし</rt></ruby>,19
928,婚,結婚,婚約,こんやく,engagement,1972,marriage,<ruby>婚約<rt>こんやく</rt></ruby>,19
929,抵,抵触,抵当,ていとう,mortgage / collateral,1974,resist,<ruby>抵<rt>てい</rt></ruby><ruby>当<rt>とう</rt></ruby>,19
930,眠,眠る,不眠,ふみん,sleeplessness,1977,sleep,<ruby>不<rt>ふ</rt></ruby><ruby>眠<rt>みん</rt></ruby>,19
931,捕,捕まる,捕獲,ほかく,capture,1978,catch,<ruby>捕<rt>ほ</rt></ruby><ruby>獲<rt>かく</rt></ruby>,19
932,哺,哺乳類,哺乳,ほにゅう,nursing / lactation,1979,suckle,<ruby>哺乳<rt>ほにゅう</rt></ruby>,19
933,浦,浦島,浦辺,うらべ,shore / waterfront,1980,bay,<ruby>浦辺<rt>うらべ</rt></ruby>,19
934,舗,店舗,舗装,ほそう,paving,1982,shop,<ruby>舗装<rt>ほそう</rt></ruby>,19
935,邸,邸宅,公邸,こうてい,official residence,1984,residence,<ruby>公邸<rt>こうてい</rt></ruby>,19
936,郭,城郭,外郭,がいかく,outer boundary,1985,enclosure,<ruby>外郭<rt>がいかく</rt></ruby>,19
937,郊,郊外,近郊,きんこう,outskirts / nearby suburbs,1987,outskirts,<ruby>近郊<rt>きんこう</rt></ruby>,19
938,邦,邦画,連邦,れんぽう,federation,1991,home_country,<ruby>連邦<rt>れんぽう</rt></ruby>,19
939,那,旦那,那覇,なは,Naha (Okinawa),1992,that,<ruby>那<rt>な</rt></ruby><ruby>覇<rt>は</rt></ruby>,19
940,響,響く,反響,はんきょう,echo / response,1994,echo,<ruby>反<rt>はん</rt></ruby><ruby>響<rt>きょう</rt></ruby>,19
941,郎,野郎,新郎,しんろう,bridegroom,1995,son,<ruby>新郎<rt>しんろう</rt></ruby>,19
942,廊,廊下,画廊,がろう,art gallery,1996,corridor,<ruby>画廊<rt>がろう</rt></ruby>,19
943,盾,矛盾,盾にする,たてにする,to use as a shield,1997,shield,<ruby>盾にする<rt>たてにする</rt></ruby>,19
944,循,循環,循序,じゅんじょ,proper sequence,1998,sequential,<ruby>循序<rt>じゅんじょ</rt></ruby>,19
945,逓,逓信,逓減,ていげん,gradual decrease,2002,relay,<ruby>逓減<rt>ていげん</rt></ruby>,19
946,鍛,鍛える,鍛錬,たんれん,forging / training,2004,forge,<ruby>鍛錬<rt>たんれん</rt></ruby>,19
947,幻,幻想,幻覚,げんかく,hallucination,2006,phantasm,<ruby>幻覚<rt>げんかく</rt></ruby>,19
948,伺,伺う,伺い,うかがい,inquiry / visit,2008,pay_respects,<ruby>伺い<rt>うかがい</rt></ruby>,19
949,嗣,嗣子,継嗣,けいし,heir / successor,2011,heir,<ruby>継嗣<rt>けいし</rt></ruby>,19
950,舟,小舟,舟運,しゅううん,water transport,2012,boat,<ruby>舟運<rt>しゅううん</rt></ruby>,19
951,舶,船舶,舶来,はくらい,imported from abroad,2013,liner,<ruby>舶来<rt>はくらい</rt></ruby>,20
952,舷,船舷,左舷,さげん,port side,2015,gunwale,<ruby>左舷<rt>さげん</rt></ruby>,20
953,般,一般,一般的,いっぱんてき,general / common,2016,carrier,<ruby>一般的<rt>いっぱんてき</rt></ruby>,20
954,盤,基盤,円盤,えんばん,disc,2017,tray,<ruby>円盤<rt>えんばん</rt></ruby>,20
955,搬,運搬,搬入,はんにゅう,carrying in / delivery,2018,conveyor,<ruby>搬入<rt>はんにゅう</rt></ruby>,20
956,艦,軍艦,艦隊,かんたい,fleet,2020,warship,<ruby>艦隊<rt>かんたい</rt></ruby>,20
957,艇,艦艇,潜水艇,せんすいてい,submersible,2021,rowboat,<ruby>潜水艇<rt>せんすいてい</rt></ruby>,20
958,弧,括弧,円弧,えんこ,arc,2023,arc,<ruby>円弧<rt>えんこ</rt></ruby>,20
959,孤,孤独,孤立,こりつ,isolation,2024,orphan,<ruby>孤立<rt>こりつ</rt></ruby>,20
960,繭,繭玉,繭糸,まゆいと,cocoon silk,2025,cocoon,<ruby>繭糸<rt>まゆいと</rt></ruby>,20
961,暇,余暇,暇つぶし,ひまつぶし,killing time,2027,spare_time,<ruby>暇つぶし<rt>ひまつぶし</rt></ruby>,20
962,敷,敷く,敷地,しきち,site / premises,2028,spread,<ruby>敷地<rt>しきち</rt></ruby>,20
963,沈,沈黙,沈没,ちんぼつ,sinking / shipwreck,2033,sink,<ruby>沈没<rt>ちんぼつ</rt></ruby>,20
964,枕,枕詞,枕元,まくらもと,beside one’s pillow,2034,pillow,<ruby>枕元<rt>まくらもと</rt></ruby>,20
965,凄,凄い,凄まじい,すさまじい,tremendous / fierce,2036,nifty,<ruby>凄まじい<rt>すさまじい</rt></ruby>,20
966,衰,衰退,衰弱,すいじゃく,weakness / decline,2037,decline,<ruby>衰弱<rt>すいじゃく</rt></ruby>,20
967,衷,苦衷,衷心,ちゅうしん,from the bottom of one’s heart,2038,inmost,<ruby>衷心<rt>ちゅうしん</rt></ruby>,20
968,麺,麺類,中華麺,ちゅうかめん,Chinese-style noodles,2040,noodles,<ruby>中華麺<rt>ちゅうかめん</rt></ruby>,20
969,靴,革靴,靴下,くつした,socks,2042,shoes,<ruby>靴下<rt>くつした</rt></ruby>,20
970,覇,覇権,覇者,はしゃ,champion / hegemon,2043,hegemony,<ruby>覇者<rt>はしゃ</rt></ruby>,20
971,眉,眉毛,眉間,みけん,between the eyebrows,2045,eyebrow,<ruby>眉間<rt>みけん</rt></ruby>,20
972,呉,呉服,呉越,ごえつ,Wu and Yue; bitter rivals,2046,give,<ruby>呉越<rt>ごえつ</rt></ruby>,20
973,娯,娯楽,娯楽施設,ごらくしせつ,recreational facility,2047,recreation,<ruby>娯楽施設<rt>ごらくしせつ</rt></ruby>,20
974,牙,牙城,象牙,ぞうげ,ivory,2053,tusk,<ruby>象牙<rt>ぞうげ</rt></ruby>,20
975,邪,風邪,邪魔,じゃま,hindrance / nuisance,2055,wicked,<ruby>邪魔<rt>じゃま</rt></ruby>,20
976,雅,優雅,風雅,ふうが,elegance / refined taste,2056,gracious,<ruby>風雅<rt>ふうが</rt></ruby>,20
977,釈,解釈,釈明,しゃくめい,explanation / clarification,2057,interpretation,<ruby>釈明<rt>しゃくめい</rt></ruby>,20
978,審,審判,審査,しんさ,review / examination,2059,hearing,<ruby>審査<rt>しんさ</rt></ruby>,20
979,翻,翻訳,翻意,ほんい,change of mind,2060,flip,<ruby>翻意<rt>ほんい</rt></ruby>,20
980,藩,藩主,藩政,はんせい,feudal-domain administration,2061,clan,<ruby>藩政<rt>はんせい</rt></ruby>,20
981,耗,消耗,耗費,こうひ,consumption / expenditure,2063,decrease,<ruby>耗費<rt>こうひ</rt></ruby>,20
982,尾,末尾,尾行,びこう,tailing / surveillance,2064,tail,<ruby>尾行<rt>びこう</rt></ruby>,20
983,託,信託,委託,いたく,consignment / outsourcing,2066,consign,<ruby>委託<rt>いたく</rt></ruby>,20
984,為,行為,為替,かわせ,exchange / remittance,2067,do,<ruby>為替<rt>かわせ</rt></ruby>,20
985,偽,偽物,偽装,ぎそう,disguise / falsification,2068,falsehood,<ruby>偽装<rt>ぎそう</rt></ruby>,20
986,畏,畏敬,畏怖,いふ,awe / dread,2069,apprehensive,<ruby>畏怖<rt>いふ</rt></ruby>,20
987,髪,髪の毛,散髪,さんぱつ,haircut,2074,hair,<ruby>散髪<rt>さんぱつ</rt></ruby>,20
988,喪,喪失,喪服,もふく,mourning clothes,2076,miss,<ruby>喪服<rt>もふく</rt></ruby>,20
989,禅,禅寺,座禅,ざぜん,Zen meditation,2080,zen,<ruby>座禅<rt>ざぜん</rt></ruby>,20
990,弾,弾丸,弾力,だんりょく,elasticity,2081,bullet,<ruby>弾力<rt>だんりょく</rt></ruby>,20
991,獣,怪獣,獣医,じゅうい,veterinarian,2083,animal,<ruby>獣医<rt>じゅうい</rt></ruby>,20
992,悩,悩む,悩み,なやみ,worry / trouble,2085,trouble,<ruby>悩み<rt>なやみ</rt></ruby>,20
993,鎖,鎖国,連鎖,れんさ,chain / linkage,2087,chain,<ruby>連鎖<rt>れんさ</rt></ruby>,20
994,誉,名誉,栄誉,えいよ,honor,2089,reputation,<ruby>栄誉<rt>えいよ</rt></ruby>,20
995,猟,猟師,狩猟,しゅりょう,hunting,2090,game_hunting,<ruby>狩猟<rt>しゅりょう</rt></ruby>,20
996,鶴,鶴亀,折鶴,おりづる,origami crane,2093,crane,<ruby>折鶴<rt>おりづる</rt></ruby>,20
997,鶏,鶏肉,鶏卵,けいらん,hen’s egg,2097,chicken,<ruby>鶏卵<rt>けいらん</rt></ruby>,20
998,援,援助,応援,おうえん,support / cheering,2101,abet,<ruby>応援<rt>おうえん</rt></ruby>,20
999,緩,緩い,緩和,かんわ,mitigation / easing,2102,slacken,<ruby>緩和<rt>かんわ</rt></ruby>,20
1000,嘱,嘱託,委嘱,いしょく,commission / appointment,2104,entrust,<ruby>委嘱<rt>いしょく</rt></ruby>,20
1001,偶,偶然,偶数,ぐうすう,even number,2105,accidentally,<ruby>偶数<rt>ぐうすう</rt></ruby>,21
1002,遇,待遇,境遇,きょうぐう,circumstances,2106,interview,<ruby>境<rt>きょう</rt></ruby><ruby>遇<rt>ぐう</rt></ruby>,21
1003,愚,愚か,愚痴,ぐち,complaint / grumble,2107,foolish,<ruby>愚痴<rt>ぐち</rt></ruby>,21
1004,隅,片隅,隅々,すみずみ,every corner,2108,corner,<ruby>隅々<rt>すみずみ</rt></ruby>,21
1005,塑,塑像,塑性,そせい,plasticity,2110,model,<ruby>塑性<rt>そせい</rt></ruby>,21
1006,遡,遡る,遡及,そきゅう,retroactive effect,2111,go_upstream,<ruby>遡及<rt>そきゅう</rt></ruby>,21
1007,綱,綱渡り,要綱,ようこう,guidelines / outline,2114,hawser,<ruby>要綱<rt>ようこう</rt></ruby>,21
1008,剛,剛健,剛性,ごうせい,rigidity,2115,sturdy,<ruby>剛性<rt>ごうせい</rt></ruby>,21
1009,缶,空き缶,缶詰,かんづめ,canned food,2116,tin_can,<ruby>缶詰<rt>かんづめ</rt></ruby>,21
1010,陶,陶器,陶芸,とうげい,ceramic art,2117,pottery,<ruby>陶芸<rt>とうげい</rt></ruby>,21
1011,揺,揺れる,動揺,どうよう,agitation / shaking,2118,swing,<ruby>動揺<rt>どうよう</rt></ruby>,21
1012,謡,民謡,謡曲,ようきょく,Noh chant,2119,noh_chanting,<ruby>謡曲<rt>ようきょく</rt></ruby>,21
1013,鬱,鬱病,鬱陶しい,うっとうしい,gloomy / irritating,2120,depression,<ruby>鬱<rt>うっ</rt></ruby><ruby>陶<rt>とう</rt></ruby>しい,21
1014,蹴,蹴る,蹴飛ばす,けとばす,to kick away,2122,kick,<ruby>蹴飛ばす<rt>けとばす</rt></ruby>,21
1015,懇,懇親,懇談,こんだん,friendly discussion,2123,sociable,<ruby>懇談<rt>こんだん</rt></ruby>,21
1016,墾,開墾,墾田,こんでん,reclaimed rice field,2124,groundbreaking,<ruby>墾田<rt>こんでん</rt></ruby>,21
1017,貌,美貌,容貌,ようぼう,appearance / looks,2125,countenance,<ruby>容貌<rt>ようぼう</rt></ruby>,21
1018,免,免許,免除,めんじょ,exemption,2126,excuse,<ruby>免除<rt>めんじょ</rt></ruby>,21
1019,逸,逸話,逸脱,いつだつ,deviation,2127,elude,<ruby>逸脱<rt>いつだつ</rt></ruby>,21
1020,駒,将棋駒,手駒,てごま,piece at one’s disposal,2133,pony,<ruby>手駒<rt>てごま</rt></ruby>,21
1021,騎,騎士,騎馬,きば,horseback riding / cavalry,2135,equestrian,<ruby>騎馬<rt>きば</rt></ruby>,21
1022,駐,駐車,駐在,ちゅうざい,stationed residence,2136,parking,<ruby>駐在<rt>ちゅうざい</rt></ruby>,21
1023,駆,駆ける,駆動,くどう,drive / propulsion,2137,drive,<ruby>駆動<rt>くどう</rt></ruby>,21
1024,騒,騒ぐ,騒音,そうおん,noise,2139,boisterous,<ruby>騒音<rt>そうおん</rt></ruby>,21
1025,駄,無駄,駄目,だめ,no good / useless,2140,burdensome,<ruby>駄目<rt>だめ</rt></ruby>,21
1026,驚,驚く,驚異,きょうい,wonder / marvel,2141,wonder,<ruby>驚異<rt>きょうい</rt></ruby>,21
1027,篤,危篤,篤志,とくし,philanthropic devotion,2142,fervent,<ruby>篤志<rt>とくし</rt></ruby>,21
1028,罵,罵倒,罵声,ばせい,abusive shout,2143,insult,<ruby>罵声<rt>ばせい</rt></ruby>,21
1029,騰,暴騰,高騰,こうとう,sharp rise,2144,inflation,<ruby>高騰<rt>こうとう</rt></ruby>,21
1030,虎,虎穴,虎柄,とらがら,tiger pattern,2145,tiger,<ruby>虎柄<rt>とらがら</rt></ruby>,21
1031,虜,捕虜,虜囚,りょしゅう,captive / prisoner,2146,captive,<ruby>虜囚<rt>りょしゅう</rt></ruby>,21
1032,膚,皮膚,皮膚科,ひふか,dermatology,2147,skin,<ruby>皮膚科<rt>ひふか</rt></ruby>,21
1033,虚,虚偽,虚無,きょむ,emptiness / nihilism,2148,void,<ruby>虚無<rt>きょむ</rt></ruby>,21
1034,戯,戯曲,戯れる,たわむれる,to frolic / play,2149,frolic,<ruby>戯れる<rt>たわむれる</rt></ruby>,21
1035,虞,危虞,不虞,ふぐ,unexpected event / contingency,2150,uneasiness,<ruby>不虞<rt>ふぐ</rt></ruby>,21
1036,慮,配慮,考慮,こうりょ,consideration,2151,prudence,<ruby>考慮<rt>こうりょ</rt></ruby>,21
1037,虐,虐待,虐殺,ぎゃくさつ,massacre,2153,tyrannize,<ruby>虐殺<rt>ぎゃくさつ</rt></ruby>,21
1038,麓,山麓,麓野,ふもとの,foothill plain,2155,foot_of_mountain,<ruby>麓野<rt>ふもとの</rt></ruby>,21
1039,薦,推薦,自薦,じせん,self-recommendation,2156,recommend,<ruby>自薦<rt>じせん</rt></ruby>,21
1040,慶,慶事,慶祝,けいしゅく,celebration,2157,jubilation,<ruby>慶祝<rt>けいしゅく</rt></ruby>,21
1041,麗,美麗,華麗,かれい,splendid / gorgeous,2158,lovely,<ruby>華麗<rt>かれい</rt></ruby>,21
1042,辱,屈辱,辱める,はずかしめる,to disgrace / humiliate,2165,embarrass,<ruby>辱<rt>はずかし</rt></ruby>める,21
1043,震,地震,震災,しんさい,earthquake disaster,2166,quake,<ruby>震災<rt>しんさい</rt></ruby>,21
1044,振,振動,振る,ふる,to shake / wave,2167,shake,<ruby>振る<rt>ふる</rt></ruby>,21
1045,娠,妊娠中,妊娠検査,にんしんけんさ,pregnancy test,2168,with_child,<ruby>妊娠検査<rt>にんしんけんさ</rt></ruby>,21
1046,唇,口唇,唇音,しんおん,labial sound,2169,lips,<ruby>唇音<rt>しんおん</rt></ruby>,21
1047,濃,濃度,濃厚,のうこう,rich / dense,2171,concentrated,<ruby>濃厚<rt>のうこう</rt></ruby>,21
1048,咲,咲く,咲かせる,さかせる,to make bloom,2174,blossom,<ruby>咲かせる<rt>さかせる</rt></ruby>,21
1049,鬼,鬼才,鬼ごっこ,おにごっこ,tag,2175,ghost,<ruby>鬼ごっこ<rt>おにごっこ</rt></ruby>,21
1050,醜,醜い,醜聞,しゅうぶん,scandal,2176,ugly,<ruby>醜聞<rt>しゅうぶん</rt></ruby>,21
1051,魂,闘魂,魂胆,こんたん,ulterior motive,2177,soul,<ruby>魂胆<rt>こんたん</rt></ruby>,22
1052,魔,悪魔,魔法,まほう,magic,2178,witch,<ruby>魔法<rt>まほう</rt></ruby>,22
1053,魅,魅力,魅惑,みわく,fascination,2179,fascination,<ruby>魅惑<rt>みわく</rt></ruby>,22
1054,塊,一塊,氷塊,ひょうかい,mass of ice,2180,clod,<ruby>氷塊<rt>ひょうかい</rt></ruby>,22
1055,襲,襲う,襲撃,しゅうげき,attack / raid,2181,attack,<ruby>襲撃<rt>しゅうげき</rt></ruby>,22
1056,嚇,威嚇,脅嚇,きょうかく,threat / intimidation,2182,upbraid,<ruby>脅嚇<rt>きょうかく</rt></ruby>,22
1057,朕,朕,朕兆,ちんちょう,omen / sign,2183,majestic_plural,<ruby>朕兆<rt>ちんちょう</rt></ruby>,22
1058,雰,雰囲気,雰囲気作り,ふんいきづくり,creating an atmosphere,2184,atmosphere,<ruby>雰囲気作り<rt>ふんいきづくり</rt></ruby>,22
1059,箇,箇所,箇条,かじょう,item / clause,2185,counters_for_things,<ruby>箇条<rt>かじょう</rt></ruby>,22
1060,錬,錬金術,錬成,れんせい,training / forging,2186,tempering,<ruby>錬成<rt>れんせい</rt></ruby>,22
1061,遵,遵守,遵法,じゅんぽう,observance of laws,2187,abide_by,<ruby>遵法<rt>じゅんぽう</rt></ruby>,22
1062,罷,罷免,罷業,ひぎょう,strike,2188,quit,<ruby>罷業<rt>ひぎょう</rt></ruby>,22
1063,屯,駐屯,屯田,とんでん,settler farming,2189,barracks,<ruby>屯田<rt>とんでん</rt></ruby>,22
1064,且,且つ,且行,しょこう,proceeding onward,2190,moreover,<ruby>且行<rt>しょこう</rt></ruby>,22
1065,藻,海藻,藻類,そうるい,algae,2191,seaweed,<ruby>藻類<rt>そうるい</rt></ruby>,22
1066,隷,奴隷,隷属,れいぞく,subordination,2192,slave,<ruby>隷属<rt>れいぞく</rt></ruby>,22
1067,癒,癒し,癒着,ゆちゃく,collusion / adhesion,2193,healing,<ruby>癒着<rt>ゆちゃく</rt></ruby>,22
1068,璽,御璽,国璽,こくじ,state seal,2194,imperial_seal,<ruby>国璽<rt>こくじ</rt></ruby>,22
1069,丹,丹念,丹精,たんせい,careful effort,2196,cinnabar,<ruby>丹精<rt>たんせい</rt></ruby>,22
1070,羞,羞恥,羞恥心,しゅうちしん,sense of shame,2198,humiliate,<ruby>羞恥心<rt>しゅうちしん</rt></ruby>,22
1071,𠮟,𠮟る,𠮟咤,しった,rebuke / exhortation,3001,scold_old,<ruby>𠮟咤<rt>しった</rt></ruby>,22
1072,塡,埋塡,補塡,ほてん,compensation / replenishment,3002,fill_in,<ruby>補塡<rt>ほてん</rt></ruby>,22
1073,剝,剝奪,剝離,はくり,peeling / separation,3003,peel,<ruby>剝離<rt>はくり</rt></ruby>,22
1074,頰,頰紅,頰骨,きょうこつ,cheekbone,3004,cheek_old,<ruby>頰骨<rt>きょうこつ</rt></ruby>,22
1075,籠,籠る,籠城,ろうじょう,holding out in a castle,3005,basket_variant,<ruby>籠城<rt>ろうじょう</rt></ruby>,22
