kanji,joyo_index,radical,strokes,grade,english_meaning,on_kana,kun_kana
亜,1,二,7,S,"sub-, Asia",ア,
哀,2,口,9,S,pathetic,アイ,あわ-れ、あわ-れむ
挨,3,手,10,S,push open,アイ,
愛,4,心,13,4,love,アイ,
曖,5,日,17,S,not clear,アイ,
悪,6,心,11,3,bad,アク、オ,わる-い
握,7,手,12,S,grip,アク,にぎ-る
圧,8,土,5,5,pressure,アツ,
扱,9,手,6,S,handle,,あつか-う
宛,10,宀,8,S,allocate,,あ-てる
嵐,11,山,12,S,storm,,あらし
安,12,宀,6,3,cheap,アン,やす-い
案,13,木,10,4,plan,アン,
暗,14,日,13,3,dark,アン,くら-い
以,15,人,5,4,by means of,イ,
衣,16,衣,6,4,clothes,イ,ころも
位,17,人,7,4,rank,イ,くらい
囲,18,囗,7,5,surround,イ,かこ-む、かこ-う
医,19,酉,7,3,doctor,イ,
依,20,人,8,S,reliant,イ、（エ）,
委,21,女,8,3,committee,イ,ゆだ-ねる
威,22,女,9,S,intimidate,イ,
為,23,爪,9,S,do,イ,
畏,24,田,9,S,fear,イ,おそ-れる
胃,25,肉,9,6,stomach,イ,
尉,26,寸,11,S,military officer,イ,
異,27,田,11,6,uncommon,イ,こと
移,28,禾,11,5,shift,イ,うつ-る、うつ-す
萎,29,艸,11,S,wither,イ,な-える
偉,30,人,12,S,admirable,イ,えら-い
椅,31,木,12,S,chair,イ,
彙,32,彐,13,S,same kind,イ,
意,33,心,13,3,idea,イ,
違,34,辵,13,S,differ,イ,ちが-う、ちが-える
維,35,糸,14,S,fiber,イ,
慰,36,心,15,S,consolation,イ,なぐさ-める、なぐさ-む
遺,37,辵,15,6,bequeath,イ、（ユイ）,
緯,38,糸,16,S,horizontal,イ,
域,39,土,11,6,range,イキ,
育,40,肉,8,3,nurture,イク,そだ-つ、そだ-てる、はぐく-む
一,41,一,1,1,one,イチ、イツ,ひと、ひと-つ
壱,42,士,7,S,one (falsification prevention),イチ,
逸,43,辵,11,S,deviate,イツ,
茨,44,艸,9,4,thorn,,（いばら）[6]
芋,45,艸,6,S,potato,,いも
引,46,弓,4,2,pull,イン,ひ-く、ひ-ける
印,47,卩,6,4,mark,イン,しるし
因,48,囗,6,5,cause,イン,よ-る
咽,49,口,9,S,throat,イン,
姻,50,女,9,S,matrimony,イン,
員,51,口,10,3,member,イン,
院,52,阜,10,3,institution,イン,
淫,53,水,11,S,lewdness,イン,みだ-ら
陰,54,阜,11,S,shade,イン,かげ、かげ-る
飲,55,食,12,3,drink,イン,の-む
隠,56,阜,14,S,conceal,イン,かく-す、かく-れる
韻,57,音,19,S,rhyme,イン,
右,58,口,5,1,right (direction),ウ、ユウ,みぎ
宇,59,宀,6,6,eaves,ウ,
羽,60,羽,6,2,feather,ウ,は、はね
雨,61,雨,8,1,rain,ウ,あめ、（あま）
唄,62,口,10,S,songs with samisen,,（うた）
鬱,63,鬯,29,S,depression,ウツ,
畝,64,田,10,S,furrow,,うね
浦,65,水,10,S,bay,,うら
運,66,辵,12,3,carry,ウン,はこ-ぶ
雲,67,雨,12,2,cloud,ウン,くも
永,68,水,5,5,eternity,エイ,なが-い
泳,69,水,8,3,swim,エイ,およ-ぐ
英,70,艸,8,4,England,エイ,
映,71,日,9,6,reflect,エイ,うつ-る、うつ-す、は-える
栄,72,木,9,4,prosperity,エイ,さか-える、は-え、は-える
営,73,火,12,5,manage,エイ,いとな-む
詠,74,言,12,S,recitation,エイ,よ-む
影,75,彡,15,S,shadow,エイ,かげ
鋭,76,金,15,S,pointed,エイ,するど-い
衛,77,行,16,5,defense,エイ,
易,78,日,8,5,easy,エキ、イ,やさ-しい
疫,79,疒,9,S,epidemic,エキ、（ヤク）,
益,80,皿,10,5,benefit,エキ、（ヤク）,
液,81,水,11,5,fluid,エキ,
駅,82,馬,14,3,station,エキ,
悦,83,心,10,S,ecstasy,エツ,
越,84,走,12,S,cross over,エツ,こ-す、こ-える
謁,85,言,15,S,audience,エツ,
閲,86,門,15,S,review,エツ,
円,87,囗,4,1,"round, yen",エン,まる-い
延,88,廴,8,6,prolong,エン,の-びる、の-べる、の-ばす
沿,89,水,8,6,run alongside,エン,そ-う
炎,90,火,8,S,inflammation,エン,ほのお
怨,91,心,9,S,grudge,エン、オン,
宴,92,宀,10,S,banquet,エン,
媛,93,女,12,4,"princess, beautiful woman",エン,
援,94,手,12,S,aid,エン,
園,95,囗,13,2,garden,エン,その
煙,96,火,13,S,smoke,エン,けむ-る、けむり、けむ-い
猿,97,犬,13,S,monkey,エン,さる
遠,98,辵,13,2,far,エン、（オン）,とお-い
鉛,99,金,13,S,lead,エン,なまり
塩,100,鹵,13,4,salt,エン,しお
演,101,水,14,5,perform,エン,
縁,102,糸,15,S,affinity,エン,ふち
艶,103,色,19,S,glossy,エン,つや
汚,104,水,6,S,dirty,オ,けが-す、けが-れる、けが-らわしい、よご-す、よご-れる、きたな-い
王,105,玉,4,1,king,オウ,
凹,106,凵,5,S,concave,オウ,
央,107,大,5,3,center,オウ,
応,108,心,7,5,respond,オウ,こた-える
往,109,彳,8,5,outward journey,オウ,
押,110,手,8,S,pushed,オウ,お-す、お-さえる
旺,111,日,8,S,flourishing,オウ,
欧,112,欠,8,S,Europe,オウ,
殴,113,殳,8,S,assault,オウ,なぐ-る
桜,114,木,10,5,cherry tree,オウ,さくら
翁,115,羽,10,S,venerable old man,オウ,
奥,116,大,12,S,heart,オウ,おく
横,117,木,15,3,side,オウ,よこ
岡,118,山,8,4,hill,,（おか）[6]
屋,119,尸,9,3,roof,オク,や
億,120,人,15,4,hundred million,オク,
憶,121,心,16,S,recollection,オク,
臆,122,肉,17,S,timidity,オク,
虞,123,虍,13,S,uneasiness,,おそれ
乙,124,乙,1,S,the latter,オツ,
俺,125,人,10,S,"I, we, myself",,おれ
卸,126,卩,9,S,wholesale,,おろ-す、おろし
音,127,音,9,1,sound,オン、イン,おと、ね
恩,128,心,10,6,grace,オン,
温,129,水,12,3,warm,オン,あたた-か、あたた-かい、あたた-まる、あたた-める
穏,130,禾,16,S,calm,オン,おだ-やか
下,131,一,3,1,below,カ、ゲ,した、しも、もと、さ-げる、さ-がる、くだ-る、くだ-す、くだ-さる、お-ろす、お-りる
化,132,匕,4,3,change,カ、ケ,ば-ける、ば-かす
火,133,火,4,1,fire,カ,ひ、（ほ）
加,134,力,5,4,add,カ,くわ-える、くわ-わる
可,135,口,5,5,possible,カ,
仮,136,人,6,5,temporary,カ、（ケ）,かり
何,137,人,7,2,what,カ,なに、（なん）
花,138,艸,7,1,flower,カ,はな
佳,139,人,8,S,excellent,カ,
価,140,人,8,5,value,カ,あたい
果,141,木,8,4,fruit,カ,は-たす、は-てる、は-て
河,142,水,8,5,river,カ,かわ
苛,143,艸,8,S,torment,カ,
科,144,禾,9,2,section,カ,
架,145,木,9,S,rack,カ,か-ける、か-かる
夏,146,夊,10,2,summer,カ、（ゲ）,なつ
家,147,宀,10,2,house,カ、ケ,いえ、や
荷,148,艸,10,3,luggage,カ,に
華,149,艸,10,S,splendor,カ、（ケ）,はな
菓,150,艸,11,S,confectionery,カ,
貨,151,貝,11,4,freight,カ,
渦,152,水,12,S,whirlpool,カ,うず
過,153,辵,12,5,go beyond,カ,す-ぎる、す-ごす、あやま-つ、あやま-ち
嫁,154,女,13,S,marry into,カ,よめ、とつ-ぐ
暇,155,日,13,S,spare time,カ,ひま
禍,156,示,13,S,calamity,カ,
靴,157,革,13,S,shoes,カ,くつ
寡,158,宀,14,S,widow,カ,
歌,159,欠,14,2,song,カ,うた、うた-う
箇,160,竹,14,S,counters for things,カ,
稼,161,禾,15,S,earnings,カ,かせ-ぐ
課,162,言,15,4,section,カ,
蚊,163,虫,10,S,mosquito,,か
牙,164,牙,4,S,tusk,ガ、（ゲ）,きば
瓦,165,瓦,5,S,tile,ガ,かわら
我,166,戈,7,6,"ego, I, we",ガ,われ、わ
画,167,田,8,2,tableau,ガ、カク,
芽,168,艸,8,4,bud,ガ,め
賀,169,貝,12,4,congratulations,ガ,
雅,170,隹,13,S,gracious,ガ,
餓,171,食,15,S,starve,ガ,
介,172,人,4,S,jammed in,カイ,
回,173,囗,6,2,times,カイ、（エ）,まわ-る、まわ-す
灰,174,火,6,6,ashes,カイ,はい
会,175,曰,6,2,association,カイ、エ,あ-う
快,176,心,7,5,cheerful,カイ,こころよ-い
戒,177,戈,7,S,commandment,カイ,いまし-める
改,178,攴,7,4,reformation,カイ,あらた-める、あらた-まる
怪,179,心,8,S,suspicious,カイ,あや-しい、あや-しむ
拐,180,手,8,S,kidnap,カイ,
悔,181,心,9,S,repent,カイ,く-いる、く-やむ、くや-しい
海,182,水,9,2,sea,カイ,うみ
界,183,田,9,3,world,カイ,
皆,184,白,9,S,all,カイ,みな
械,185,木,11,4,contraption,カイ,
絵,186,糸,12,2,picture,カイ、エ,
開,187,門,12,3,open,カイ,ひら-く、ひら-ける、あ-く、あ-ける
階,188,阜,12,3,floor of a building,カイ,
塊,189,土,13,S,clod,カイ,かたまり
楷,190,木,13,S,square character style,カイ,
解,191,角,13,5,untie,カイ、ゲ,と-く、と-かす、と-ける
潰,192,水,15,S,crush,カイ,つぶ-す、つぶ-れる
壊,193,土,16,S,demolition,カイ,こわ-す、こわ-れる
懐,194,心,16,S,pocket,カイ,ふところ、なつ-かしい、なつ-かしむ、なつ-く、なつ-ける
諧,195,言,16,S,harmony,カイ,
貝,196,貝,7,1,shellfish,,かい
外,197,夕,5,2,outside,ガイ、ゲ,そと、ほか、はず-す、はず-れる
劾,198,力,8,S,censure,ガイ,
害,199,宀,10,4,harm,ガイ,
崖,200,山,11,S,cliff,ガイ,がけ
涯,201,水,11,S,horizon,ガイ,
街,202,行,12,4,street,ガイ、（カイ）,まち
慨,203,心,13,S,rue,ガイ,
蓋,204,艸,13,S,cover,ガイ,ふた
該,205,言,13,S,above-stated,ガイ,
概,206,木,14,S,outline,ガイ,
骸,207,骨,16,S,dead remains,ガイ,
垣,208,土,9,S,hedge,,かき
柿,209,木,9,S,persimmon,,かき
各,210,口,6,4,each,カク,おのおの
角,211,角,7,2,angle,カク,かど、つの
拡,212,手,8,6,broaden,カク,
革,213,革,9,6,leather,カク,かわ
格,214,木,10,5,status,カク、（コウ）,
核,215,木,10,S,nucleus,カク,
殻,216,殳,11,S,husk,カク,から
郭,217,邑,11,S,enclosure,カク,
覚,218,見,12,4,memorize,カク,おぼ-える、さ-ます、さ-める
較,219,車,13,S,contrast,カク,
隔,220,阜,13,S,isolate,カク,へだ-てる、へだ-たる
閣,221,門,14,6,tall,カク,
確,222,石,15,5,certain,カク,たし-か、たし-かめる
獲,223,犬,16,S,seize,カク,え-る
嚇,224,口,17,S,menacing,カク,
穫,225,禾,18,S,harvest,カク,
学,226,子,8,1,study,ガク,まな-ぶ
岳,227,山,8,S,point,ガク,たけ
楽,228,木,13,2,pleasure,ガク、ラク,たの-しい、たの-しむ
額,229,頁,18,5,amount,ガク,ひたい
顎,230,頁,18,S,jaw,ガク,あご
掛,231,手,11,S,hang,,か-ける、か-かる、かかり
潟,232,水,15,4,lagoon,,かた
括,233,手,9,S,fasten,カツ,
活,234,水,9,2,active,カツ,
喝,235,口,11,S,hoarse,カツ,
渇,236,水,11,S,thirst,カツ,かわ-く
割,237,刀,12,6,divide,カツ,わ-る、わり、わ-れる、さ-く
葛,238,艸,12,S,arrowroot,カツ,くず
滑,239,水,13,S,slippery,カツ、コツ,すべ-る、なめ-らか
褐,240,衣,13,S,brown,カツ,
轄,241,車,17,S,control,カツ,
且,242,一,5,S,moreover,,か-つ
株,243,木,10,6,stocks,,かぶ
釜,244,金,10,S,kettle,,かま
鎌,245,金,18,S,sickle,,かま
刈,246,刀,4,S,reap,,か-る
干,247,干,3,6,dry,カン,ほ-す、ひ-る
刊,248,刀,5,5,publish,カン,
甘,249,甘,5,S,sweet,カン,あま-い、あま-える、あま-やかす
汗,250,水,6,S,sweat,カン,あせ
缶,251,缶,6,S,tin can,カン,
完,252,宀,7,4,perfect,カン,
肝,253,肉,7,S,liver,カン,きも
官,254,宀,8,4,government official,カン,
冠,255,冖,9,S,crown,カン,かんむり
巻,256,卩,9,6,scroll,カン,ま-く、まき
看,257,目,9,6,watch over,カン,
陥,258,阜,10,S,collapse,カン,おちい-る、おとしい-れる
乾,259,乙,11,S,dry,カン,かわ-く、かわ-かす
勘,260,力,11,S,intuition,カン,
患,261,心,11,S,afflicted,カン,わずら-う
貫,262,貝,11,S,pierce,カン,つらぬ-く
寒,263,宀,12,3,cold,カン,さむ-い
喚,264,口,12,S,yell,カン,
堪,265,土,12,S,withstand,カン,た-える
換,266,手,12,S,interchange,カン,か-える、か-わる
敢,267,攴,12,S,daring,カン,
棺,268,木,12,S,coffin,カン,
款,269,欠,12,S,goodwill,カン,
間,270,門,12,2,interval,カン、ケン,あいだ、ま
閑,271,門,12,S,leisure,カン,
勧,272,力,13,S,persuade,カン,すす-める
寛,273,宀,13,S,tolerant,カン,
幹,274,干,13,5,tree-trunk,カン,みき
感,275,心,13,3,feeling,カン,
漢,276,水,13,3,China,カン,
慣,277,心,14,5,accustomed,カン,な-れる、な-らす
管,278,竹,14,4,pipe,カン,くだ
関,279,門,14,4,related,カン,せき、かか-わる
歓,280,欠,15,S,delight,カン,
監,281,皿,15,S,oversee,カン,
緩,282,糸,15,S,slacken,カン,ゆる-い、ゆる-やか、ゆる-む、ゆる-める
憾,283,心,16,S,remorse,カン,
還,284,辵,16,S,send back,カン,
館,285,食,16,3,public building,カン,やかた
環,286,玉,17,S,ring,カン,
簡,287,竹,18,6,simplicity,カン,
観,288,見,18,4,observe,カン,
韓,289,韋,18,S,Korea,カン,
艦,290,舟,21,S,warship,カン,
鑑,291,金,23,S,specimen,カン,かんが-みる
丸,292,丶,3,2,circle,ガン,まる、まる-い、まる-める
含,293,口,7,S,include,ガン,ふく-む、ふく-める
岸,294,山,8,3,beach,ガン,きし
岩,295,山,8,2,boulder,ガン,いわ
玩,296,玉,8,S,trifle with,ガン,
眼,297,目,11,5,eyeball,ガン、（ゲン）,まなこ
頑,298,頁,13,S,stubborn,ガン,
顔,299,頁,18,2,face,ガン,かお
願,300,頁,19,4,request,ガン,ねが-う
企,301,人,6,S,plan,キ,くわだ-てる
伎,302,人,6,S,deed,キ,
危,303,卩,6,6,dangerous,キ,あぶ-ない、あや-うい、あや-ぶむ
机,304,木,6,6,desk,キ,つくえ
気,305,气,6,1,feeling,キ、ケ,
岐,306,山,7,4,branch off,キ,
希,307,巾,7,4,hope,キ,
忌,308,心,7,S,mourning,キ,い-む、い-まわしい
汽,309,水,7,2,steam,キ,
奇,310,大,8,S,strange,キ,
祈,311,示,8,S,pray,キ,いの-る
季,312,子,8,4,seasons,キ,
紀,313,糸,9,5,chronicle,キ,
軌,314,車,9,S,rut,キ,
既,315,无,10,S,previously,キ,すで-に
記,316,言,10,2,write down,キ,しる-す
起,317,走,10,3,wake up,キ,お-きる、お-こる、お-こす
飢,318,食,10,S,hungry,キ,う-える
鬼,319,鬼,10,S,ghost,キ,おに
帰,320,止,10,2,return,キ,かえ-る、かえ-す
基,321,土,11,5,foundation,キ,もと、もとい
寄,322,宀,11,5,approach,キ,よ-る、よ-せる
規,323,見,11,5,rule,キ,
亀,324,龜,11,S,turtle,キ,かめ
喜,325,口,12,5,rejoice,キ,よろこ-ぶ
幾,326,幺,12,S,how many,キ,いく
揮,327,手,12,6,brandish,キ,
期,328,月,12,3,period of time,キ、（ゴ）,
棋,329,木,12,S,chess piece,キ,
貴,330,貝,12,6,precious,キ,たっと-い、とうと-い、たっと-ぶ、とうと-ぶ
棄,331,木,13,S,abandon,キ,
毀,332,殳,13,S,destroy,キ,
旗,333,方,14,4,national flag,キ,はた
器,334,口,15,4,container,キ,うつわ
畿,335,田,15,S,capital,キ,
輝,336,車,15,S,radiance,キ,かがや-く
機,337,木,16,4,machine,キ,はた
騎,338,馬,18,S,equestrian,キ,
技,339,手,7,5,skill,ギ,わざ
宜,340,宀,8,S,best regards,ギ,
偽,341,人,11,S,falsehood,ギ,いつわ-る、にせ
欺,342,欠,12,S,deceit,ギ,あざむ-く
義,343,羊,13,5,righteousness,ギ,
疑,344,疋,14,6,doubt,ギ,うたが-う
儀,345,人,15,S,ceremony,ギ,
戯,346,戈,15,S,frolic,ギ,たわむ-れる
擬,347,手,17,S,mimic,ギ,
犠,348,牛,17,S,sacrifice,ギ,
議,349,言,20,4,deliberation,ギ,
菊,350,艸,11,S,chrysanthemum,キク,
吉,351,口,6,S,good luck,キチ、キツ,
喫,352,口,12,S,consume,キツ,
詰,353,言,13,S,packed,キツ,つ-める、つ-まる、つ-む
却,354,卩,7,S,instead,キャク,
客,355,宀,9,3,guest,キャク、カク,
脚,356,肉,11,S,leg,キャク、（キャ）,あし
逆,357,辵,9,5,inverted,ギャク,さか、さか-らう
虐,358,虍,9,S,tyrannize,ギャク,しいた-げる
九,359,乙,2,1,nine,キュウ、ク,ここの、ここの-つ
久,360,丿,3,5,long time,キュウ、（ク）,ひさ-しい
及,361,又,3,S,reach out,キュウ,およ-ぶ、およ-び、およ-ぼす
弓,362,弓,3,2,"bow (archery, violin)",キュウ,ゆみ
丘,363,一,5,S,hill,キュウ,おか
旧,364,臼,5,5,old times,キュウ,
休,365,人,6,1,rest,キュウ,やす-む、やす-まる、やす-める
吸,366,口,6,6,suck,キュウ,す-う
朽,367,木,6,S,decay,キュウ,く-ちる
臼,368,臼,6,S,mortar,キュウ,うす
求,369,水,7,4,request,キュウ,もと-める
究,370,穴,7,3,research,キュウ,きわ-める
泣,371,水,8,4,cry,キュウ,な-く
急,372,心,9,3,hurry,キュウ,いそ-ぐ
級,373,糸,9,3,rank,キュウ,
糾,374,糸,9,S,twist,キュウ,
宮,375,宀,10,3,Shinto shrine,キュウ、グウ、（ク）,みや
救,376,攴,11,5,salvation,キュウ,すく-う
球,377,玉,11,3,sphere,キュウ,たま
給,378,糸,12,4,salary,キュウ,
嗅,379,口,13,S,smell,キュウ,か-ぐ
窮,380,穴,15,S,hard up,キュウ,きわ-める、きわ-まる
牛,381,牛,4,2,cow,ギュウ,うし
去,382,厶,5,3,leave,キョ、コ,さ-る
巨,383,工,4,S,gigantic,キョ,
居,384,尸,8,5,reside,キョ,い-る
拒,385,手,8,S,repel,キョ,こば-む
拠,386,手,8,S,foothold,キョ、コ,
挙,387,手,10,4,raise,キョ,あ-げる、あ-がる
虚,388,虍,11,S,void,キョ、（コ）,
許,389,言,11,5,permit,キョ,ゆる-す
距,390,足,12,S,long-distance,キョ,
魚,391,魚,11,2,fish,ギョ,うお、さかな
御,392,彳,12,S,honorable,ギョ、ゴ,おん
漁,393,水,14,4,fishing,ギョ、リョウ,
凶,394,凵,4,S,villain,キョウ,
共,395,八,6,4,together,キョウ,とも
叫,396,口,6,S,shout,キョウ,さけ-ぶ
狂,397,犬,7,S,lunatic,キョウ,くる-う、くる-おしい
京,398,亠,8,2,capital,キョウ、ケイ,
享,399,亠,8,S,receive,キョウ,
供,400,人,8,6,offer,キョウ、（ク）,そな-える、とも
協,401,十,8,4,cooperation,キョウ,
況,402,水,8,S,condition,キョウ,
峡,403,山,9,S,gorge,キョウ,
挟,404,手,9,S,pinch,キョウ,はさ-む、はさ-まる
狭,405,犬,9,S,cramped,キョウ,せま-い、せば-める、せば-まる
恐,406,心,10,S,fear,キョウ,おそ-れる、おそ-ろしい
恭,407,心,10,S,respect,キョウ,うやうや-しい
胸,408,肉,10,6,bosom,キョウ,むね、（むな）
脅,409,肉,10,S,threaten,キョウ,おびや-かす、おど-す、おど-かす
強,410,弓,11,2,strong,キョウ、ゴウ,つよ-い、つよ-まる、つよ-める、し-いる
教,411,攴,11,2,teach,キョウ,おし-える、おそ-わる
郷,412,邑,11,6,home town,キョウ、ゴウ,
境,413,土,14,5,boundary,キョウ、（ケイ）,さかい
橋,414,木,16,3,bridge,キョウ,はし
矯,415,矢,17,S,rectify,キョウ,た-める
鏡,416,金,19,4,mirror,キョウ,かがみ
競,417,立,20,4,compete,キョウ、ケイ,きそ-う、せ-る
響,418,音,20,S,echo,キョウ,ひび-く
驚,419,馬,22,S,wonder,キョウ,おどろ-く、おどろ-かす
仰,420,人,6,S,face-up,ギョウ、（コウ）,あお-ぐ、おお-せ
暁,421,日,12,S,daybreak,ギョウ,あかつき
業,422,木,13,3,business,ギョウ、ゴウ,わざ
凝,423,冫,16,S,congeal,ギョウ,こ-る、こ-らす
曲,424,曰,6,3,musical composition,キョク,ま-がる、ま-げる
局,425,尸,7,3,office,キョク,
極,426,木,12,4,poles,キョク、ゴク,きわ-める、きわ-まる、きわ-み
玉,427,玉,5,1,ball,ギョク,たま
巾,428,巾,3,S,towel,キン,
斤,429,斤,4,S,axe,キン,
均,430,土,7,5,level,キン,
近,431,辵,7,2,near,キン,ちか-い
金,432,金,8,1,gold,キン、コン,かね、（かな）
菌,433,艸,11,S,germ,キン,
勤,434,力,12,6,diligence,キン、（ゴン）,つと-める、つと-まる
琴,435,玉,12,S,harp,キン,こと
筋,436,竹,12,6,muscle,キン,すじ
僅,437,人,13,S,a wee bit,キン,わず-か
禁,438,示,13,5,prohibition,キン,
緊,439,糸,15,S,tense,キン,
錦,440,金,16,S,brocade,キン,にしき
謹,441,言,17,S,discreet,キン,つつし-む
襟,442,衣,18,S,collar,キン,えり
吟,443,口,7,S,versify,ギン,
銀,444,金,14,3,silver,ギン,
区,445,匸,4,3,ward,ク,
句,446,口,5,5,phrase,ク,
苦,447,艸,8,3,suffer,ク,くる-しい、くる-しむ、くる-しめる、にが-い、にが-る
駆,448,馬,14,S,drive,ク,か-ける、か-る
具,449,八,8,3,tool,グ,
惧,450,心,11,S,dread,グ,
愚,451,心,13,S,foolish,グ,おろ-か
空,452,穴,8,1,sky,クウ,そら、あ-く、あ-ける、から
偶,453,人,11,S,accidentally,グウ,
遇,454,辵,12,S,interview,グウ,
隅,455,阜,12,S,corner,グウ,すみ
串,456,丨,7,S,skewer,,くし
屈,457,尸,8,S,yield,クツ,
掘,458,手,11,S,dig,クツ,ほ-る
窟,459,穴,13,S,cavern,クツ,
熊,460,火,14,4,bear,,くま
繰,461,糸,19,S,winding,,く-る
君,462,口,7,3,you,クン,きみ
訓,463,言,10,4,instruction,クン,
勲,464,力,15,S,meritorious deed,クン,
薫,465,艸,16,S,fragrant,クン,かお-る
軍,466,車,9,4,army,グン,
郡,467,邑,10,4,county,グン,
群,468,羊,13,4,flock,グン,む-れる、む-れ、（むら）
兄,469,儿,5,2,older brother,ケイ、（キョウ）,あに
刑,470,刀,6,S,punish,ケイ,
形,471,彡,7,2,shape,ケイ、ギョウ,かた、かたち
系,472,糸,7,6,lineage,ケイ,
径,473,彳,8,4,diameter,ケイ,
茎,474,艸,8,S,stalk,ケイ,くき
係,475,人,9,3,person in charge,ケイ,かか-る、かかり
型,476,土,9,5,model,ケイ,かた
契,477,大,9,S,pledge,ケイ,ちぎ-る
計,478,言,9,2,measure,ケイ,はか-る、はか-らう
恵,479,心,10,S,favor,ケイ、エ,めぐ-む
啓,480,口,11,S,disclose,ケイ,
掲,481,手,11,S,put up (a notice),ケイ,かか-げる
渓,482,水,11,S,mountain stream,ケイ,
経,483,糸,11,5,manage,ケイ、キョウ,へ-る
蛍,484,虫,11,S,lightning-bug,ケイ,ほたる
敬,485,攴,12,6,respect,ケイ,うやま-う
景,486,日,12,4,scenery,ケイ,
軽,487,車,12,3,lightweight,ケイ,かる-い、かろ-やか
傾,488,人,13,S,lean,ケイ,かたむ-く、かたむ-ける
携,489,手,13,S,portable,ケイ,たずさ-える、たずさ-わる
継,490,糸,13,S,inherit,ケイ,つ-ぐ
詣,491,言,13,S,visit a temple,ケイ,もう-でる
慶,492,心,15,S,jubilation,ケイ,
憬,493,心,15,S,long for,ケイ,
稽,494,禾,15,S,consider,ケイ,
憩,495,心,16,S,recess,ケイ,いこ-い、いこ-う
警,496,言,19,6,guard against,ケイ,
鶏,497,鳥,19,S,chicken,ケイ,にわとり
芸,498,艸,7,4,art,ゲイ,
迎,499,辵,7,S,welcome,ゲイ,むか-える
鯨,500,魚,19,S,whale,ゲイ,くじら
隙,501,阜,13,S,fissure,ゲキ,すき
劇,502,刀,15,6,drama,ゲキ,
撃,503,手,15,S,beat,ゲキ,う-つ
激,504,水,16,6,violent,ゲキ,はげ-しい
桁,505,木,10,S,beam,,けた
欠,506,缶,4,4,lack,ケツ,か-ける、か-く
穴,507,穴,5,6,hole,ケツ,あな
血,508,血,6,3,blood,ケツ,ち
決,509,水,7,3,decide,ケツ,き-める、き-まる
結,510,糸,12,4,tie,ケツ,むす-ぶ、ゆ-う、ゆ-わえる
傑,511,人,13,S,greatness,ケツ,
潔,512,水,15,5,undefiled,ケツ,いさぎよ-い
月,513,月,4,1,"month, moon",ゲツ、ガツ,つき
犬,514,犬,4,1,dog,ケン,いぬ
件,515,人,6,5,affair,ケン,
見,516,見,7,1,see,ケン,み-る、み-える、み-せる
券,517,刀,8,6,ticket,ケン,
肩,518,肉,8,S,shoulder,ケン,かた
建,519,廴,9,4,build,ケン、（コン）,た-てる、た-つ
研,520,石,9,3,sharpen,ケン,と-ぐ
県,521,糸,9,3,prefecture,ケン,
倹,522,人,10,S,frugal,ケン,
兼,523,八,10,S,concurrently,ケン,か-ねる
剣,524,刀,10,S,sabre,ケン,つるぎ
拳,525,手,10,S,fist,ケン,こぶし
軒,526,車,10,S,flats,ケン,のき
健,527,人,11,4,healthy,ケン,すこ-やか
険,528,阜,11,5,precipitous,ケン,けわ-しい
圏,529,囗,12,S,sphere,ケン,
堅,530,土,12,S,strict,ケン,かた-い
検,531,木,12,5,examine,ケン,
嫌,532,女,13,S,dislike,ケン、（ゲン）,きら-う、いや
献,533,犬,13,S,offering,ケン、（コン）,
絹,534,糸,13,6,silk,ケン,きぬ
遣,535,辵,13,S,dispatch,ケン,つか-う、つか-わす
権,536,木,15,6,rights,ケン、（ゴン）,
憲,537,心,16,6,constitution,ケン,
賢,538,貝,16,S,intelligent,ケン,かしこ-い
謙,539,言,17,S,self-effacing,ケン,
鍵,540,金,17,S,key,ケン,かぎ
繭,541,糸,18,S,cocoon,ケン,まゆ
顕,542,頁,18,S,appear,ケン,
験,543,馬,18,4,test,ケン、（ゲン）,
懸,544,心,20,S,suspend,ケン、（ケ）,か-ける、か-かる
元,545,儿,4,2,origin,ゲン、ガン,もと
幻,546,幺,4,S,phantasm,ゲン,まぼろし
玄,547,玄,5,S,mysterious,ゲン,
言,548,言,7,2,say,ゲン、ゴン,い-う、こと
弦,549,弓,8,S,bowstring,ゲン,つる
限,550,阜,9,5,limit,ゲン,かぎ-る
原,551,厂,10,2,field,ゲン,はら
現,552,玉,11,5,appear,ゲン,あらわ-れる、あらわ-す
舷,553,舟,11,S,gunwale,ゲン,
減,554,水,12,5,decrease,ゲン,へ-る、へ-らす
源,555,水,13,6,origin,ゲン,みなもと
厳,556,口,17,6,strict,ゲン、（ゴン）,おごそ-か、きび-しい
己,557,己,3,6,self,コ、キ,おのれ
戸,558,戶,4,2,door,コ,と
古,559,口,5,2,old,コ,ふる-い、ふる-す
呼,560,口,8,6,call,コ,よ-ぶ
固,561,囗,8,4,hard,コ,かた-める、かた-まる、かた-い
股,562,肉,8,S,crotch,コ,また
虎,563,虍,8,S,tiger,コ,とら
孤,564,子,9,S,orphan,コ,
弧,565,弓,9,S,arc,コ,
故,566,攴,9,5,circumstances,コ,ゆえ
枯,567,木,9,S,wither,コ,か-れる、か-らす
個,568,人,10,5,individual,コ,
庫,569,广,10,3,warehouse,コ、（ク）,
湖,570,水,12,3,lake,コ,みずうみ
雇,571,隹,12,S,employ,コ,やと-う
誇,572,言,13,S,boast,コ,ほこ-る
鼓,573,鼓,13,S,drum,コ,つづみ
錮,574,金,16,S,tie up,コ,
顧,575,頁,21,S,look back,コ,かえり-みる
五,576,二,4,1,five,ゴ,いつ、いつ-つ
互,577,二,4,S,mutually,ゴ,たが-い
午,578,十,4,2,noon,ゴ,
呉,579,口,7,S,give,ゴ,
後,580,彳,9,2,behind,ゴ、コウ,のち、うし-ろ、あと、おく-れる
娯,581,女,10,S,recreation,ゴ,
悟,582,心,10,S,enlightenment,ゴ,さと-る
碁,583,石,13,S,Go,ゴ,
語,584,言,14,2,language,ゴ,かた-る、かた-らう
誤,585,言,14,6,mistake,ゴ,あやま-る
護,586,言,20,5,safeguard,ゴ,
口,587,口,3,1,mouth,コウ、ク,くち
工,588,工,3,2,craft,コウ、ク,
公,589,八,4,2,public,コウ,おおやけ
勾,590,勹,4,S,capture,コウ,
孔,591,子,4,S,cavity,コウ,
功,592,力,5,4,achievement,コウ、（ク）,
巧,593,工,5,S,adroit,コウ,たく-み
広,594,广,5,2,wide,コウ,ひろ-い、ひろ-まる、ひろ-める、ひろ-がる、ひろ-げる
甲,595,田,5,S,armor,コウ、カン,
交,596,亠,6,2,mix,コウ,まじ-わる、まじ-える、ま-じる、ま-ざる、ま-ぜる、か-う、か-わす
光,597,儿,6,2,ray,コウ,ひか-る、ひかり
向,598,口,6,3,over there,コウ,む-く、む-ける、む-かう、む-こう
后,599,口,6,6,empress,コウ,
好,600,女,6,4,like,コウ,この-む、す-く
江,601,水,6,S,inlet,コウ,え
考,602,老,6,2,think,コウ,かんが-える
行,603,行,6,2,go,コウ、ギョウ、（アン）,い-く、ゆ-く、おこな-う
坑,604,土,7,S,pit,コウ,
孝,605,子,7,6,filial piety,コウ,
抗,606,手,7,S,confront,コウ,
攻,607,攴,7,S,aggression,コウ,せ-める
更,608,曰,7,S,grow late,コウ,さら、ふ-ける、ふ-かす
効,609,力,8,5,effect,コウ,き-く
幸,610,干,8,3,happiness,コウ,さいわ-い、さち、しあわ-せ
拘,611,手,8,S,arrest,コウ,
肯,612,肉,8,S,agreement,コウ,
侯,613,人,9,S,marquis,コウ,
厚,614,厂,9,5,thick,コウ,あつ-い
恒,615,心,9,S,constancy,コウ,
洪,616,水,9,S,deluge,コウ,
皇,617,白,9,6,emperor,コウ、オウ,
紅,618,糸,9,6,deep red,コウ、（ク）,べに、くれない
荒,619,艸,9,S,laid waste,コウ,あら-い、あ-れる、あ-らす
郊,620,邑,9,S,outskirts,コウ,
香,621,香,9,4,incense,コウ、（キョウ）,か、かお-り、かお-る
候,622,人,10,4,climate,コウ,そうろう
校,623,木,10,1,school,コウ,
耕,624,耒,10,5,till,コウ,たがや-す
航,625,舟,10,5,cruise,コウ,
貢,626,貝,10,S,tribute,コウ、（ク）,みつ-ぐ
降,627,阜,10,6,descend,コウ,お-りる、お-ろす、ふ-る
高,628,高,10,2,"tall, expensive",コウ,たか-い、たか、たか-まる、たか-める
康,629,广,11,4,health,コウ,
控,630,手,11,S,withdraw,コウ,ひか-える
梗,631,木,11,S,close up,コウ,
黄,632,黃,11,2,yellow,コウ、オウ,き、（こ）
喉,633,口,12,S,throat,コウ,のど
慌,634,心,12,S,disconcerted,コウ,あわ-てる、あわ-ただしい
港,635,水,12,3,harbor,コウ,みなと
硬,636,石,12,S,stiff,コウ,かた-い
絞,637,糸,12,S,strangle,コウ,しぼ-る、し-める、し-まる
項,638,頁,12,S,paragraph,コウ,
溝,639,水,13,S,gutter,コウ,みぞ
鉱,640,金,13,5,mineral,コウ,
構,641,木,14,5,construct,コウ,かま-える、かま-う
綱,642,糸,14,S,hawser,コウ,つな
酵,643,酉,14,S,fermentation,コウ,
稿,644,禾,15,S,draft,コウ,
興,645,臼,16,5,entertain,コウ、キョウ,おこ-る、おこ-す
衡,646,行,16,S,equilibrium,コウ,
鋼,647,金,16,6,steel,コウ,はがね
講,648,言,17,5,lecture,コウ,
購,649,貝,17,S,subscription,コウ,
乞,650,乙,3,S,beg,,こ-う
号,651,虍,5,3,number,ゴウ,
合,652,口,6,2,fit,ゴウ、ガッ、（カッ）,あ-う、あ-わす、あ-わせる
拷,653,手,9,S,torture,ゴウ,
剛,654,刀,10,S,sturdy,ゴウ,
傲,655,人,13,S,be proud,ゴウ,
豪,656,豕,14,S,overpowering,ゴウ,
克,657,儿,7,S,overcome,コク,
告,658,口,7,5,tell,コク,つ-げる
谷,659,谷,7,2,valley,コク,たに
刻,660,刀,8,6,engrave,コク,きざ-む
国,661,囗,8,2,country,コク,くに
黒,662,黑,11,2,black,コク,くろ、くろ-い
穀,663,禾,14,6,cereals,コク,
酷,664,酉,14,S,cruel,コク,
獄,665,犬,14,S,prison,ゴク,
骨,666,骨,10,6,bone,コツ,ほね
駒,667,馬,15,S,horse,,こま
込,668,辵,5,S,crowded,,こ-む、こ-める
頃,669,頁,11,S,times,,ころ
今,670,人,4,2,now,コン、キン,いま
困,671,囗,7,6,become distressed,コン,こま-る
昆,672,日,8,S,descendants,コン,
恨,673,心,9,S,rancor,コン,うら-む、うら-めしい
根,674,木,10,3,root,コン,ね
婚,675,女,11,S,marriage,コン,
混,676,水,11,5,mix,コン,ま-じる、ま-ざる、ま-ぜる、こ-む
痕,677,疒,11,S,mark,コン,あと
紺,678,糸,11,S,dark blue,コン,
魂,679,鬼,14,S,soul,コン,たましい
墾,680,土,16,S,ground-breaking,コン,
懇,681,心,17,S,sociable,コン,ねんご-ろ
左,682,工,5,1,left (direction),サ,ひだり
佐,683,人,7,4,help,サ,
沙,684,水,7,S,sand,サ,
査,685,木,9,5,investigate,サ,
砂,686,石,9,6,sand,サ、シャ,すな
唆,687,口,10,S,tempt,サ,そそのか-す
差,688,工,10,4,distinction,サ,さ-す
詐,689,言,12,S,lie,サ,
鎖,690,金,18,S,chain,サ,くさり
座,691,广,10,6,sit,ザ,すわ-る
挫,692,手,10,S,sprain,ザ,
才,693,手,3,2,genius,サイ,
再,694,冂,6,5,again,サイ、（サ）,ふたた-び
災,695,火,7,5,disaster,サイ,わざわ-い
妻,696,女,8,5,wife,サイ,つま
采,697,釆,8,S,form,サイ,
砕,698,石,9,S,smash,サイ,くだ-く、くだ-ける
宰,699,宀,10,S,superintend,サイ,
栽,700,木,10,S,plantation,サイ,
彩,701,彡,11,S,coloring,サイ,いろど-る
採,702,手,11,5,pick,サイ,と-る
済,703,水,11,6,settle,サイ,す-む、す-ます
祭,704,示,11,3,festival,サイ,まつ-る、まつ-り
斎,705,齊,11,S,purification,サイ,
細,706,糸,11,2,thin,サイ,ほそ-い、ほそ-る、こま-か、こま-かい
菜,707,艸,11,4,vegetable,サイ,な
最,708,曰,12,4,most,サイ,もっと-も
裁,709,衣,12,6,judge,サイ,た-つ、さば-く
債,710,人,13,S,bond,サイ,
催,711,人,13,S,sponsor,サイ,もよお-す
塞,712,土,13,S,obstruct,サイ、ソク,ふさ-ぐ、ふさ-がる
歳,713,止,13,S,year-end,サイ、（セイ）,
載,714,車,13,S,ride,サイ,の-せる、の-る
際,715,阜,14,5,occasion,サイ,きわ
埼,716,土,11,4,cape (geography),,（さい）[6]
在,717,土,6,5,exist,ザイ,あ-る
材,718,木,7,4,lumber,ザイ,
剤,719,刀,10,S,dose,ザイ,
財,720,貝,10,5,wealth,ザイ、（サイ）,
罪,721,网,13,5,guilt,ザイ,つみ
崎,722,山,11,4,promontory,,さき
作,723,人,7,2,make,サク、サ,つく-る
削,724,刀,9,S,plane,サク,けず-る
昨,725,日,9,4,previous,サク,
柵,726,木,9,S,fence,サク,
索,727,糸,10,S,cord,サク,
策,728,竹,12,6,scheme,サク,
酢,729,酉,12,S,vinegar,サク,す
搾,730,手,13,S,squeeze,サク,しぼ-る
錯,731,金,16,S,confused,サク,
咲,732,口,9,S,blossom,,さ-く
冊,733,冂,5,6,counter for books,サツ、サク,
札,734,木,5,4,tag,サツ,ふだ
刷,735,刀,8,4,printing,サツ,す-る
刹,736,刀,8,S,temple,サツ、セツ,
拶,737,手,9,S,be imminent,サツ,
殺,738,殳,10,5,kill,サツ、（サイ）、（セツ）,ころ-す
察,739,宀,14,4,guess,サツ,
撮,740,手,15,S,snapshot,サツ,と-る
擦,741,手,17,S,grate,サツ,す-る、す-れる
雑,742,隹,14,5,miscellaneous,ザツ、ゾウ,
皿,743,皿,5,3,dish,,さら
三,744,一,3,1,three,サン,み、み-つ、みっ-つ
山,745,山,3,1,mountain,サン,やま
参,746,厶,8,4,participate,サン,まい-る
桟,747,木,10,S,scaffold,サン,
蚕,748,虫,10,6,silkworm,サン,かいこ
惨,749,心,11,S,wretched,サン、ザン,みじ-め
産,750,生,11,4,give birth,サン,う-む、う-まれる、うぶ
傘,751,人,12,S,umbrella,サン,かさ
散,752,攴,12,4,scatter,サン,ち-る、ち-らす、ち-らかす、ち-らかる
算,753,竹,14,2,calculate,サン,
酸,754,酉,14,5,acid,サン,す-い
賛,755,貝,15,5,approve,サン,
残,756,歹,10,4,remainder,ザン,のこ-る、のこ-す
斬,757,斤,11,S,kill by slicing,ザン,き-る
暫,758,日,15,S,temporarily,ザン,
士,759,士,3,5,gentleman,シ,
子,760,子,3,1,child,シ、ス,こ
支,761,支,4,5,branch,シ,ささ-える
止,762,止,4,2,stop,シ,と-まる、と-める
氏,763,氏,4,4,family name,シ,うじ
仕,764,人,5,3,do,シ、（ジ）,つか-える
史,765,口,5,5,history,シ,
司,766,口,5,4,director,シ,
四,767,囗,5,1,four,シ,よ、よ-つ、よっ-つ、よん
市,768,巾,5,2,market,シ,いち
矢,769,矢,5,2,arrow,シ,や
旨,770,日,6,S,delicious,シ,むね
死,771,歹,6,3,death,シ,し-ぬ
糸,772,糸,6,1,thread,シ,いと
至,773,至,6,6,climax,シ,いた-る
伺,774,人,7,S,pay respects,シ,うかが-う
志,775,心,7,5,intention,シ,こころざ-す、こころざし
私,776,禾,7,6,me,シ,わたくし、わたし
使,777,人,8,3,use,シ,つか-う
刺,778,刀,8,S,thorn,シ,さ-す、さ-さる
始,779,女,8,3,begin,シ,はじ-める、はじ-まる
姉,780,女,8,2,older sister,シ,あね
枝,781,木,8,5,branch,シ,えだ
祉,782,示,8,S,welfare,シ,
肢,783,肉,8,S,limb,シ,
姿,784,女,9,6,figure,シ,すがた
思,785,心,9,2,think,シ,おも-う
指,786,手,9,3,finger,シ,ゆび、さ-す
施,787,方,9,S,carry out,シ、セ,ほどこ-す
師,788,巾,10,5,expert,シ,
恣,789,心,10,S,selfish,シ,
紙,790,糸,10,2,paper,シ,かみ
脂,791,肉,10,S,fat,シ,あぶら
視,792,見,11,6,look at,シ,
紫,793,糸,12,S,purple,シ,むらさき
詞,794,言,12,6,poetry,シ,
歯,795,齒,12,3,tooth,シ,は
嗣,796,口,13,S,heir,シ,
試,797,言,13,4,test,シ,こころ-みる、ため-す
詩,798,言,13,3,poem,シ,
資,799,貝,13,5,resources,シ,
飼,800,食,13,5,domesticate,シ,か-う
誌,801,言,14,6,document,シ,
雌,802,隹,14,S,feminine,シ,め、めす
摯,803,手,15,S,seriousness,シ,
賜,804,貝,15,S,grant,シ,たまわ-る
諮,805,言,16,S,consult with,シ,はか-る
示,806,示,5,5,indicate,ジ、シ,しめ-す
字,807,子,6,1,letter,ジ,あざ
寺,808,寸,6,2,Buddhist temple,ジ,てら
次,809,欠,6,3,next,ジ、シ,つ-ぐ、つぎ
耳,810,耳,6,1,ear,ジ,みみ
自,811,自,6,2,oneself,ジ、シ,みずか-ら
似,812,人,7,5,becoming,ジ,に-る
児,813,儿,7,4,child,ジ、（ニ）,
事,814,亅,8,3,abstract thing,ジ、（ズ）,こと
侍,815,人,8,S,waiter,ジ,さむらい
治,816,水,8,4,govern,ジ、チ,おさ-める、おさ-まる、なお-る、なお-す
持,817,手,9,3,hold,ジ,も-つ
時,818,日,10,2,time,ジ,とき
滋,819,水,12,4,nourishing,ジ,
慈,820,心,13,S,mercy,ジ,いつく-しむ
辞,821,辛,13,4,resign,ジ,や-める
磁,822,石,14,6,magnet,ジ,
餌,823,食,15,S,bait,ジ,えさ、え
璽,824,玉,19,S,emperor's seal,ジ,
鹿,825,鹿,11,4,deer,,しか、（か）
式,826,弋,6,3,style,シキ,
識,827,言,19,5,discriminating,シキ,
軸,828,車,12,S,axis,ジク,
七,829,一,2,1,seven,シチ,なな、なな-つ、（なの）
𠮟,830,口,5,S,scold,シツ,しか-る
失,831,大,5,4,lose,シツ,うしな-う
室,832,宀,9,2,room,シツ,むろ
疾,833,疒,10,S,rapidly,シツ,
執,834,土,11,S,tenacious,シツ、シュウ,と-る
湿,835,水,12,S,damp,シツ,しめ-る、しめ-す
嫉,836,女,13,S,envy,シツ,
漆,837,水,14,S,lacquer,シツ,うるし
質,838,貝,15,5,quality,シツ、シチ、（チ）,
実,839,宀,8,3,truth,ジツ,み、みの-る
芝,840,艸,6,S,turf,,しば
写,841,宀,5,3,copy,シャ,うつ-す、うつ-る
社,842,示,7,2,company,シャ,やしろ
車,843,車,7,1,car,シャ,くるま
舎,844,舌,8,5,cottage,シャ,
者,845,老,8,3,someone,シャ,もの
射,846,寸,10,6,shoot,シャ,い-る
捨,847,手,11,6,throw away,シャ,す-てる
赦,848,赤,11,S,pardon,シャ,
斜,849,斗,11,S,diagonal,シャ,なな-め
煮,850,火,12,S,boil,シャ,に-る、に-える、に-やす
遮,851,辵,14,S,intercept,シャ,さえぎ-る
謝,852,言,17,5,apologize,シャ,あやま-る
邪,853,邑,8,S,wicked,ジャ,
蛇,854,虫,11,S,snake,ジャ、ダ,へび
尺,855,尸,4,6,shaku,シャク,
借,856,人,10,4,borrow,シャク,か-りる
酌,857,酉,10,S,bartending,シャク,く-む
釈,858,釆,11,S,explanation,シャク,
爵,859,爪,17,S,baron,シャク,
若,860,艸,8,6,young,ジャク、（ニャク）,わか-い、も-しくは
弱,861,弓,10,2,weak,ジャク,よわ-い、よわ-る、よわ-まる、よわ-める
寂,862,宀,11,S,loneliness,ジャク、（セキ）,さび、さび-しい、さび-れる
手,863,手,4,1,hand,シュ,て、（た）
主,864,丶,5,3,master,シュ、（ス）,ぬし、おも
守,865,宀,6,3,protect,シュ、（ス）,まも-る、も-り
朱,866,木,6,S,vermilion,シュ,
取,867,又,8,3,take,シュ,と-る
狩,868,犬,9,S,hunt,シュ,か-る、か-り
首,869,首,9,2,neck,シュ,くび
殊,870,歹,10,S,particularly,シュ,こと
珠,871,玉,10,S,pearl,シュ,
酒,872,酉,10,3,alcoholic drink,シュ,さけ、（さか）
腫,873,肉,13,S,tumor,シュ,は-れる、は-らす
種,874,禾,14,4,kind,シュ,たね
趣,875,走,15,S,gist,シュ,おもむき
寿,876,士,7,S,longevity,ジュ,ことぶき
受,877,又,8,3,accept,ジュ,う-ける、う-かる
呪,878,口,8,S,curse,ジュ,のろ-う
授,879,手,11,5,instruct,ジュ,さず-ける、さず-かる
需,880,雨,14,S,demand,ジュ,
儒,881,人,16,S,Confucian,ジュ,
樹,882,木,16,6,trees,ジュ,
収,883,攴,4,6,take in,シュウ,おさ-める、おさ-まる
囚,884,囗,5,S,captured,シュウ,
州,885,巛,6,3,state,シュウ,す
舟,886,舟,6,S,boat,シュウ,ふね、（ふな）
秀,887,禾,7,S,excel,シュウ,ひい-でる
周,888,口,8,4,circumference,シュウ,まわ-り
宗,889,宀,8,6,religion,シュウ、ソウ,
拾,890,手,9,3,pick up,シュウ、ジュウ,ひろ-う
秋,891,禾,9,2,autumn,シュウ,あき
臭,892,自,9,S,stinking,シュウ,くさ-い、にお-う
修,893,人,10,5,discipline,シュウ、（シュ）,おさ-める、おさ-まる
袖,894,衣,10,S,sleeve,シュウ,そで
終,895,糸,11,3,end,シュウ,お-わる、お-える
羞,896,羊,11,S,feel ashamed,シュウ,
習,897,羽,11,3,learn,シュウ,なら-う
週,898,辵,11,2,week,シュウ,
就,899,尢,12,6,concerning,シュウ、（ジュ）,つ-く、つ-ける
衆,900,血,12,6,masses,シュウ、（シュ）,
集,901,隹,12,3,collect,シュウ,あつ-まる、あつ-める、つど-う
愁,902,心,13,S,distress,シュウ,うれ-える、うれ-い
酬,903,酉,13,S,repay,シュウ,
醜,904,酉,17,S,ugly,シュウ,みにく-い
蹴,905,足,19,S,kick,シュウ,け-る
襲,906,衣,22,S,attack,シュウ,おそ-う
十,907,十,2,1,ten,ジュウ、ジッ,とお、と
汁,908,水,5,S,soup,ジュウ,しる
充,909,儿,6,S,allot,ジュウ,あ-てる
住,910,人,7,3,dwelling,ジュウ,す-む、す-まう
柔,911,木,9,S,tender,ジュウ、ニュウ,やわ-らか、やわ-らかい
重,912,里,9,3,heavy,ジュウ、チョウ,え、おも-い、かさ-ねる、かさ-なる
従,913,彳,10,6,obey,ジュウ、（ショウ）、（ジュ）,したが-う、したが-える
渋,914,水,11,S,astringent,ジュウ,しぶ、しぶ-い、しぶ-る
銃,915,金,14,S,gun,ジュウ,
獣,916,犬,16,S,animal,ジュウ,けもの
縦,917,糸,16,6,vertical,ジュウ,たて
叔,918,又,8,S,uncle,シュク,
祝,919,示,9,4,celebrate,シュク、（シュウ）,いわ-う
宿,920,宀,11,3,inn,シュク,やど、やど-る、やど-す
淑,921,水,11,S,graceful,シュク,
粛,922,聿,11,S,solemn,シュク,
縮,923,糸,17,6,shrink,シュク,ちぢ-む、ちぢ-まる、ちぢ-める、ちぢ-れる、ちぢ-らす
塾,924,土,14,S,cram school,ジュク,
熟,925,火,15,6,ripen,ジュク,う-れる
出,926,凵,5,1,exit,シュツ、（スイ）,で-る、だ-す
述,927,辵,8,5,mention,ジュツ,の-べる
術,928,行,11,5,art,ジュツ,
俊,929,人,9,S,genius,シュン,
春,930,日,9,2,springtime,シュン,はる
瞬,931,目,18,S,wink,シュン,またた-く
旬,932,日,6,S,10-day period (of the month),ジュン、（シュン）,
巡,933,巛,6,S,patrol,ジュン,めぐ-る
盾,934,目,9,S,shield,ジュン,たて
准,935,冫,10,S,quasi-,ジュン,
殉,936,歹,10,S,martyrdom,ジュン,
純,937,糸,10,6,genuine,ジュン,
循,938,彳,12,S,sequential,ジュン,
順,939,頁,12,4,obey,ジュン,
準,940,水,13,5,standard,ジュン,
潤,941,水,15,S,wet,ジュン,うるお-う、うるお-す、うる-む
遵,942,辵,15,S,abide by,ジュン,
処,943,虍,5,6,dispose,ショ,
初,944,刀,7,4,first,ショ,はじ-め、はじ-めて、はつ、うい、そ-める
所,945,戶,8,3,place,ショ,ところ
書,946,曰,10,2,write,ショ,か-く
庶,947,广,11,S,commoner,ショ,
暑,948,日,12,3,hot,ショ,あつ-い
署,949,网,13,6,government office,ショ,
緒,950,糸,14,S,thong,ショ、（チョ）,お
諸,951,言,15,6,various,ショ,
女,952,女,3,1,woman,ジョ、ニョ、（ニョウ）,おんな、め
如,953,女,6,S,likeness,ジョ、ニョ,
助,954,力,7,3,help,ジョ,たす-ける、たす-かる、すけ
序,955,广,7,5,preface,ジョ,
叙,956,攴,9,S,confer,ジョ,
徐,957,彳,10,S,gradually,ジョ,
除,958,阜,10,6,exclude,ジョ、（ジ）,のぞ-く
小,959,小,3,1,small,ショウ,ちい-さい、こ、お
升,960,十,4,S,measuring box,ショウ,ます
少,961,小,4,2,few,ショウ,すく-ない、すこ-し
召,962,口,5,S,summon,ショウ,め-す
匠,963,匚,6,S,artisan,ショウ,
床,964,广,7,S,bed,ショウ,とこ、ゆか
抄,965,手,7,S,extract,ショウ,
肖,966,肉,7,S,resemblance,ショウ,
尚,967,小,8,S,esteem,ショウ,
招,968,手,8,5,beckon,ショウ,まね-く
承,969,手,8,6,acquiesce,ショウ,うけたまわ-る
昇,970,日,8,S,rise up,ショウ,のぼ-る
松,971,木,8,4,pine,ショウ,まつ
沼,972,水,8,S,marsh,ショウ,ぬま
昭,973,日,9,3,shining,ショウ,
宵,974,宀,10,S,wee hours,ショウ,よい
将,975,寸,10,6,leader,ショウ,
消,976,水,10,3,extinguish,ショウ,き-える、け-す
症,977,疒,10,S,symptoms,ショウ,
祥,978,示,10,S,auspicious,ショウ,
称,979,禾,10,S,appellation,ショウ,
笑,980,竹,10,4,laugh,ショウ,わら-う、え-む
唱,981,口,11,4,chant,ショウ,とな-える
商,982,口,11,3,sell,ショウ,あきな-う
渉,983,水,11,S,ford,ショウ,
章,984,立,11,3,chapter,ショウ,
紹,985,糸,11,S,introduce,ショウ,
訟,986,言,11,S,sue,ショウ,
勝,987,力,12,3,win,ショウ,か-つ、まさ-る
掌,988,手,12,S,manipulate,ショウ,
晶,989,日,12,S,sparkle,ショウ,
焼,990,火,12,4,bake,ショウ,や-く、や-ける
焦,991,火,12,S,char,ショウ,こ-げる、こ-がす、こ-がれる、あせ-る
硝,992,石,12,S,nitrate,ショウ,
粧,993,米,12,S,cosmetics,ショウ,
詔,994,言,12,S,imperial edict,ショウ,みことのり
証,995,言,12,5,evidence,ショウ,
象,996,豕,12,5,elephant,ショウ、ゾウ,
傷,997,人,13,6,wound,ショウ,きず、いた-む、いた-める
奨,998,大,13,S,exhort,ショウ,
照,999,火,13,4,illuminate,ショウ,て-る、て-らす、て-れる
詳,1000,言,13,S,detailed,ショウ,くわ-しい
彰,1001,彡,14,S,patent,ショウ,
障,1002,阜,14,6,hurt,ショウ,さわ-る
憧,1003,心,15,S,desire,ショウ,あこが-れる
衝,1004,行,15,S,collide,ショウ,
賞,1005,貝,15,5,prize,ショウ,
償,1006,人,17,S,reparation,ショウ,つぐな-う
礁,1007,石,17,S,reef,ショウ,
鐘,1008,金,20,S,bell,ショウ,かね
上,1009,一,3,1,up,ジョウ、（ショウ）,うえ、（うわ）、かみ、あ-げる、あ-がる、のぼ-る、のぼ-せる、のぼ-す
丈,1010,一,3,S,length,ジョウ,たけ
冗,1011,冖,4,S,superfluous,ジョウ,
条,1012,木,7,5,clause,ジョウ,
状,1013,犬,7,5,form,ジョウ,
乗,1014,丿,9,3,ride,ジョウ,の-る、の-せる
城,1015,土,9,4,castle,ジョウ,しろ
浄,1016,水,9,S,clean,ジョウ,
剰,1017,刀,11,S,surplus,ジョウ,
常,1018,巾,11,5,normal,ジョウ,つね、とこ
情,1019,心,11,5,feelings,ジョウ、（セイ）,なさ-け
場,1020,土,12,2,place,ジョウ,ば
畳,1021,田,12,S,tatami mat,ジョウ,たた-む、たたみ
蒸,1022,艸,13,6,steam,ジョウ,む-す、む-れる、む-らす
縄,1023,糸,15,4,straw rope,ジョウ,なわ
壌,1024,土,16,S,lot,ジョウ,
嬢,1025,女,16,S,lass,ジョウ,
錠,1026,金,16,S,lock,ジョウ,
譲,1027,言,20,S,defer,ジョウ,ゆず-る
醸,1028,酉,20,S,brew,ジョウ,かも-す
色,1029,色,6,2,color,ショク、シキ,いろ
拭,1030,手,9,S,wipe,ショク,ふ-く、ぬぐ-う
食,1031,食,9,2,"eat, meal",ショク、（ジキ）,く-う、く-らう、た-べる
植,1032,木,12,3,plant,ショク,う-える、う-わる
殖,1033,歹,12,S,augment,ショク,ふ-える、ふ-やす
飾,1034,食,13,S,decorate,ショク,かざ-る
触,1035,角,13,S,contact,ショク,ふ-れる、さわ-る
嘱,1036,口,15,S,entrust,ショク,
織,1037,糸,18,5,weave,ショク、シキ,お-る
職,1038,耳,18,5,employment,ショク,
辱,1039,辰,10,S,embarrass,ジョク,はずかし-める
尻,1040,尸,5,S,buttocks,,しり
心,1041,心,4,2,heart,シン,こころ
申,1042,田,5,3,say,シン,もう-す
伸,1043,人,7,S,lengthen,シン,の-びる、の-ばす、の-べる
臣,1044,臣,7,4,retainer,シン、ジン,
芯,1045,艸,7,S,core,シン,
身,1046,身,7,3,body,シン,み
辛,1047,辛,7,S,spicy,シン,から-い
侵,1048,人,9,S,encroach,シン,おか-す
信,1049,人,9,4,trust,シン,
津,1050,水,9,S,haven,シン,つ
神,1051,示,9,3,god,シン、ジン,かみ、（かん）、（こう）
唇,1052,口,10,S,lips,シン,くちびる
娠,1053,女,10,S,with child,シン,
振,1054,手,10,S,shake,シン,ふ-る、ふ-るう、ふ-れる
浸,1055,水,10,S,immersed,シン,ひた-す、ひた-る
真,1056,目,10,3,true,シン,ま
針,1057,金,10,6,needle,シン,はり
深,1058,水,11,3,deep,シン,ふか-い、ふか-まる、ふか-める
紳,1059,糸,11,S,sire,シン,
進,1060,辵,11,3,advance,シン,すす-む、すす-める
森,1061,木,12,1,forest,シン,もり
診,1062,言,12,S,checkup,シン,み-る
寝,1063,宀,13,S,lie down,シン,ね-る、ね-かす
慎,1064,心,13,S,humility,シン,つつし-む
新,1065,斤,13,2,new,シン,あたら-しい、あら-た、にい
審,1066,宀,15,S,examine,シン,
震,1067,雨,15,S,quake,シン,ふる-う、ふる-える
薪,1068,艸,16,S,fuel,シン,たきぎ
親,1069,見,16,2,parent,シン,おや、した-しい、した-しむ
人,1070,人,2,1,person,ジン、ニン,ひと
刃,1071,刀,3,S,blade,ジン,は
仁,1072,人,4,6,humanity,ジン、（ニ）,
尽,1073,皿,6,S,exhaust,ジン,つ-くす、つ-きる、つ-かす
迅,1074,辵,6,S,swift,ジン,
甚,1075,甘,9,S,tremendously,ジン,はなは-だ、はなは-だしい
陣,1076,阜,10,S,camp,ジン,
尋,1077,寸,12,S,inquire,ジン,たず-ねる
腎,1078,肉,13,S,kidney,ジン,
須,1079,頁,12,S,by all means,ス,
図,1080,囗,7,2,diagram,ズ、ト,はか-る
水,1081,水,4,1,water,スイ,みず
吹,1082,口,7,S,blow,スイ,ふ-く
垂,1083,土,8,6,droop,スイ,た-れる、た-らす
炊,1084,火,8,S,cook,スイ,た-く
帥,1085,巾,9,S,commander,スイ,
粋,1086,米,10,S,chic,スイ,いき
衰,1087,衣,10,S,decline,スイ,おとろ-える
推,1088,手,11,6,infer,スイ,お-す
酔,1089,酉,11,S,drunk,スイ,よ-う
遂,1090,辵,12,S,consummate,スイ,と-げる
睡,1091,目,13,S,drowsy,スイ,
穂,1092,禾,15,S,ear,スイ,ほ
随,1093,阜,12,S,follow,ズイ,
髄,1094,骨,19,S,marrow,ズイ,
枢,1095,木,8,S,hinge,スウ,
崇,1096,山,11,S,adore,スウ,
数,1097,攴,13,2,number,スウ、（ス）,かず、かぞ-える
据,1098,手,11,S,set,,す-える、す-わる
杉,1099,木,7,S,cedar,,すぎ
裾,1100,衣,13,S,cuff,,すそ
寸,1101,寸,3,6,measurement,スン,
瀬,1102,水,19,S,rapids,,せ
是,1103,日,9,S,just so,ゼ,
井,1104,二,4,4,well,セイ、（ショウ）,い
世,1105,一,5,3,world,セイ、セ,よ
正,1106,止,5,1,correct,セイ、ショウ,ただ-しい、ただ-す、まさ
生,1107,生,5,1,life,セイ、ショウ,い-きる、い-かす、い-ける、う-まれる、う-む、お-う、は-える、は-やす、き、なま
成,1108,戈,6,4,become,セイ、（ジョウ）,な-る、な-す
西,1109,襾,6,2,west,セイ、サイ,にし
声,1110,耳,7,2,voice,セイ、（ショウ）,こえ、（こわ）
制,1111,刀,8,5,control,セイ,
姓,1112,女,8,S,surname,セイ、ショウ,
征,1113,彳,8,S,subjugate,セイ,
性,1114,心,8,5,gender,セイ、ショウ,
青,1115,靑,8,1,blue,セイ、（ショウ）,あお、あお-い
斉,1116,齊,8,S,adjusted,セイ,
政,1117,攴,9,5,politics,セイ、（ショウ）,まつりごと
星,1118,日,9,2,star,セイ、（ショウ）,ほし
牲,1119,牛,9,S,animal sacrifice,セイ,
省,1120,目,9,4,government ministry,セイ、ショウ,かえり-みる、はぶ-く
凄,1121,冫,10,S,uncanny,セイ,
逝,1122,辵,10,S,departed,セイ,ゆ-く、い-く
清,1123,水,11,4,pure,セイ、（ショウ）,きよ-い、きよ-まる、きよ-める
盛,1124,皿,11,6,prosper,セイ、（ジョウ）,も-る、さか-る、さか-ん
婿,1125,女,12,S,bridegroom,セイ,むこ
晴,1126,日,12,2,clear up,セイ,は-れる、は-らす
勢,1127,力,13,5,power,セイ,いきお-い
聖,1128,耳,13,6,holy,セイ,
誠,1129,言,13,6,sincerity,セイ,まこと
精,1130,米,14,5,refined,セイ、（ショウ）,
製,1131,衣,14,5,manufacture,セイ,
誓,1132,言,14,S,vow,セイ,ちか-う
静,1133,靑,14,4,quiet,セイ、（ジョウ）,しず、しず-か、しず-まる、しず-める
請,1134,言,15,S,solicit,セイ、（シン）,こ-う、う-ける
整,1135,攴,16,3,put in order,セイ,ととの-える、ととの-う
醒,1136,酉,16,S,be disillusioned,セイ,
税,1137,禾,12,5,tax,ゼイ,
夕,1138,夕,3,1,evening,セキ,ゆう
斥,1139,斤,5,S,reject,セキ,
石,1140,石,5,1,stone,セキ、（シャク）、（コク）,いし
赤,1141,赤,7,1,red,セキ、（シャク）,あか、あか-い、あか-らむ、あか-らめる
昔,1142,日,8,3,long ago,セキ、（シャク）,むかし
析,1143,木,8,S,chop,セキ,
席,1144,巾,10,4,seat,セキ,
脊,1145,肉,10,S,stature,セキ,
隻,1146,隹,10,S,vessels,セキ,
惜,1147,心,11,S,pity,セキ,お-しい、お-しむ
戚,1148,戈,11,S,grieve,セキ,
責,1149,貝,11,5,blame,セキ,せ-める
跡,1150,足,13,S,tracks,セキ,あと
積,1151,禾,16,4,accumulate,セキ,つ-む、つ-もる
績,1152,糸,17,5,exploits,セキ,
籍,1153,竹,20,S,enroll,セキ,
切,1154,刀,4,2,cut,セツ、（サイ）,き-る、き-れる
折,1155,手,7,4,fold,セツ,お-る、おり、お-れる
拙,1156,手,8,S,bungling,セツ,つたな-い
窃,1157,穴,9,S,stealth,セツ,
接,1158,手,11,5,contact,セツ,つ-ぐ
設,1159,言,11,5,establish,セツ,もう-ける
雪,1160,雨,11,2,snow,セツ,ゆき
摂,1161,手,13,S,vicarious,セツ,
節,1162,竹,13,4,node,セツ、（セチ）,ふし
説,1163,言,14,4,theory,セツ、（ゼイ）,と-く
舌,1164,舌,6,6,tongue,ゼツ,した
絶,1165,糸,12,5,discontinue,ゼツ,た-える、た-やす、た-つ
千,1166,十,3,1,thousand,セン,ち
川,1167,巛,3,1,river,セン,かわ
仙,1168,人,5,S,hermit,セン,
占,1169,卜,5,S,fortune telling,セン,し-める、うらな-う
先,1170,儿,6,1,previous,セン,さき
宣,1171,宀,9,6,proclaim,セン,
専,1172,寸,9,6,specialty,セン,もっぱ-ら
泉,1173,水,9,6,spring,セン,いずみ
浅,1174,水,9,4,shallow,セン,あさ-い
洗,1175,水,9,6,wash,セン,あら-う
染,1176,木,9,6,dye,セン,そ-める、そ-まる、し-みる、し-み
扇,1177,戶,10,S,fan,セン,おうぎ
栓,1178,木,10,S,plug,セン,
旋,1179,方,11,S,rotation,セン,
船,1180,舟,11,2,boat,セン,ふね、（ふな）
戦,1181,戈,13,4,war,セン,いくさ、たたか-う
煎,1182,火,13,S,broil,セン,い-る
羨,1183,羊,13,S,envy,セン,うらや-む、うらや-ましい
腺,1184,肉,13,S,gland,セン,
詮,1185,言,13,S,discussion,セン,
践,1186,足,13,S,tread,セン,
箋,1187,竹,14,S,paper,セン,
銭,1188,金,14,6,coin,セン,ぜに
潜,1189,水,15,S,submerge,セン,ひそ-む、もぐ-る
線,1190,糸,15,2,line,セン,
遷,1191,辵,15,S,transition,セン,
選,1192,辵,15,4,choose,セン,えら-ぶ
薦,1193,艸,16,S,recommend,セン,すす-める
繊,1194,糸,17,S,slender,セン,
鮮,1195,魚,17,S,fresh,セン,あざ-やか
全,1196,入,6,3,whole,ゼン,まった-く、すべ-て
前,1197,刀,9,2,in front,ゼン,まえ
善,1198,口,12,6,good,ゼン,よ-い
然,1199,火,12,4,so,ゼン、ネン,
禅,1200,示,13,S,Zen,ゼン,
漸,1201,水,14,S,steadily,ゼン,
膳,1202,肉,16,S,tray,ゼン,
繕,1203,糸,18,S,darning,ゼン,つくろ-う
狙,1204,犬,8,S,aim at,ソ,ねら-う
阻,1205,阜,8,S,thwart,ソ,はば-む
祖,1206,示,9,5,ancestor,ソ,
租,1207,禾,10,S,tariff,ソ,
素,1208,糸,10,5,elementary,ソ、ス,
措,1209,手,11,S,set aside,ソ,
粗,1210,米,11,S,coarse,ソ,あら-い
組,1211,糸,11,2,association,ソ,く-む、くみ
疎,1212,疋,12,S,alienate,ソ,うと-い、うと-む
訴,1213,言,12,S,sue,ソ,うった-える
塑,1214,土,13,S,model,ソ,
遡,1215,辵,14,S,go upstream,ソ,さかのぼ-る
礎,1216,石,18,S,cornerstone,ソ,いしずえ
双,1217,隹,4,S,pair,ソウ,ふた
壮,1218,士,6,S,robust,ソウ,
早,1219,日,6,1,early,ソウ、（サッ）,はや-い、はや-まる、はや-める
争,1220,爪,6,4,conflict,ソウ,あらそ-う
走,1221,走,7,2,run,ソウ,はし-る
奏,1222,大,9,6,play music,ソウ,かな-でる
相,1223,目,9,3,mutual,ソウ、ショウ,あい
荘,1224,艸,9,S,villa,ソウ,
草,1225,艸,9,1,grass,ソウ,くさ
送,1226,辵,9,3,send,ソウ,おく-る
倉,1227,人,10,4,warehouse,ソウ,くら
捜,1228,手,10,S,search,ソウ,さが-す
挿,1229,手,10,S,insert,ソウ,さ-す
桑,1230,木,10,S,mulberry,ソウ,くわ
巣,1231,巛,11,4,nest,ソウ,す
掃,1232,手,11,S,sweep,ソウ,は-く
曹,1233,曰,11,S,cadet,ソウ,
曽,1234,曰,11,S,formerly,ソウ、（ゾ）,
爽,1235,爻,11,S,refreshing,ソウ,さわ-やか
窓,1236,穴,11,6,window,ソウ,まど
創,1237,刀,12,6,create,ソウ,つく-る
喪,1238,口,12,S,miss,ソウ,も
痩,1239,疒,12,S,get thin,ソウ,や-せる
葬,1240,艸,12,S,interment,ソウ,ほうむ-る
装,1241,衣,12,6,attire,ソウ、ショウ,よそお-う
僧,1242,人,13,S,Buddhist priest,ソウ,
想,1243,心,13,3,concept,ソウ、（ソ）,
層,1244,尸,14,6,stratum,ソウ,
総,1245,糸,14,5,whole,ソウ,
遭,1246,辵,14,S,encounter,ソウ,あ-う
槽,1247,木,15,S,vat,ソウ,
踪,1248,足,15,S,remains,ソウ,
操,1249,手,16,6,maneuver,ソウ,みさお、あやつ-る
燥,1250,火,17,S,parch,ソウ,
霜,1251,雨,17,S,frost,ソウ,しも
騒,1252,馬,18,S,boisterous,ソウ,さわ-ぐ
藻,1253,艸,19,S,seaweed,ソウ,も
造,1254,辵,10,5,create,ゾウ,つく-る
像,1255,人,14,5,statue,ゾウ,
増,1256,土,14,5,increase,ゾウ,ま-す、ふ-える、ふ-やす
憎,1257,心,14,S,hate,ゾウ,にく-む、にく-い、にく-らしい、にく-しみ
蔵,1258,艸,15,6,warehouse,ゾウ,くら
贈,1259,貝,18,S,presents,ゾウ、（ソウ）,おく-る
臓,1260,肉,19,6,entrails,ゾウ,
即,1261,卩,7,S,instant,ソク,
束,1262,木,7,4,bundle,ソク,たば
足,1263,足,7,1,foot,ソク,あし、た-りる、た-る、た-す
促,1264,人,9,S,stimulate,ソク,うなが-す
則,1265,刀,9,5,rule,ソク,
息,1266,心,10,3,breath,ソク,いき
捉,1267,手,10,S,capture,ソク,とら-える
速,1268,辵,10,3,fast,ソク,はや-い、はや-める、はや-まる、すみ-やか
側,1269,人,11,4,side,ソク,がわ
測,1270,水,12,5,fathom,ソク,はか-る
俗,1271,人,9,S,vulgar,ゾク,
族,1272,方,11,3,tribe,ゾク,
属,1273,尸,12,5,belong,ゾク,
賊,1274,貝,13,S,burglar,ゾク,
続,1275,糸,13,4,continue,ゾク,つづ-く、つづ-ける
卒,1276,十,8,4,graduate,ソツ,
率,1277,玄,11,5,rate,ソツ、リツ,ひき-いる
存,1278,子,6,6,suppose,ソン、ゾン,
村,1279,木,7,1,village,ソン,むら
孫,1280,子,10,4,grandchild,ソン,まご
尊,1281,寸,12,6,revered,ソン,たっと-い、とうと-い、たっと-ぶ、とうと-ぶ
損,1282,手,13,5,loss,ソン,そこ-なう、そこ-ねる
遜,1283,辵,14,S,humble,ソン,
他,1284,人,5,3,other,タ,ほか
多,1285,夕,6,2,many,タ,おお-い
汰,1286,水,7,S,luxury,タ,
打,1287,手,5,3,hit,ダ,う-つ
妥,1288,女,7,S,gentle,ダ,
唾,1289,口,11,S,saliva,ダ,つば
堕,1290,土,12,S,degenerate,ダ,
惰,1291,心,12,S,lazy,ダ,
駄,1292,馬,14,S,burdensome,ダ,
太,1293,大,4,2,thick,タイ、タ,ふと-い、ふと-る
対,1294,寸,7,3,opposite,タイ、ツイ,
体,1295,骨,7,2,body,タイ、テイ,からだ
耐,1296,而,9,S,resistant,タイ,た-える
待,1297,彳,9,3,wait,タイ,ま-つ
怠,1298,心,9,S,neglect,タイ,おこた-る、なま-ける
胎,1299,肉,9,S,womb,タイ,
退,1300,辵,9,6,retreat,タイ,しりぞ-く、しりぞ-ける
帯,1301,巾,10,4,sash,タイ,お-びる、おび
泰,1302,水,10,S,peaceful,タイ,
堆,1303,土,11,S,piled high,タイ,
袋,1304,衣,11,S,sack,タイ,ふくろ
逮,1305,辵,11,S,apprehend,タイ,
替,1306,曰,12,S,exchange,タイ,か-える、か-わる
貸,1307,貝,12,5,lend,タイ,か-す
隊,1308,阜,12,4,group,タイ,
滞,1309,水,13,S,stagnate,タイ,とどこお-る
態,1310,心,14,5,condition,タイ,
戴,1311,戈,17,S,be crowned with,タイ,
大,1312,大,3,1,large,ダイ、タイ,おお、おお-きい、おお-いに
代,1313,人,5,3,substitute,ダイ、タイ,か-わる、か-える、よ、しろ
台,1314,至,5,2,pedestal,ダイ、タイ,
第,1315,竹,11,3,ordinal number prefix,ダイ,
題,1316,頁,18,3,topic,ダイ,
滝,1317,水,13,S,waterfall,,たき
宅,1318,宀,6,6,home,タク,
択,1319,手,7,S,choose,タク,
沢,1320,水,7,S,swamp,タク,さわ
卓,1321,十,8,S,eminent,タク,
拓,1322,手,8,S,clear (the land),タク,
託,1323,言,10,S,consign,タク,
濯,1324,水,17,S,laundry,タク,
諾,1325,言,15,S,consent,ダク,
濁,1326,水,16,S,voiced,ダク,にご-る、にご-す
但,1327,人,7,S,however,,ただ-し
達,1328,辵,12,4,attain,タツ,
脱,1329,肉,11,S,undress,ダツ,ぬ-ぐ、ぬ-げる
奪,1330,大,14,S,rob,ダツ,うば-う
棚,1331,木,12,S,shelf,,たな
誰,1332,言,15,S,who (question word),,だれ
丹,1333,丶,4,S,cinnabar,タン,
旦,1334,日,5,S,daybreak,タン、ダン,
担,1335,手,8,6,shouldering,タン,かつ-ぐ、にな-う
単,1336,口,9,4,simple,タン,
炭,1337,火,9,3,charcoal,タン,すみ
胆,1338,肉,9,S,gall bladder,タン,
探,1339,手,11,6,grope,タン,さぐ-る、さが-す
淡,1340,水,11,S,thin,タン,あわ-い
短,1341,矢,12,3,short,タン,みじか-い
嘆,1342,口,13,S,sigh,タン,なげ-く、なげ-かわしい
端,1343,立,14,S,edge,タン,はし、は、はた
綻,1344,糸,14,S,rip,タン,ほころ-びる
誕,1345,言,15,6,nativity,タン,
鍛,1346,金,17,S,forge,タン,きた-える
団,1347,囗,6,5,group,ダン、（トン）,
男,1348,田,7,1,male,ダン、ナン,おとこ
段,1349,殳,9,6,steps,ダン,
断,1350,斤,11,5,cut off,ダン,た-つ、ことわ-る
弾,1351,弓,12,S,bullet,ダン,ひ-く、はず-む、たま
暖,1352,日,13,6,warmth,ダン,あたた-か、あたた-かい、あたた-まる、あたた-める
談,1353,言,15,3,discuss,ダン,
壇,1354,土,16,S,podium,ダン、（タン）,
地,1355,土,6,2,ground,チ、ジ,
池,1356,水,6,2,pond,チ,いけ
知,1357,矢,8,2,know,チ,し-る
値,1358,人,10,6,value,チ,ね、あたい
恥,1359,心,10,S,shame,チ,は-じる、はじ、は-じらう、は-ずかしい
致,1360,至,10,S,(to) do,チ,いた-す
遅,1361,辵,12,S,slow,チ,おく-れる、おく-らす、おそ-い
痴,1362,疒,13,S,stupid,チ,
稚,1363,禾,13,S,immature,チ,
置,1364,网,13,4,put,チ,お-く
緻,1365,糸,16,S,fine (not coarse),チ,
竹,1366,竹,6,1,bamboo,チク,たけ
畜,1367,田,10,S,livestock,チク,
逐,1368,辵,10,S,pursue,チク,
蓄,1369,艸,13,S,amass,チク,たくわ-える
築,1370,竹,16,5,fabricate,チク,きず-く
秩,1371,禾,10,S,regularity,チツ,
窒,1372,穴,11,S,plug up,チツ,
茶,1373,艸,9,2,tea,チャ、サ,
着,1374,羊,12,3,wear,チャク、（ジャク）,き-る、き-せる、つ-く、つ-ける
嫡,1375,女,14,S,legitimate wife,チャク,
中,1376,丨,4,1,middle,チュウ、（ジュウ）,なか
仲,1377,人,6,4,relationship,チュウ,なか
虫,1378,虫,6,1,insect,チュウ,むし
沖,1379,水,7,4,open sea,チュウ,おき
宙,1380,宀,8,6,mid-air,チュウ,
忠,1381,心,8,6,loyalty,チュウ,
抽,1382,手,8,S,pluck,チュウ,
注,1383,水,8,3,pour,チュウ,そそ-ぐ
昼,1384,日,9,2,daytime,チュウ,ひる
柱,1385,木,9,3,pillar,チュウ,はしら
衷,1386,衣,9,S,inmost,チュウ,
酎,1387,酉,10,S,sake,チュウ,
鋳,1388,金,15,S,casting,チュウ,い-る
駐,1389,馬,15,S,stop-over,チュウ,
著,1390,艸,11,6,renowned,チョ,あらわ-す、いちじる-しい
貯,1391,貝,12,5,savings,チョ,
丁,1392,一,2,3,ward,チョウ、テイ,
弔,1393,弓,4,S,condolences,チョウ,とむら-う
庁,1394,广,5,6,government office,チョウ,
兆,1395,儿,6,4,"portent, trillion",チョウ,きざ-す、きざ-し
町,1396,田,7,1,town,チョウ,まち
長,1397,長,8,2,long,チョウ,なが-い
挑,1398,手,9,S,challenge,チョウ,いど-む
帳,1399,巾,11,3,account book,チョウ,
張,1400,弓,11,5,stretch,チョウ,は-る
彫,1401,彡,11,S,carve,チョウ,ほ-る
眺,1402,目,11,S,stare,チョウ,なが-める
釣,1403,金,11,S,angling,チョウ,つ-る
頂,1404,頁,11,6,place on the head,チョウ,いただ-く、いただき
鳥,1405,鳥,11,2,bird,チョウ,とり
朝,1406,月,12,2,morning,チョウ,あさ
貼,1407,貝,12,S,paste,チョウ,は-る
超,1408,走,12,S,transcend,チョウ,こ-える、こ-す
腸,1409,肉,13,6,intestines,チョウ,
跳,1410,足,13,S,hop,チョウ,は-ねる、と-ぶ
徴,1411,彳,14,S,indications,チョウ,
嘲,1412,口,15,S,ridicule,チョウ,あざけ-る
潮,1413,水,15,6,tide,チョウ,しお
澄,1414,水,15,S,lucidity,チョウ,す-む、す-ます
調,1415,言,15,3,investigate,チョウ,しら-べる、ととの-う、ととの-える
聴,1416,耳,17,S,listen,チョウ,き-く
懲,1417,心,18,S,penal,チョウ,こ-りる、こ-らす、こ-らしめる
直,1418,目,8,2,straight,チョク、ジキ,ただ-ちに、なお-す、なお-る
勅,1419,力,9,S,imperial order,チョク,
捗,1420,手,10,S,make progress,チョク,
沈,1421,水,7,S,sink,チン,しず-む、しず-める
珍,1422,玉,9,S,rare,チン,めずら-しい
朕,1423,月,10,S,majestic plural,チン,
陳,1424,阜,11,S,exhibit,チン,
賃,1425,貝,13,6,fare,チン,
鎮,1426,金,18,S,tranquilize,チン,しず-める、しず-まる
追,1427,辵,9,3,follow,ツイ,お-う
椎,1428,木,12,S,oak,ツイ,
墜,1429,土,15,S,crash,ツイ,
通,1430,辵,10,2,pass through,ツウ、（ツ）,とお-る、とお-す、かよ-う
痛,1431,疒,12,6,pain,ツウ,いた-い、いた-む、いた-める
塚,1432,土,12,S,hillock,,つか
漬,1433,水,14,S,pickling,,つ-ける、つ-かる
坪,1434,土,8,S,two-mat area,,つぼ
爪,1435,爪,4,S,claw,,つめ、（つま）
鶴,1436,鳥,21,S,crane,,つる
低,1437,人,7,4,low,テイ,ひく-い、ひく-める、ひく-まる
呈,1438,口,7,S,display,テイ,
廷,1439,廴,7,S,courts,テイ,
弟,1440,弓,7,2,younger brother,テイ、（ダイ）、（デ）,おとうと
定,1441,宀,8,3,decide,テイ、ジョウ,さだ-める、さだ-まる、さだ-か
底,1442,广,8,4,bottom,テイ,そこ
抵,1443,手,8,S,resist,テイ,
邸,1444,邑,8,S,residence,テイ,
亭,1445,亠,9,S,pavilion,テイ,
貞,1446,貝,9,S,upright,テイ,
帝,1447,巾,9,S,sovereign,テイ,
訂,1448,言,9,S,revise,テイ,
庭,1449,广,10,3,garden,テイ,にわ
逓,1450,辵,10,S,relay,テイ,
停,1451,人,11,5,halt,テイ,
偵,1452,人,11,S,spy,テイ,
堤,1453,土,12,S,dike,テイ,つつみ
提,1454,手,12,5,present,テイ,さ-げる
程,1455,禾,12,5,extent,テイ,ほど
艇,1456,舟,13,S,rowboat,テイ,
締,1457,糸,15,S,tighten,テイ,し-まる、し-める
諦,1458,言,16,S,abandon,テイ,あきら-める
泥,1459,水,8,S,mud,デイ,どろ
的,1460,白,8,4,target,テキ,まと
笛,1461,竹,11,3,flute,テキ,ふえ
摘,1462,手,14,S,pinch,テキ,つ-む
滴,1463,水,14,S,drip,テキ,しずく、したた-る
適,1464,辵,14,5,suitable,テキ,
敵,1465,攴,15,6,enemy,テキ,かたき
溺,1466,水,13,S,drown,デキ,おぼ-れる
迭,1467,辵,8,S,transfer,テツ,
哲,1468,口,10,S,philosophy,テツ,
鉄,1469,金,13,3,iron,テツ,
徹,1470,彳,15,S,penetrate,テツ,
撤,1471,手,15,S,remove,テツ,
天,1472,大,4,1,heaven,テン,あめ、（あま）
典,1473,八,8,4,code,テン,
店,1474,广,8,2,shop,テン,みせ
点,1475,黑,9,2,point,テン,
展,1476,尸,10,6,expand,テン,
添,1477,水,11,S,annexed,テン,そ-える、そ-う
転,1478,車,11,3,revolve,テン,ころ-がる、ころ-げる、ころ-がす、ころ-ぶ
塡,1479,土,13,S,fill in,テン,
田,1480,田,5,1,rice paddy,デン,た
伝,1481,人,6,4,transmit,デン,つた-わる、つた-える、つた-う
殿,1482,殳,13,S,Mr.,デン、テン,との、どの
電,1483,雨,13,2,electricity,デン,
斗,1484,斗,4,S,Big Dipper,ト,
吐,1485,口,6,S,spit,ト,は-く
妬,1486,女,8,S,jealousy,ト,ねた-む
徒,1487,彳,10,4,junior,ト,
途,1488,辵,10,S,route,ト,
都,1489,邑,11,3,metropolis,ト、ツ,みやこ
渡,1490,水,12,S,transit,ト,わた-る、わた-す
塗,1491,土,13,S,paint,ト,ぬ-る
賭,1492,貝,16,S,gamble,ト,か-ける
土,1493,土,3,1,soil,ド、ト,つち
奴,1494,女,5,S,guy,ド,
努,1495,力,7,4,toil,ド,つと-める
度,1496,广,9,3,degrees,ド、（ト）、（タク）,たび
怒,1497,心,9,S,angry,ド,いか-る、おこ-る
刀,1498,刀,2,2,sword,トウ,かたな
冬,1499,冫,5,2,winter,トウ,ふゆ
灯,1500,火,6,4,lamp,トウ,ひ
当,1501,田,6,2,hit,トウ,あ-たる、あ-てる
投,1502,手,7,3,throw,トウ,な-げる
豆,1503,豆,7,3,bean,トウ、（ズ）,まめ
東,1504,木,8,2,east,トウ,ひがし
到,1505,刀,8,S,arrival,トウ,
逃,1506,辵,9,S,escape,トウ,に-げる、に-がす、のが-す、のが-れる
倒,1507,人,10,S,overthrow,トウ,たお-れる、たお-す
凍,1508,冫,10,S,frozen,トウ,こお-る、こご-える
唐,1509,口,10,S,T'ang,トウ,から
島,1510,山,10,3,island,トウ,しま
桃,1511,木,10,S,peach tree,トウ,もも
討,1512,言,10,6,chastise,トウ,う-つ
透,1513,辵,10,S,transparent,トウ,す-く、す-かす、す-ける
党,1514,黑,10,6,group,トウ,
悼,1515,心,11,S,lament,トウ,いた-む
盗,1516,皿,11,S,steal,トウ,ぬす-む
陶,1517,阜,11,S,pottery,トウ,
塔,1518,土,12,S,pagoda,トウ,
搭,1519,手,12,S,board,トウ,
棟,1520,木,12,S,ridgepole,トウ,むね、（むな）
湯,1521,水,12,3,hot water,トウ,ゆ
痘,1522,疒,12,S,pox,トウ,
登,1523,癶,12,3,climb,トウ、ト,のぼ-る
答,1524,竹,12,2,answer,トウ,こた-える、こた-え
等,1525,竹,12,3,class,トウ,ひと-しい
筒,1526,竹,12,S,cylinder,トウ,つつ
統,1527,糸,12,5,unite,トウ,す-べる
稲,1528,禾,14,S,rice plant,トウ,いね、（いな）
踏,1529,足,15,S,step,トウ,ふ-む、ふ-まえる
糖,1530,米,16,6,sugar,トウ,
頭,1531,頁,16,2,head,トウ、ズ、（ト）,あたま、かしら
謄,1532,言,17,S,mimeograph,トウ,
藤,1533,艸,18,S,wisteria,トウ,ふじ
闘,1534,鬥,18,S,fight,トウ,たたか-う
騰,1535,馬,20,S,inflation,トウ,
同,1536,口,6,2,same,ドウ,おな-じ
洞,1537,水,9,S,den,ドウ,ほら
胴,1538,肉,10,S,trunk,ドウ,
動,1539,力,11,3,move,ドウ,うご-く、うご-かす
堂,1540,土,11,5,public chamber,ドウ,
童,1541,立,12,3,juvenile,ドウ,わらべ
道,1542,辵,12,2,road,ドウ、（トウ）,みち
働,1543,人,13,4,work,ドウ,はたら-く
銅,1544,金,14,5,copper,ドウ,
導,1545,寸,15,5,guide,ドウ,みちび-く
瞳,1546,目,17,S,pupil,ドウ,ひとみ
峠,1547,山,9,S,mountain peak,,とうげ
匿,1548,匸,10,S,hide,トク,
特,1549,牛,10,4,special,トク,
得,1550,彳,11,5,acquire,トク,え-る、う-る
督,1551,目,13,S,coach,トク,
徳,1552,彳,14,4,benevolence,トク,
篤,1553,竹,16,S,fervent,トク,
毒,1554,毋,8,5,poison,ドク,
独,1555,犬,9,5,alone,ドク,ひと-り
読,1556,言,14,2,read,ドク、トク、（トウ）,よ-む
栃,1557,木,9,4,horse chestnut,,（とち）[6]
凸,1558,凵,5,S,convex,トツ,
突,1559,穴,8,S,stab,トツ,つ-く
届,1560,尸,8,6,deliver,,とど-ける、とど-く
屯,1561,屮,4,S,barracks,トン,
豚,1562,豕,11,S,pork,トン,ぶた
頓,1563,頁,13,S,suddenly,トン,
貪,1564,貝,11,S,covet,ドン,むさぼ-る
鈍,1565,金,12,S,dull,ドン,にぶ-い、にぶ-る
曇,1566,日,16,S,cloudy weather,ドン,くも-る
丼,1567,丶,5,S,bowl of food,,どんぶり、（どん）
那,1568,邑,7,S,what,ナ,
奈,1569,大,8,4,what,ナ,
内,1570,入,4,2,inside,ナイ、（ダイ）,うち
梨,1571,木,11,4,pear tree,,なし
謎,1572,言,17,S,riddle,,なぞ
鍋,1573,金,17,S,pot,,なべ
南,1574,十,9,2,south,ナン、（ナ）,みなみ
軟,1575,車,11,S,soft,ナン,やわ-らか、やわ-らかい
難,1576,隹,18,6,difficult,ナン,かた-い、むずか-しい
二,1577,二,2,1,two,ニ,ふた、ふた-つ
尼,1578,尸,5,S,nun,ニ,あま
弐,1579,貝,6,S,two (falsification prevention),ニ,
匂,1580,勹,4,S,scent,,にお-う
肉,1581,肉,6,2,meat,ニク,
虹,1582,虫,9,S,rainbow,,にじ
日,1583,日,4,1,day,ニチ、ジツ,ひ、か
入,1584,入,2,1,enter,ニュウ,い-る、い-れる、はい-る
乳,1585,乙,8,6,milk,ニュウ,ちち、ち
尿,1586,尸,7,S,urine,ニョウ,
任,1587,人,6,5,responsibility,ニン,まか-せる、まか-す
妊,1588,女,7,S,pregnancy,ニン,
忍,1589,心,7,S,endure,ニン,しの-ぶ、しの-ばせる
認,1590,言,14,6,recognize,ニン,みと-める
寧,1591,宀,14,S,rather,ネイ,
熱,1592,火,15,4,heat,ネツ,あつ-い
年,1593,干,6,1,year,ネン,とし
念,1594,心,8,4,thought,ネン,
捻,1595,手,11,S,twist,ネン,
粘,1596,米,11,S,sticky,ネン,ねば-る
燃,1597,火,16,5,burn,ネン,も-える、も-やす、も-す
悩,1598,心,10,S,trouble,ノウ,なや-む、なや-ます
納,1599,糸,10,6,settlement,ノウ、（ナッ）、（ナ）、（ナン）、（トウ）,おさ-める、おさ-まる
能,1600,肉,10,5,ability,ノウ,
脳,1601,肉,11,6,brain,ノウ,
農,1602,辰,13,3,farming,ノウ,
濃,1603,水,16,S,concentrated,ノウ,こ-い
把,1604,手,7,S,grasp,ハ,
波,1605,水,8,3,wave,ハ,なみ
派,1606,水,9,6,sect,ハ,
破,1607,石,10,5,rend,ハ,やぶ-る、やぶ-れる
覇,1608,雨,19,S,hegemony,ハ,
馬,1609,馬,10,2,horse,バ,うま、（ま）
婆,1610,女,11,S,old woman,バ,
罵,1611,网,15,S,insult,バ,ののし-る
拝,1612,手,8,6,worship,ハイ,おが-む
杯,1613,木,8,S,counter for cupfuls,ハイ,さかずき
背,1614,肉,9,6,back,ハイ,せ、せい、そむ-く、そむ-ける
肺,1615,肉,9,6,lungs,ハイ,
俳,1616,人,10,6,haiku,ハイ,
配,1617,酉,10,3,distribute,ハイ,くば-る
排,1618,手,11,S,repudiate,ハイ,
敗,1619,攴,11,4,failure,ハイ,やぶ-れる
廃,1620,广,12,S,abolish,ハイ,すた-れる、すた-る
輩,1621,車,15,S,comrade,ハイ,
売,1622,貝,7,2,sell,バイ,う-る、う-れる
倍,1623,人,10,3,double,バイ,
梅,1624,木,10,4,ume (Japanese apricot),バイ,うめ
培,1625,土,11,S,cultivate,バイ,つちか-う
陪,1626,阜,11,S,obeisance,バイ,
媒,1627,女,12,S,mediator,バイ,
買,1628,貝,12,2,buy,バイ,か-う
賠,1629,貝,15,S,compensation,バイ,
白,1630,白,5,1,white,ハク、ビャク,しろ、（しら）、しろ-い
伯,1631,人,7,S,chief,ハク,
拍,1632,手,8,S,clap,ハク、（ヒョウ）,
泊,1633,水,8,S,overnight,ハク,と-まる、と-める
迫,1634,辵,8,S,urge,ハク,せま-る
剝,1635,刀,10,S,peel,ハク,は-がす、は-ぐ、は-がれる、は-げる
舶,1636,舟,11,S,liner,ハク,
博,1637,十,12,4,Dr.,ハク、（バク）,
薄,1638,艸,16,S,dilute,ハク,うす-い、うす-める、うす-まる、うす-らぐ、うす-れる
麦,1639,麥,7,2,wheat,バク,むぎ
漠,1640,水,13,S,vague,バク,
縛,1641,糸,16,S,truss,バク,しば-る
爆,1642,火,19,S,explode,バク,
箱,1643,竹,15,3,box,,はこ
箸,1644,竹,15,S,chopsticks,,はし
畑,1645,田,9,3,farm,,はた、はたけ
肌,1646,肉,6,S,texture,,はだ
八,1647,八,2,1,eight,ハチ,や、や-つ、やっ-つ、（よう）
鉢,1648,金,13,S,bowl,ハチ、（ハツ）,
発,1649,癶,9,3,departure,ハツ、ホツ,
髪,1650,髟,14,S,hair of the head,ハツ,かみ
伐,1651,人,6,S,fell,バツ,
抜,1652,手,7,S,slip out,バツ,ぬ-く、ぬ-ける、ぬ-かす、ぬ-かる
罰,1653,网,14,S,penalty,バツ、バチ,
閥,1654,門,14,S,clique,バツ,
反,1655,又,4,3,anti-,ハン、（ホン）、（タン）,そ-る、そ-らす
半,1656,十,5,2,half,ハン,なか-ば
氾,1657,水,5,S,spread out,ハン,
犯,1658,犬,5,5,crime,ハン,おか-す
帆,1659,巾,6,S,sail,ハン,ほ
汎,1660,水,6,S,pan-,ハン,
伴,1661,人,7,S,consort,ハン、バン,ともな-う
判,1662,刀,7,5,judge,ハン、バン,
坂,1663,土,7,3,slope,ハン,さか
阪,1664,阜,7,4,heights,ハン,
板,1665,木,8,3,board,ハン、バン,いた
版,1666,片,8,5,printing block,ハン,
班,1667,玉,10,6,squad,ハン,
畔,1668,田,10,S,paddy-ridge,ハン,
般,1669,舟,10,S,generally,ハン,
販,1670,貝,11,S,marketing,ハン,
斑,1671,文,12,S,blemish,ハン,
飯,1672,食,12,4,meal,ハン,めし
搬,1673,手,13,S,conveyor,ハン,
煩,1674,火,13,S,anxiety,ハン、（ボン）,わずら-う、わずら-わす
頒,1675,頁,13,S,partition,ハン,
範,1676,竹,15,S,pattern,ハン,
繁,1677,糸,16,S,luxuriant,ハン,
藩,1678,艸,18,S,clan,ハン,
晩,1679,日,12,6,nightfall,バン,
番,1680,田,12,2,one's turn,バン,
蛮,1681,虫,12,S,barbarian,バン,
盤,1682,皿,15,S,tray,バン,
比,1683,比,4,5,compare,ヒ,くら-べる
皮,1684,皮,5,3,skin,ヒ,かわ
妃,1685,女,6,S,queen,ヒ,
否,1686,口,7,6,negate,ヒ,いな
批,1687,手,7,6,criticism,ヒ,
彼,1688,彳,8,S,he,ヒ,かれ、（かの）
披,1689,手,8,S,expose,ヒ,
肥,1690,肉,8,5,fertilizer,ヒ,こ-える、こえ、こ-やす、こ-やし
非,1691,非,8,5,negative,ヒ,
卑,1692,十,9,S,lowly,ヒ,いや-しい、いや-しむ、いや-しめる
飛,1693,飛,9,4,fly,ヒ,と-ぶ、と-ばす
疲,1694,疒,10,S,exhausted,ヒ,つか-れる
秘,1695,示,10,6,secret,ヒ,ひ-める
被,1696,衣,10,S,incur,ヒ,こうむ-る
悲,1697,心,12,3,sad,ヒ,かな-しい、かな-しむ
扉,1698,戶,12,S,front door,ヒ,とびら
費,1699,貝,12,5,expense,ヒ,つい-やす、つい-える
碑,1700,石,14,S,tombstone,ヒ,
罷,1701,网,15,S,quit,ヒ,
避,1702,辵,16,S,evade,ヒ,さ-ける
尾,1703,尸,7,S,tail,ビ,お
眉,1704,目,9,S,eyebrow,ビ、（ミ）,まゆ
美,1705,羊,9,3,beauty,ビ,うつく-しい
備,1706,人,12,5,provide,ビ,そな-える、そな-わる
微,1707,彳,13,S,delicate,ビ,
鼻,1708,鼻,14,3,nose,ビ,はな
膝,1709,肉,15,S,knee,,ひざ
肘,1710,肉,7,S,elbow,,ひじ
匹,1711,匸,4,S,equal,ヒツ,ひき
必,1712,心,5,4,without fail,ヒツ,かなら-ず
泌,1713,水,8,S,ooze,ヒツ、ヒ,
筆,1714,竹,12,3,writing brush,ヒツ,ふで
姫,1715,女,10,S,princess,,ひめ
百,1716,白,6,1,hundred,ヒャク,
氷,1717,水,5,3,ice,ヒョウ,こおり、ひ
表,1718,衣,8,3,express,ヒョウ,おもて、あらわ-す、あらわ-れる
俵,1719,人,10,6,bag,ヒョウ,たわら
票,1720,示,11,4,ballot,ヒョウ,
評,1721,言,12,5,evaluate,ヒョウ,
漂,1722,水,14,S,drift,ヒョウ,ただよ-う
標,1723,木,15,4,signpost,ヒョウ,
苗,1724,艸,8,S,seedling,ビョウ,なえ、（なわ）
秒,1725,禾,9,3,second (part of time),ビョウ,
病,1726,疒,10,3,sick,ビョウ、（ヘイ）,や-む、やまい
描,1727,手,11,S,sketch,ビョウ,えが-く、か-く
猫,1728,犬,11,S,cat,ビョウ,ねこ
品,1729,口,9,3,article,ヒン,しな
浜,1730,水,10,S,seacoast,ヒン,はま
貧,1731,貝,11,5,poor,ヒン、ビン,まず-しい
賓,1732,貝,15,S,V.I.P.,ヒン,
頻,1733,頁,17,S,repeatedly,ヒン,
敏,1734,攴,10,S,cleverness,ビン,
瓶,1735,瓦,11,S,flower pot,ビン,
不,1736,一,4,4,non-,フ、ブ,
夫,1737,大,4,4,husband,フ、（フウ）,おっと
父,1738,父,4,2,father,フ,ちち
付,1739,人,5,4,attach,フ,つ-ける、つ-く
布,1740,巾,5,5,linen,フ,ぬの
扶,1741,手,7,S,aid,フ,
府,1742,广,8,4,urban prefecture,フ,
怖,1743,心,8,S,dreadful,フ,こわ-い
阜,1744,阜,8,4,mound,（フ）[6],
附,1745,阜,8,S,affixed,フ,
訃,1746,言,9,S,obituary,フ,
負,1747,貝,9,3,lose,フ,ま-ける、ま-かす、お-う
赴,1748,走,9,S,proceed,フ,おもむ-く
浮,1749,水,10,S,floating,フ,う-く、う-かれる、う-かぶ、う-かべる
婦,1750,女,11,5,lady,フ,
符,1751,竹,11,S,token,フ,
富,1752,宀,12,4,rich,フ、（フウ）,と-む、とみ
普,1753,日,12,S,universal,フ,
腐,1754,肉,14,S,rot,フ,くさ-る、くさ-れる、くさ-らす
敷,1755,攴,15,S,spread,フ,し-く
膚,1756,肉,15,S,skin,フ,
賦,1757,貝,15,S,levy,フ,
譜,1758,言,19,S,musical score,フ,
侮,1759,人,8,S,scorn,ブ,あなど-る
武,1760,止,8,5,military,ブ、ム,
部,1761,邑,11,3,part,ブ,
舞,1762,舛,15,S,dance,ブ,ま-う、まい
封,1763,寸,9,S,seal,フウ、ホウ,
風,1764,風,9,2,wind,フウ、（フ）,かぜ、（かざ）
伏,1765,人,6,S,prostrated,フク,ふ-せる、ふ-す
服,1766,月,8,3,clothes,フク,
副,1767,刀,11,4,vice,フク,
幅,1768,巾,12,S,breadth,フク,はば
復,1769,彳,12,5,again,フク,
福,1770,示,13,3,luck,フク,
腹,1771,肉,13,6,abdomen,フク,はら
複,1772,衣,14,5,duplicate,フク,
覆,1773,襾,18,S,capsize,フク,おお-う、くつがえ-す、くつがえ-る
払,1774,手,5,S,pay,フツ,はら-う
沸,1775,水,8,S,seethe,フツ,わ-く、わ-かす
仏,1776,人,4,5,Buddha,ブツ,ほとけ
物,1777,牛,8,3,thing,ブツ、モツ,もの
粉,1778,米,10,5,flour,フン,こ、こな
紛,1779,糸,10,S,distract,フン,まぎ-れる、まぎ-らす、まぎ-らわす、まぎ-らわしい
雰,1780,雨,12,S,atmosphere,フン,
噴,1781,口,15,S,erupt,フン,ふ-く
墳,1782,土,15,S,tomb,フン,
憤,1783,心,15,S,aroused,フン,いきどお-る
奮,1784,大,16,6,stirred up,フン,ふる-う
分,1785,刀,4,2,"part, minute of time",ブン、フン、ブ,わ-ける、わ-かれる、わ-かる、わ-かつ
文,1786,文,4,1,writing,ブン、モン,ふみ
聞,1787,耳,14,2,hear,ブン、モン,き-く、き-こえる
丙,1788,一,5,S,third class,ヘイ,
平,1789,干,5,3,flat,ヘイ、ビョウ,たい-ら、ひら
兵,1790,八,7,4,soldier,ヘイ、ヒョウ,
併,1791,人,8,S,join,ヘイ,あわ-せる
並,1792,立,8,6,line-up,ヘイ,なみ、なら-べる、なら-ぶ、なら-びに
柄,1793,木,9,S,design,ヘイ,がら、え
陛,1794,阜,10,6,highness,ヘイ,
閉,1795,門,11,6,closed,ヘイ,と-じる、と-ざす、し-める、し-まる
塀,1796,土,12,S,fence,ヘイ,
幣,1797,巾,15,S,cash,ヘイ,
弊,1798,廾,15,S,abuse,ヘイ,
蔽,1799,艸,15,S,cover,ヘイ,
餅,1800,食,15,S,mochi rice cake,ヘイ,もち
米,1801,米,6,2,rice,ベイ、マイ,こめ
壁,1802,土,16,S,wall,ヘキ,かべ
璧,1803,玉,18,S,sphere,ヘキ,
癖,1804,疒,18,S,mannerism,ヘキ,くせ
別,1805,刀,7,4,separate,ベツ,わか-れる
蔑,1806,艸,14,S,ignore,ベツ,さげす-む
片,1807,片,4,6,one-sided,ヘン,かた
辺,1808,辵,5,4,environs,ヘン,あた-り、べ
返,1809,辵,7,3,return,ヘン,かえ-す、かえ-る
変,1810,言,9,4,change,ヘン,か-わる、か-える
偏,1811,人,11,S,partial,ヘン,かたよ-る
遍,1812,辵,12,S,everywhere,ヘン,
編,1813,糸,15,5,compile,ヘン,あ-む
弁,1814,辛,5,5,valve,ベン,
便,1815,人,9,4,convenience,ベン、ビン,たよ-り
勉,1816,力,10,3,exertion,ベン,
歩,1817,止,8,2,walk,ホ、ブ、（フ）,ある-く、あゆ-む
保,1818,人,9,5,preserve,ホ,たも-つ
哺,1819,口,10,S,suckle,ホ,
捕,1820,手,10,S,catch,ホ,と-らえる、と-らわれる、と-る、つか-まえる、つか-まる
補,1821,衣,12,6,supplement,ホ,おぎな-う
舗,1822,舌,15,S,pavement,ホ,
母,1823,毋,5,2,mother,ボ,はは
募,1824,力,12,S,recruit,ボ,つの-る
墓,1825,土,13,5,grave,ボ,はか
慕,1826,心,14,S,pining,ボ,した-う
暮,1827,日,14,6,livelihood,ボ,く-れる、く-らす
簿,1828,竹,19,S,register,ボ,
方,1829,方,4,2,direction,ホウ,かた
包,1830,勹,5,4,wrap,ホウ,つつ-む
芳,1831,艸,7,S,perfume,ホウ,かんば-しい
邦,1832,邑,7,S,home country,ホウ,
奉,1833,大,8,S,observance,ホウ、（ブ）,たてまつ-る
宝,1834,宀,8,6,treasure,ホウ,たから
抱,1835,手,8,S,embrace,ホウ,だ-く、いだ-く、かか-える
放,1836,攴,8,3,release,ホウ,はな-す、はな-つ、はな-れる、ほう-る
法,1837,水,8,4,method,ホウ、（ハッ）、（ホッ）,
泡,1838,水,8,S,bubbles,ホウ,あわ
胞,1839,肉,9,S,placenta,ホウ,
俸,1840,人,10,S,salary,ホウ,
倣,1841,人,10,S,emulate,ホウ,なら-う
峰,1842,山,10,S,summit,ホウ,みね
砲,1843,石,10,S,cannon,ホウ,
崩,1844,山,11,S,crumble,ホウ,くず-れる、くず-す
訪,1845,言,11,6,visit,ホウ,おとず-れる、たず-ねる
報,1846,土,12,5,report,ホウ,むく-いる
蜂,1847,虫,13,S,bee,ホウ,はち
豊,1848,豆,13,5,bountiful,ホウ,ゆた-か
飽,1849,食,13,S,sated,ホウ,あ-きる、あ-かす
褒,1850,衣,15,S,praise,ホウ,ほ-める
縫,1851,糸,16,S,sew,ホウ,ぬ-う
亡,1852,亠,3,6,deceased,ボウ、（モウ）,な-い
乏,1853,丿,4,S,scarce,ボウ,とぼ-しい
忙,1854,心,6,S,busy,ボウ,いそが-しい
坊,1855,土,7,S,boy,ボウ、（ボッ）,
妨,1856,女,7,S,disturb,ボウ,さまた-げる
忘,1857,心,7,6,forget,ボウ,わす-れる
防,1858,阜,7,5,prevent,ボウ,ふせ-ぐ
房,1859,戶,8,S,tassel,ボウ,ふさ
肪,1860,肉,8,S,obese,ボウ,
某,1861,木,9,S,so-and-so,ボウ,
冒,1862,冂,9,S,risk,ボウ,おか-す
剖,1863,刀,10,S,divide,ボウ,
紡,1864,糸,10,S,spinning,ボウ,つむ-ぐ
望,1865,月,11,4,hope,ボウ、モウ,のぞ-む
傍,1866,人,12,S,bystander,ボウ,かたわ-ら
帽,1867,巾,12,S,cap,ボウ,
棒,1868,木,12,6,rod,ボウ,
貿,1869,貝,12,5,trade,ボウ,
貌,1870,豸,14,S,appearance,ボウ,
暴,1871,日,15,5,outburst,ボウ、（バク）,あば-く、あば-れる
膨,1872,肉,16,S,swell,ボウ,ふく-らむ、ふく-れる
謀,1873,言,16,S,conspire,ボウ、（ム）,はか-る
頰,1874,頁,16,S,cheek,,ほお
北,1875,匕,5,2,north,ホク,きた
木,1876,木,4,1,tree,ボク、モク,き、（こ）
朴,1877,木,6,S,crude,ボク,
牧,1878,牛,8,4,breed,ボク,まき
睦,1879,目,13,S,harmonious,ボク,
僕,1880,人,14,S,me,ボク,
墨,1881,土,14,S,black ink,ボク,すみ
撲,1882,手,15,S,slap,ボク,
没,1883,水,7,S,drown,ボツ,
勃,1884,力,9,S,rise,ボツ,
堀,1885,土,11,S,ditch,,ほり
本,1886,木,5,1,book,ホン,もと
奔,1887,大,8,S,bustle,ホン,
翻,1888,飛,18,S,flip,ホン,ひるがえ-る、ひるがえ-す
凡,1889,几,3,S,mediocre,ボン、（ハン）,
盆,1890,皿,9,S,basin,ボン,
麻,1891,麻,11,S,hemp,マ,あさ
摩,1892,手,15,S,chafe,マ,
磨,1893,石,16,S,grind,マ,みが-く
魔,1894,鬼,21,S,witch,マ,
毎,1895,毋,6,2,every,マイ,
妹,1896,女,8,2,younger sister,マイ,いもうと
枚,1897,木,8,6,sheet of...,マイ,
昧,1898,日,9,S,foolish,マイ,
埋,1899,土,10,S,bury,マイ,う-める、う-まる、う-もれる
幕,1900,巾,13,6,curtain,マク、バク,
膜,1901,肉,14,S,membrane,マク,
枕,1902,木,8,S,pillow,,まくら
又,1903,又,2,S,or again,,また
末,1904,木,5,4,end,マツ、バツ,すえ
抹,1905,手,8,S,rub,マツ,
万,1906,艸,3,2,ten thousand,マン、バン,
満,1907,水,12,4,full,マン,み-ちる、み-たす
慢,1908,心,14,S,ridicule,マン,
漫,1909,水,14,S,cartoon,マン,
未,1910,木,5,4,not yet,ミ,
味,1911,口,8,3,flavor,ミ,あじ、あじ-わう
魅,1912,鬼,15,S,fascination,ミ,
岬,1913,山,8,S,headland,,みさき
密,1914,宀,11,6,secrecy,ミツ,
蜜,1915,虫,14,S,honey,ミツ,
脈,1916,肉,10,5,vein,ミャク,
妙,1917,女,7,S,exquisite,ミョウ,
民,1918,氏,5,4,people,ミン,たみ
眠,1919,目,10,S,sleep,ミン,ねむ-る、ねむ-い
矛,1920,矛,5,S,halberd,ム,ほこ
務,1921,力,11,5,duty,ム,つと-める、つと-まる
無,1922,火,12,4,nothing,ム、ブ,な-い
夢,1923,夕,13,5,dream,ム,ゆめ
霧,1924,雨,19,S,fog,ム,きり
娘,1925,女,10,S,daughter,,むすめ
名,1926,口,6,1,name,メイ、ミョウ,な
命,1927,口,8,3,fate,メイ、ミョウ,いのち
明,1928,日,8,2,bright,メイ、ミョウ,あ-かり、あか-るい、あか-るむ、あか-らむ、あき-らか、あ-ける、あ-く、あ-くる、あ-かす
迷,1929,辵,9,5,astray,メイ,まよ-う
冥,1930,冖,10,S,dark,メイ、ミョウ,
盟,1931,皿,13,6,alliance,メイ,
銘,1932,金,14,S,inscription,メイ,
鳴,1933,鳥,14,2,chirp,メイ,な-く、な-る、な-らす
滅,1934,水,13,S,destroy,メツ,ほろ-びる、ほろ-ぼす
免,1935,儿,8,S,excuse,メン,まぬか-れる
面,1936,面,9,3,face,メン,おも、おもて、つら
綿,1937,糸,14,5,cotton,メン,わた
麺,1938,麥,16,S,noodles,メン,
茂,1939,艸,8,S,overgrown,モ,しげ-る
模,1940,木,14,6,imitation,モ、ボ,
毛,1941,毛,4,2,hair,モウ,け
妄,1942,女,6,S,delusion,モウ、ボウ,
盲,1943,目,8,S,blind,モウ,
耗,1944,耒,10,S,decrease,モウ、（コウ）,
猛,1945,犬,11,S,fierce,モウ,
網,1946,糸,14,S,netting,モウ,あみ
目,1947,目,5,1,eye,モク、（ボク）,め、（ま）
黙,1948,黑,15,S,silence,モク,だま-る
門,1949,門,8,2,gates,モン,かど
紋,1950,糸,10,S,family crest,モン,
問,1951,口,11,3,question,モン,と-う、と-い、（とん）
冶,1952,冫,7,S,melting,ヤ,
夜,1953,夕,8,2,night,ヤ,よ、よる
野,1954,里,11,2,field,ヤ,の
弥,1955,弓,8,S,all the more,,や
厄,1956,厂,4,S,unlucky,ヤク,
役,1957,彳,7,3,service,ヤク、エキ,
約,1958,糸,9,4,promise,ヤク,
訳,1959,言,11,6,translate,ヤク,わけ
薬,1960,艸,16,3,medicine,ヤク,くすり
躍,1961,足,21,S,leap,ヤク,おど-る
闇,1962,門,17,S,darkness,,やみ
由,1963,田,5,3,reason,ユ、ユウ、（ユイ）,よし
油,1964,水,8,3,oil,ユ,あぶら
喩,1965,口,12,S,metaphor,ユ,
愉,1966,心,12,S,pleasure,ユ,
諭,1967,言,16,S,rebuke,ユ,さと-す
輸,1968,車,16,5,transport,ユ,
癒,1969,疒,18,S,healing,ユ,い-える、い-やす
唯,1970,口,11,S,solely,ユイ、（イ）,
友,1971,又,4,2,friend,ユウ,とも
有,1972,月,6,3,have,ユウ、ウ,あ-る
勇,1973,力,9,4,courage,ユウ,いさ-む
幽,1974,幺,9,S,seclude,ユウ,
悠,1975,心,11,S,permanence,ユウ,
郵,1976,邑,11,6,mail,ユウ,
湧,1977,水,12,S,boil,ユウ,わ-く
猶,1978,犬,12,S,furthermore,ユウ,
裕,1979,衣,12,S,abundant,ユウ,
遊,1980,辵,12,3,play,ユウ、（ユ）,あそ-ぶ
雄,1981,隹,12,S,male,ユウ,お、おす
誘,1982,言,14,S,entice,ユウ,さそ-う
憂,1983,心,15,S,melancholy,ユウ,うれ-える、うれ-い、う-い
融,1984,虫,16,S,dissolve,ユウ,
優,1985,人,17,6,superior,ユウ,やさ-しい、すぐ-れる
与,1986,臼,3,S,give,ヨ,あた-える
予,1987,豕,4,3,in advance,ヨ,
余,1988,食,7,5,leave over,ヨ,あま-る、あま-す
誉,1989,言,13,S,reputation,ヨ,ほま-れ
預,1990,頁,13,6,deposit,ヨ,あず-ける、あず-かる
幼,1991,幺,5,6,infancy,ヨウ,おさな-い
用,1992,用,5,2,use,ヨウ,もち-いる
羊,1993,羊,6,3,sheep,ヨウ,ひつじ
妖,1994,女,7,S,bewitching,ヨウ,あや-しい
洋,1995,水,9,3,ocean,ヨウ,
要,1996,襾,9,4,need,ヨウ,かなめ、い-る
容,1997,宀,10,5,contain,ヨウ,
庸,1998,广,11,S,commonplace,ヨウ,
揚,1999,手,12,S,hoist,ヨウ,あ-げる、あ-がる
揺,2000,手,12,S,swing,ヨウ,ゆ-れる、ゆ-る、ゆ-らぐ、ゆ-るぐ、ゆ-する、ゆ-さぶる、ゆ-すぶる
葉,2001,艸,12,3,leaf,ヨウ,は
陽,2002,阜,12,3,sunshine,ヨウ,
溶,2003,水,13,S,melt,ヨウ,と-ける、と-かす、と-く
腰,2004,肉,13,S,loins,ヨウ,こし
様,2005,木,14,3,formal title,ヨウ,さま
瘍,2006,疒,14,S,boil (medical),ヨウ,
踊,2007,足,14,S,jump,ヨウ,おど-る、おど-り
窯,2008,穴,15,S,kiln,ヨウ,かま
養,2009,食,15,4,foster,ヨウ,やしな-う
擁,2010,手,16,S,embrace,ヨウ,
謡,2011,言,16,S,noh chanting,ヨウ,うたい、うた-う
曜,2012,日,18,2,day of the week,ヨウ,
抑,2013,手,7,S,repress,ヨク,おさ-える
沃,2014,水,7,S,fertility,ヨク,
浴,2015,水,10,4,bathe,ヨク,あ-びる、あ-びせる
欲,2016,欠,11,6,longing,ヨク,ほっ-する、ほ-しい
翌,2017,羽,11,6,the following,ヨク,
翼,2018,羽,17,S,wing,ヨク,つばさ
拉,2019,手,8,S,crush,ラ,
裸,2020,衣,13,S,naked,ラ,はだか
羅,2021,网,19,S,gauze,ラ,
来,2022,人,7,2,come,ライ,く-る、きた-る、きた-す
雷,2023,雨,13,S,thunder,ライ,かみなり
頼,2024,貝,16,S,trust,ライ,たの-む、たの-もしい、たよ-る
絡,2025,糸,12,S,entwine,ラク,から-む、から-まる、から-める
落,2026,艸,12,3,fall,ラク,お-ちる、お-とす
酪,2027,酉,13,S,dairy products,ラク,
辣,2028,辛,14,S,bitter,ラツ,
乱,2029,乙,7,6,riot,ラン,みだ-れる、みだ-す
卵,2030,卩,7,6,egg,ラン,たまご
覧,2031,見,17,6,perusal,ラン,
濫,2032,水,18,S,excessive,ラン,
藍,2033,艸,18,S,indigo,ラン,あい
欄,2034,木,20,S,column,ラン,
吏,2035,口,6,S,officer,リ,
利,2036,刀,7,4,profit,リ,き-く
里,2037,里,7,2,village,リ,さと
理,2038,玉,11,2,reason,リ,
痢,2039,疒,12,S,diarrhea,リ,
裏,2040,衣,13,6,back,リ,うら
履,2041,尸,15,S,footgear,リ,は-く
璃,2042,玉,14,S,glassy,リ,
離,2043,隹,18,S,detach,リ,はな-れる、はな-す
陸,2044,阜,11,4,land,リク,
立,2045,立,5,1,stand up,リツ、（リュウ）,た-つ、た-てる
律,2046,彳,9,6,law,リツ、（リチ）,
慄,2047,心,13,S,fear,リツ,
略,2048,田,11,5,abbreviation,リャク,
柳,2049,木,9,S,willow,リュウ,やなぎ
流,2050,水,10,3,stream,リュウ、（ル）,なが-れる、なが-す
留,2051,田,10,5,detain,リュウ、（ル）,と-める、と-まる
竜,2052,龍,10,S,dragon,リュウ,たつ
粒,2053,米,11,S,grains,リュウ,つぶ
隆,2054,阜,11,S,hump,リュウ,
硫,2055,石,12,S,sulphur,リュウ,
侶,2056,人,9,S,companion,リョ,
旅,2057,方,10,3,trip,リョ,たび
虜,2058,虍,13,S,captive,リョ,
慮,2059,心,15,S,prudence,リョ,
了,2060,亅,2,S,finish,リョウ,
両,2061,入,6,3,both,リョウ,
良,2062,艮,7,4,good,リョウ,よ-い
料,2063,斗,10,4,fee,リョウ,
涼,2064,水,11,S,refreshing,リョウ,すず-しい、すず-む
猟,2065,犬,11,S,game-hunting,リョウ,
陵,2066,阜,11,S,mausoleum,リョウ,みささぎ
量,2067,里,12,4,quantity,リョウ,はか-る
僚,2068,人,14,S,colleague,リョウ,
領,2069,頁,14,5,territory,リョウ,
寮,2070,宀,15,S,dormitory,リョウ,
療,2071,疒,17,S,heal,リョウ,
瞭,2072,目,17,S,clear,リョウ,
糧,2073,米,18,S,provisions,リョウ、（ロウ）,かて
力,2074,力,2,1,power,リョク、リキ,ちから
緑,2075,糸,14,3,green,リョク、（ロク）,みどり
林,2076,木,8,1,woods,リン,はやし
厘,2077,厂,9,S,thousandth,リン,
倫,2078,人,10,S,ethics,リン,
輪,2079,車,15,4,wheel,リン,わ
隣,2080,阜,16,S,neighboring,リン,とな-る、となり
臨,2081,臣,18,6,look to,リン,のぞ-む
瑠,2082,玉,14,S,lapis lazuli,ル,
涙,2083,水,10,S,tears,ルイ,なみだ
累,2084,糸,11,S,accumulate,ルイ,
塁,2085,土,12,S,bases,ルイ,
類,2086,頁,18,4,sort,ルイ,たぐ-い
令,2087,人,5,4,orders,レイ,
礼,2088,示,5,3,thanks,レイ、ライ,
冷,2089,冫,7,4,cool,レイ,つめ-たい、ひ-える、ひ-や、ひ-やす、ひ-やかす、さ-める、さ-ます
励,2090,力,7,S,encourage,レイ,はげ-む、はげ-ます
戻,2091,戶,7,S,re-,レイ,もど-す、もど-る
例,2092,人,8,4,example,レイ,たと-える
鈴,2093,金,13,S,small bell,レイ、リン,すず
零,2094,雨,13,S,zero,レイ,
霊,2095,雨,15,S,spirits,レイ、リョウ,たま
隷,2096,隶,16,S,slave,レイ,
齢,2097,齒,17,S,age,レイ,
麗,2098,鹿,19,S,lovely,レイ,うるわ-しい
暦,2099,日,14,S,calendar,レキ,こよみ
歴,2100,止,14,5,curriculum,レキ,
列,2101,刀,6,3,row,レツ,
劣,2102,力,6,S,inferiority,レツ,おと-る
烈,2103,火,10,S,ardent,レツ,
裂,2104,衣,12,S,split,レツ,さ-く、さ-ける
恋,2105,心,10,S,romance,レン,こ-う、こい、こい-しい
連,2106,辵,10,4,take along,レン,つら-なる、つら-ねる、つ-れる
廉,2107,广,13,S,bargain,レン,
練,2108,糸,14,3,practice,レン,ね-る
錬,2109,金,16,S,tempering,レン,
呂,2110,口,7,S,spine,ロ,
炉,2111,火,8,S,hearth,ロ,
賂,2112,貝,13,S,bribe,ロ,
路,2113,足,13,3,road,ロ,じ
露,2114,雨,21,S,dew,ロ、（ロウ）,つゆ
老,2115,老,6,4,old man,ロウ,お-いる、ふ-ける
労,2116,力,7,4,labour,ロウ,
弄,2117,廾,7,S,tamper with,ロウ,もてあそ-ぶ
郎,2118,邑,9,S,son,ロウ,
朗,2119,月,10,6,melodious,ロウ,ほが-らか
浪,2120,水,10,S,wandering,ロウ,
廊,2121,广,12,S,corridor,ロウ,
楼,2122,木,13,S,watchtower,ロウ,
漏,2123,水,14,S,leak,ロウ,も-る、も-れる、も-らす
籠,2124,竹,22,S,basket,ロウ,かご、こ-もる
六,2125,八,4,1,six,ロク,む、む-つ、むっ-つ、（むい）
録,2126,金,16,4,record,ロク,
麓,2127,鹿,19,S,foot of a mountain,ロク,ふもと
論,2128,言,15,6,theory,ロン,
和,2129,口,8,3,peace,ワ、（オ）,やわ-らぐ、やわ-らげる、なご-む、なご-やか
話,2130,言,13,2,talk,ワ,はな-す、はなし
賄,2131,貝,13,S,"bribe, board",ワイ,まかな-う
脇,2132,肉,10,S,aside,,わき
惑,2133,心,12,S,beguile,ワク,まど-う
枠,2134,木,8,S,frame,,わく
湾,2135,水,12,S,gulf,ワン,
腕,2136,肉,12,S,arm,ワン,うで
