kanji_index,kanji,slug,keyword,lesson_number,kml_primitives,cluster_components,jp_verse,en_verse
1,一,one,one,1,一,,ただ一本     静けさだけが     先に立つ,one line remains       before the world decides       to multiply
2,二,two,two,1,一|一,,二つ置き     あいだに生まれる     やわらかな間,not alone now       space starts speaking       between equals
3,三,three,three,1,一|一|一,,三つ並び     目にも心にも     落ちついて,the third mark lands       and suddenly the air       feels arranged
4,四,four,four,1,口|儿,,囲まれて     静かに残る     内の気配,a frame appears       and what was open       learns to stay
5,五,five,five,1,五,,まっすぐで     まっすぐでない     その強さ,it almost balances       but keeps one hidden turn       to stay alive
6,六,six,six,1,⼇|八,,上に息     下へひらいて     形になる,from the top       the thought breaks open       into room
7,七,seven,seven,1,七,,ひとすじが     少し曲がって     意志になる,one stroke turns       and suddenly feels       like intent
8,八,eight,eight,1,八,,左右へと     ひらいてゆけば     道になる,the middle opens       and the world stops asking       for only one way
9,九,nine,nine,1,九,,曲がりつつ     ほどけず残る     強い先,it leans forward       without falling out       of itself
10,十,ten,ten,1,十,,縦と横     出会ったところに     芯が立つ,where lines cross       a quiet center       holds them both
11,口,mouth,mouth,1,口,,声の前     四角い静けさ     口を待つ,before the word       there is an opening       waiting to speak
12,日,sun,sun,1,日,,日の中に     おさまる光     まだあたたかい,day stands still       inside its simple walls       glowing quietly
13,月,moon,moon,1,月,,,
14,田,field,field,1,田,,田の区切り     育つためには     道も要る,the earth is split      so life can rise      with somewhere to go
15,目,eye,eye,1,目,,見つめれば     形の奥にも     気配あり,the eye holds still      and more than the surface      comes forward
16,古,old,old,1,十|口,,古きもの     消えずに残る     声のよう,old does not mean gone      it means the shape of time      still speaking
17,吾,I,I,1,五|口,,われここに     大きく言わず     ただ在りぬ,I am not thunder      just a place from which      the world is answered
18,冒,risk,risk,1,日|目,,見えぬまま     それでも一歩     出してみる,risk is not noise      it is the quiet foot      that still goes on
19,朋,companion,companion,1,月|月,,並び立つ     似た灯どうしの     あたたかさ,side by side      not one shadow deeper      than the other
20,明,bright,bright,1,日|月,,日と月が     ともにあるとき     明るさ満つ,brightness deepens      when light meets another light      and neither fades
21,唱,chant,chant,2,,,,
22,晶,sparkle,sparkle,2,,,,
23,品,goods,goods,2,,,,
24,呂,spine,spine,2,,,,
25,昌,prosperous,prosperous,2,,,,
26,早,early,early,2,,,,
27,旭,rising_sun,rising_sun,2,,,,
28,世,generation,generation,2,,,,
29,胃,stomach,stomach,2,,,,
30,旦,dawn,dawn,2,,,,
31,胆,gallbladder,gallbladder,2,,,,
32,亘,span,span,2,,,,
33,凹,concave,concave,2,,,,
34,凸,convex,convex,2,,,,
35,旧,olden_times,olden_times,2,,,,
36,自,oneself,oneself,2,,,,
37,白,white,white,2,,,,
38,百,hundred,hundred,2,,,,
39,中,middle,middle,2,,,,
40,千,thousand,thousand,2,,,,
41,舌,tongue,tongue,3,,,,
42,升,measuring_box,measuring_box,3,,,,
43,昇,rise,rise,3,,,,
44,丸,round,round,3,,,,
45,寸,measurement,measurement,3,,,,
46,肘,elbow,elbow,3,,,,
47,専,specialty,specialty,3,,,,
48,博,knowledgeable,knowledgeable,3,,,,
49,卜,signal,signal,3,,,,
50,占,fortune_telling,fortune_telling,3,,,,
51,上,up,up,3,,,,
52,下,below,below,3,,,,
53,卓,eminent,eminent,3,,,,
54,朝,morning,morning,3,,,,
55,嘲,derision,derision,3,,,,
56,只,only,only,3,,,,
57,貝,shellfish,shellfish,3,,,,
58,唄,pop_song,pop_song,3,,,,
59,貞,virtue,virtue,3,,,,
60,員,employee,employee,3,,,,
61,貼,post_a_bill,post_a_bill,4,,,,
62,見,see,see,4,,,,
63,児,newborn,newborn,4,,,,
64,元,beginning,beginning,4,,,,
65,頁,page,page,4,,,,
66,頑,stubborn,stubborn,4,,,,
67,凡,mediocre,mediocre,4,,,,
68,負,defeat,defeat,4,,,,
69,万,ten_thousand,ten_thousand,4,,,,
70,句,phrase,phrase,4,,,,
71,肌,texture,texture,4,,,,
72,旬,ten_days,ten_days,4,,,,
73,勺,ladle,ladle,4,,,,
74,的,bulls_eye,bulls_eye,4,,,,
75,首,neck,neck,4,,,,
76,乙,fish_guts,fish_guts,4,,,,
77,乱,riot,riot,4,,,,
78,直,straightaway,straightaway,4,,,,
79,具,tool,tool,4,,,,
80,真,true,true,4,,,,
81,工,craft,craft,5,,,,
82,左,left,left,5,,,,
83,右,right,right,5,,,,
84,有,possess,possess,5,,,,
85,賄,bribe,bribe,5,,,,
86,貢,tribute,tribute,5,,,,
87,項,paragraph,paragraph,5,,,,
88,刀,sword,sword,5,,,,
89,刃,blade,blade,5,,,,
90,切,cut,cut,5,,,,
91,召,seduce,seduce,5,,,,
92,昭,shining,shining,5,,,,
93,則,rule,rule,5,,,,
94,副,vice,vice,5,,,,
95,別,separate,separate,5,,,,
96,丁,street,street,5,,,,
97,町,town,town,5,,,,
98,可,possible,possible,5,,,,
99,頂,top,top,5,,,,
100,子,child,child,5,,,,
101,孔,cavity,cavity,6,,,,
102,了,finish,finish,6,,,,
103,女,woman,woman,6,,,,
104,好,fond_of,fond_of,6,,,,
105,如,likeness,likeness,6,,,,
106,母,mother,mother,6,,,,
107,貫,pierce,pierce,6,,,,
108,兄,older_brother,older_brother,6,,,,
109,呪,curse,curse,6,,,,
110,克,overcome,overcome,6,,,,
111,小,small,small,6,,,,
112,少,few,few,6,,,,
113,大,large,large,6,,,,
114,多,many,many,6,,,,
115,夕,evening,evening,6,,,,
116,汐,eventide,eventide,6,,,,
117,外,outside,outside,6,,,,
118,名,name,name,6,,,,
119,石,stone,stone,6,,,,
120,肖,resemblance,resemblance,6,,,,
121,硝,nitrate,nitrate,7,,,,
122,砕,smash,smash,7,,,,
123,砂,sand,sand,7,,,,
124,妬,jealousy,jealousy,7,,,,
125,削,plane,plane,7,,,,
126,光,ray,ray,7,,,,
127,太,plump,plump,7,,,,
128,器,utensil,utensil,7,,,,
129,臭,stinking,stinking,7,,,,
130,嗅,sniff,sniff,7,,,,
131,妙,exquisite,exquisite,7,,,,
132,省,government_ministry,government_ministry,7,,,,
133,厚,thick,thick,7,,,,
134,奇,strange,strange,7,,,,
135,川,river,river,7,,,,
136,州,state,state,7,,,,
137,順,follow,follow,7,,,,
138,水,water,water,7,,,,
139,氷,ice,ice,7,,,,
140,永,eternity,eternity,7,,,,
141,泉,spring,spring,8,,,,
142,腺,gland,gland,8,,,,
143,原,meadow,meadow,8,,,,
144,願,petition,petition,8,,,,
145,泳,swim,swim,8,,,,
146,沼,marsh,marsh,8,,,,
147,沖,open_sea,open_sea,8,,,,
148,汎,general,general,8,,,,
149,江,creek,creek,8,,,,
150,汰,cleanse,cleanse,8,,,,
151,汁,soup,soup,8,,,,
152,沙,grains_of_sand,grains_of_sand,8,,,,
153,潮,tide,tide,8,,,,
154,源,source,source,8,,,,
155,活,lively,lively,8,,,,
156,消,extinguish,extinguish,8,,,,
157,況,condition,condition,8,,,,
158,河,large_river,large_river,8,,,,
159,泊,overnight,overnight,8,,,,
160,湖,lake,lake,8,,,,
161,測,fathom,fathom,9,,,,
162,土,soil,soil,9,,,,
163,吐,spit,spit,9,,,,
164,圧,pressure,pressure,9,,,,
165,埼,cape,cape,9,,,,
166,垣,hedge,hedge,9,,,,
167,填,inlay,inlay,9,,,,
168,圭,jade,jade,9,,,,
169,封,seal,seal,9,,,,
170,涯,horizon,horizon,9,,,,
171,寺,temple,temple,9,,,,
172,時,time,time,9,,,,
173,均,level,level,9,,,,
174,火,fire,fire,9,,,,
175,炎,inflammation,inflammation,9,,,,
176,煩,anxiety,anxiety,9,,,,
177,淡,faint,faint,9,,,,
178,灯,lamp,lamp,9,,,,
179,畑,farm,farm,9,,,,
180,災,disaster,disaster,9,,,,
181,灰,ashes,ashes,10,,,,
182,点,point,point,10,,,,
183,照,illuminate,illuminate,10,,,,
184,魚,fish,fish,10,,,,
185,漁,fishing,fishing,10,,,,
186,里,home_village,home_village,10,,,,
187,黒,black,black,10,,,,
188,墨,black_ink,black_ink,10,,,,
189,鯉,carp,carp,10,,,,
190,量,quantity,quantity,10,,,,
191,厘,thousandth,thousandth,10,,,,
192,埋,bury,bury,10,,,,
193,同,same,same,10,,,,
194,洞,den,den,10,,,,
195,胴,trunk,trunk,10,,,,
196,向,yonder,yonder,10,,,,
197,尚,esteem,esteem,10,,,,
198,字,letter,letter,10,,,,
199,守,guard,guard,10,,,,
200,完,complete,complete,10,,,,
201,宣,proclaim,proclaim,11,,,,
202,宵,early_morning,early_morning,11,,,,
203,安,relax,relax,11,,,,
204,宴,banquet,banquet,11,,,,
205,寄,draw_near,draw_near,11,,,,
206,富,wealth,wealth,11,,,,
207,貯,savings,savings,11,,,,
208,木,tree,tree,11,,,,
209,林,woods,woods,11,,,,
210,森,forest,forest,11,,,,
211,桂,judas_tree,judas_tree,11,,,,
212,柏,oak,oak,11,,,,
213,枠,frame,frame,11,,,,
214,梢,treetops,treetops,11,,,,
215,棚,shelf,shelf,11,,,,
216,杏,apricot,apricot,11,,,,
217,桐,paulownia_tree,paulownia_tree,11,,,,
218,植,plant,plant,11,,,,
219,椅,chair,chair,11,,,,
220,枯,wither,wither,11,,,,
221,朴,crude,crude,12,,,,
222,村,village,village,12,,,,
223,相,mutual,mutual,12,,,,
224,机,desk,desk,12,,,,
225,本,book,book,12,,,,
226,札,tag,tag,12,,,,
227,暦,calendar,calendar,12,,,,
228,案,plan,plan,12,,,,
229,燥,parch,parch,12,,,,
230,未,not_yet,not_yet,12,,,,
231,末,extremity,extremity,12,,,,
232,昧,obscure,obscure,12,,,,
233,沫,splash,splash,12,,,,
234,味,flavor,flavor,12,,,,
235,妹,younger_sister,younger_sister,12,,,,
236,朱,vermilion,vermilion,12,,,,
237,株,stocks,stocks,12,,,,
238,若,young,young,12,,,,
239,草,grass,grass,12,,,,
240,苦,suffering,suffering,12,,,,
241,苛,bullying,bullying,13,,,,
242,寛,tolerant,tolerant,13,,,,
243,薄,dilute,dilute,13,,,,
244,葉,leaf,leaf,13,,,,
245,模,imitation,imitation,13,,,,
246,漠,vague,vague,13,,,,
247,墓,grave,grave,13,,,,
248,暮,livelihood,livelihood,13,,,,
249,膜,membrane,membrane,13,,,,
250,苗,seedling,seedling,13,,,,
251,兆,portent,portent,13,,,,
252,桃,peach_tree,peach_tree,13,,,,
253,眺,stare,stare,13,,,,
254,犬,dog,dog,13,,,,
255,状,status_quo,status_quo,13,,,,
256,黙,silence,silence,13,,,,
257,然,sort_of_thing,sort_of_thing,13,,,,
258,荻,reed,reed,13,,,,
259,狩,hunt,hunt,13,,,,
260,猫,cat,cat,13,,,,
261,牛,cow,cow,14,,,,
262,特,special,special,14,,,,
263,告,revelation,revelation,14,,,,
264,先,previous,previous,14,,,,
265,洗,wash,wash,14,,,,
266,介,jammed_in,jammed_in,14,,,,
267,界,world,world,14,,,,
268,茶,tea,tea,14,,,,
269,脊,stature,stature,14,,,,
270,合,fit,fit,14,,,,
271,塔,pagoda,pagoda,14,,,,
272,王,king,king,14,,,,
273,玉,ball,ball,14,,,,
274,宝,treasure,treasure,14,,,,
275,珠,pearl,pearl,14,,,,
276,現,present,present,14,,,,
277,玩,toy_with,toy_with,14,,,,
278,狂,lunatic,lunatic,14,,,,
279,旺,flourishing,flourishing,14,,,,
280,皇,emperor,emperor,14,,,,
281,呈,display,display,15,,,,
282,全,whole,whole,15,,,,
283,栓,plug,plug,15,,,,
284,理,logic,logic,15,,,,
285,主,master,master,15,,,,
286,注,pour,pour,15,,,,
287,柱,pillar,pillar,15,,,,
288,金,gold,gold,15,,,,
289,銑,pig_iron,pig_iron,15,,,,
290,鉢,bowl,bowl,15,,,,
291,銅,copper,copper,15,,,,
292,釣,angling,angling,15,,,,
293,針,needle,needle,15,,,,
294,銘,inscription,inscription,15,,,,
295,鎮,tranquilize,tranquilize,15,,,,
296,道,road,road,15,,,,
297,導,guidance,guidance,15,,,,
298,辻,crossing,crossing,15,,,,
299,迅,swift,swift,15,,,,
300,造,create,create,15,,,,
301,迫,urge,urge,16,,,,
302,逃,escape,escape,16,,,,
303,辺,environs,environs,16,,,,
304,巡,patrol,patrol,16,,,,
305,車,car,car,16,,,,
306,連,take_along,take_along,16,,,,
307,軌,rut,rut,16,,,,
308,輸,transport,transport,16,,,,
309,喩,metaphor,metaphor,16,,,,
310,前,in_front,in_front,16,,,,
311,煎,roast,roast,16,,,,
312,各,each,each,16,,,,
313,格,status,status,16,,,,
314,賂,graft,graft,16,,,,
315,略,abbreviation,abbreviation,16,,,,
316,客,guest,guest,16,,,,
317,額,amount,amount,16,,,,
318,夏,summer,summer,16,,,,
319,処,dispose,dispose,16,,,,
320,条,clause,clause,16,,,,
321,落,fall,fall,17,,,,
322,冗,superfluous,superfluous,17,,,,
323,冥,hades,hades,17,,,,
324,軍,army,army,17,,,,
325,輝,radiance,radiance,17,,,,
326,運,carry,carry,17,,,,
327,冠,crown,crown,17,,,,
328,夢,dream,dream,17,,,,
329,坑,pit,pit,17,,,,
330,高,tall,tall,17,,,,
331,享,receive,receive,17,,,,
332,塾,cram_school,cram_school,17,,,,
333,熟,ripe,ripe,17,,,,
334,亭,pavilion,pavilion,17,,,,
335,京,capital,capital,17,,,,
336,涼,refreshing,refreshing,17,,,,
337,景,scenery,scenery,17,,,,
338,鯨,whale,whale,17,,,,
339,舎,cottage,cottage,17,,,,
340,周,circumference,circumference,17,,,,
341,週,week,week,18,,,,
342,士,gentleman,gentleman,18,,,,
343,吉,good_luck,good_luck,18,,,,
344,壮,robust,robust,18,,,,
345,荘,villa,villa,18,,,,
346,売,sell,sell,18,,,,
347,学,study,study,18,,,,
348,覚,memorize,memorize,18,,,,
349,栄,flourish,flourish,18,,,,
350,書,write,write,18,,,,
351,津,haven,haven,18,,,,
352,牧,breed,breed,18,,,,
353,攻,aggression,aggression,18,,,,
354,敗,failure,failure,18,,,,
355,枚,sheet_of,sheet_of,18,,,,
356,故,happenstance,happenstance,18,,,,
357,敬,awe,awe,18,,,,
358,言,say,say,18,,,,
359,警,admonish,admonish,18,,,,
360,計,plot,plot,18,,,,
361,詮,elucidate,elucidate,19,,,,
362,獄,prison,prison,19,,,,
363,訂,revise,revise,19,,,,
364,訃,obituary,obituary,19,,,,
365,討,chastise,chastise,19,,,,
366,訓,instruction,instruction,19,,,,
367,詔,imperial_edict,imperial_edict,19,,,,
368,詰,packed,packed,19,,,,
369,話,talk,talk,19,,,,
370,詠,recitation,recitation,19,,,,
371,詩,poem,poem,19,,,,
372,語,language,language,19,,,,
373,読,read,read,19,,,,
374,調,tune,tune,19,,,,
375,談,discuss,discuss,19,,,,
376,諾,consent,consent,19,,,,
377,諭,rebuke,rebuke,19,,,,
378,式,style,style,19,,,,
379,試,test,test,19,,,,
380,弐,formal_two,formal_two,19,,,,
381,域,range,range,20,,,,
382,賊,burglar,burglar,20,,,,
383,栽,plantation,plantation,20,,,,
384,載,load,load,20,,,,
385,茂,overgrown,overgrown,20,,,,
386,戚,relatives,relatives,20,,,,
387,成,become,become,20,,,,
388,城,castle,castle,20,,,,
389,誠,sincerity,sincerity,20,,,,
390,威,intimidate,intimidate,20,,,,
391,滅,destroy,destroy,20,,,,
392,減,dwindle,dwindle,20,,,,
393,蔑,disdain,disdain,20,,,,
394,桟,scaffold,scaffold,20,,,,
395,銭,coin,coin,20,,,,
396,浅,shallow,shallow,20,,,,
397,止,stop,stop,20,,,,
398,歩,walk,walk,20,,,,
399,渉,ford,ford,20,,,,
400,頻,repeatedly,repeatedly,20,,,,
401,肯,agreement,agreement,21,,,,
402,企,undertake,undertake,21,,,,
403,歴,curriculum,curriculum,21,,,,
404,武,warrior,warrior,21,,,,
405,賦,levy,levy,21,,,,
406,正,correct,correct,21,,,,
407,証,evidence,evidence,21,,,,
408,政,politics,politics,21,,,,
409,定,determine,determine,21,,,,
410,錠,lock,lock,21,,,,
411,走,run,run,21,,,,
412,超,transcend,transcend,21,,,,
413,赴,proceed,proceed,21,,,,
414,越,surpass,surpass,21,,,,
415,是,just_so,just_so,21,,,,
416,題,topic,topic,21,,,,
417,堤,dike,dike,21,,,,
418,建,build,build,21,,,,
419,鍵,key,key,21,,,,
420,延,prolong,prolong,21,,,,
421,誕,nativity,nativity,22,,,,
422,礎,cornerstone,cornerstone,22,,,,
423,婿,bridegroom,bridegroom,22,,,,
424,衣,garment,garment,22,,,,
425,裁,judge,judge,22,,,,
426,装,attire,attire,22,,,,
427,裏,reverse_side,reverse_side,22,,,,
428,壊,demolition,demolition,22,,,,
429,哀,pathetic,pathetic,22,,,,
430,遠,far,far,22,,,,
431,猿,monkey,monkey,22,,,,
432,初,first_time,first_time,22,,,,
433,巾,towel,towel,22,,,,
434,布,linen,linen,22,,,,
435,帆,sail,sail,22,,,,
436,幅,breadth,breadth,22,,,,
437,帽,cap,cap,22,,,,
438,幕,curtain,curtain,22,,,,
439,幌,canopy,canopy,22,,,,
440,錦,brocade,brocade,22,,,,
441,市,market,market,23,,,,
442,柿,persimmon,persimmon,23,,,,
443,姉,older_sister,older_sister,23,,,,
444,肺,lungs,lungs,23,,,,
445,帯,sash,sash,23,,,,
446,滞,stagnate,stagnate,23,,,,
447,刺,thorn,thorn,23,,,,
448,制,control,control,23,,,,
449,製,made_in,made_in,23,,,,
450,転,revolve,revolve,23,,,,
451,芸,art,art,23,,,,
452,雨,rain,rain,23,,,,
453,雲,cloud,cloud,23,,,,
454,曇,cloudy_weather,cloudy_weather,23,,,,
455,雷,thunder,thunder,23,,,,
456,霜,frost,frost,23,,,,
457,冬,winter,winter,23,,,,
458,天,heaven,heaven,23,,,,
459,妖,bewitched,bewitched,23,,,,
460,沃,fertile,fertile,23,,,,
461,橋,bridge,bridge,24,,,,
462,嬌,attractive,attractive,24,,,,
463,立,stand_up,stand_up,24,,,,
464,泣,cry,cry,24,,,,
465,章,chapter,chapter,24,,,,
466,競,compete,compete,24,,,,
467,帝,sovereign,sovereign,24,,,,
468,諦,renunciation,renunciation,24,,,,
469,童,juvenile,juvenile,24,,,,
470,瞳,pupil,pupil,24,,,,
471,鐘,bell,bell,24,,,,
472,商,deal,deal,24,,,,
473,嫡,legitimate_wife,legitimate_wife,24,,,,
474,適,suitable,suitable,24,,,,
475,滴,drip,drip,24,,,,
476,敵,enemy,enemy,24,,,,
477,匕,spoon,spoon,24,,,,
478,叱,scold,scold,24,,,,
479,匂,scent,scent,24,,,,
480,頃,about_that_time,about_that_time,24,,,,
481,北,north,north,25,,,,
482,背,back,back,25,,,,
483,比,compare,compare,25,,,,
484,昆,descendants,descendants,25,,,,
485,皆,everyone,everyone,25,,,,
486,楷,block_letters,block_letters,25,,,,
487,諧,orderliness,orderliness,25,,,,
488,混,mix,mix,25,,,,
489,渇,thirst,thirst,25,,,,
490,謁,audience,audience,25,,,,
491,褐,brown,brown,25,,,,
492,喝,hoarse,hoarse,25,,,,
493,葛,kudzu,kudzu,25,,,,
494,旨,delicious,delicious,25,,,,
495,脂,fat,fat,25,,,,
496,詣,visit_shrine,visit_shrine,25,,,,
497,壱,formal_one,formal_one,25,,,,
498,毎,every,every,25,,,,
499,敏,cleverness,cleverness,25,,,,
500,梅,ume,ume,25,,,,
501,海,sea,sea,26,,,,
502,乞,beg,beg,26,,,,
503,乾,drought,drought,26,,,,
504,腹,abdomen,abdomen,26,,,,
505,複,duplicate,duplicate,26,,,,
506,欠,lack,lack,26,,,,
507,吹,blow,blow,26,,,,
508,炊,cook,cook,26,,,,
509,歌,song,song,26,,,,
510,軟,soft,soft,26,,,,
511,次,next,next,26,,,,
512,茨,briar,briar,26,,,,
513,資,assets,assets,26,,,,
514,姿,figure,figure,26,,,,
515,諮,consult_with,consult_with,26,,,,
516,賠,compensation,compensation,26,,,,
517,培,cultivate,cultivate,26,,,,
518,剖,divide,divide,26,,,,
519,音,sound,sound,26,,,,
520,暗,darkness,darkness,26,,,,
521,韻,rhyme,rhyme,27,,,,
522,識,discriminating,discriminating,27,,,,
523,鏡,mirror,mirror,27,,,,
524,境,boundary,boundary,27,,,,
525,亡,deceased,deceased,27,,,,
526,盲,blind,blind,27,,,,
527,妄,delusion,delusion,27,,,,
528,荒,laid_waste,laid_waste,27,,,,
529,望,ambition,ambition,27,,,,
530,方,direction,direction,27,,,,
531,妨,disturb,disturb,27,,,,
532,坊,boy,boy,27,,,,
533,芳,perfume,perfume,27,,,,
534,肪,obese,obese,27,,,,
535,訪,call_on,call_on,27,,,,
536,放,release,release,27,,,,
537,激,violent,violent,27,,,,
538,脱,undress,undress,27,,,,
539,説,theory,theory,27,,,,
540,鋭,pointed,pointed,27,,,,
541,曽,formerly,formerly,28,,,,
542,増,increase,increase,28,,,,
543,贈,presents,presents,28,,,,
544,東,east,east,28,,,,
545,棟,ridgepole,ridgepole,28,,,,
546,凍,frozen,frozen,28,,,,
547,妊,pregnancy,pregnancy,28,,,,
548,廷,courts,courts,28,,,,
549,染,dye,dye,28,,,,
550,燃,burn,burn,28,,,,
551,賓,vip,vip,28,,,,
552,歳,year_end,year_end,28,,,,
553,県,prefecture,prefecture,28,,,,
554,栃,horse_chestnut,horse_chestnut,28,,,,
555,地,ground,ground,28,,,,
556,池,pond,pond,28,,,,
557,虫,insect,insect,28,,,,
558,蛍,lightning_bug,lightning_bug,28,,,,
559,蛇,snake,snake,28,,,,
560,虹,rainbow,rainbow,28,,,,
561,蝶,butterfly,butterfly,29,,,,
562,独,alone,alone,29,,,,
563,蚕,silkworm,silkworm,29,,,,
564,風,wind,wind,29,,,,
565,己,self,self,29,,,,
566,起,wake_up,wake_up,29,,,,
567,妃,queen,queen,29,,,,
568,改,reformation,reformation,29,,,,
569,記,scribe,scribe,29,,,,
570,包,wrap,wrap,29,,,,
571,胞,placenta,placenta,29,,,,
572,砲,cannon,cannon,29,,,,
573,泡,bubbles,bubbles,29,,,,
574,亀,turtle,turtle,29,,,,
575,電,electricity,electricity,29,,,,
576,竜,dragon,dragon,29,,,,
577,滝,waterfall,waterfall,29,,,,
578,豚,pork,pork,29,,,,
579,逐,pursue,pursue,29,,,,
580,遂,consummate,consummate,29,,,,
581,家,house,house,30,,,,
582,嫁,marry_into,marry_into,30,,,,
583,豪,overpowering,overpowering,30,,,,
584,腸,intestines,intestines,30,,,,
585,場,location,location,30,,,,
586,湯,hot_water,hot_water,30,,,,
587,羊,sheep,sheep,30,,,,
588,美,beauty,beauty,30,,,,
589,洋,ocean,ocean,30,,,,
590,詳,detailed,detailed,30,,,,
591,鮮,fresh,fresh,30,,,,
592,達,attain,attain,30,,,,
593,羨,envious,envious,30,,,,
594,差,distinction,distinction,30,,,,
595,着,wear,wear,30,,,,
596,唯,solely,solely,30,,,,
597,堆,piled_high,piled_high,30,,,,
598,椎,sweet_oak,sweet_oak,30,,,,
599,誰,who,who,30,,,,
600,焦,char,char,30,,,,
601,礁,reef,reef,31,,,,
602,集,gather,gather,31,,,,
603,准,quasi,quasi,31,,,,
604,進,advance,advance,31,,,,
605,雑,miscellaneous,miscellaneous,31,,,,
606,雌,female,female,31,,,,
607,準,conform,conform,31,,,,
608,奮,stirred_up,stirred_up,31,,,,
609,奪,rob,rob,31,,,,
610,確,assurance,assurance,31,,,,
611,午,noon,noon,31,,,,
612,許,permit,permit,31,,,,
613,歓,delight,delight,31,,,,
614,権,rights,rights,31,,,,
615,観,observe,observe,31,,,,
616,羽,feathers,feathers,31,,,,
617,習,learn,learn,31,,,,
618,翌,following_day,following_day,31,,,,
619,曜,weekday,weekday,31,,,,
620,濯,laundry,laundry,31,,,,
621,曰,sayeth,sayeth,32,,,,
622,困,quandary,quandary,32,,,,
623,固,hard,hard,32,,,,
624,錮,weld,weld,32,,,,
625,国,country,country,32,,,,
626,団,group,group,32,,,,
627,因,reason,reason,32,,,,
628,姻,matrimony,matrimony,32,,,,
629,咽,gullet,gullet,32,,,,
630,園,garden,garden,32,,,,
631,回,occurrences,occurrences,32,,,,
632,壇,podium,podium,32,,,,
633,店,store,store,32,,,,
634,庫,storage,storage,32,,,,
635,庭,courtyard,courtyard,32,,,,
636,庁,government_office,government_office,32,,,,
637,床,bed,bed,32,,,,
638,麻,hemp,hemp,32,,,,
639,磨,grind,grind,32,,,,
640,心,heart,heart,32,,,,
641,忘,forget,forget,33,,,,
642,恣,selfish,selfish,33,,,,
643,忍,endure_silently,endure_silently,33,,,,
644,認,acknowledge,acknowledge,33,,,,
645,忌,mourning,mourning,33,,,,
646,志,intention,intention,33,,,,
647,誌,document,document,33,,,,
648,芯,core,core,33,,,,
649,忠,loyalty,loyalty,33,,,,
650,串,skewer,skewer,33,,,,
651,患,afflicted,afflicted,33,,,,
652,思,think,think,33,,,,
653,恩,grace,grace,33,,,,
654,応,respond,respond,33,,,,
655,意,idea,idea,33,,,,
656,臆,cowardice,cowardice,33,,,,
657,想,concept,concept,33,,,,
658,息,breath,breath,33,,,,
659,憩,recess,recess,33,,,,
660,恵,favor,favor,33,,,,
661,恐,fear,fear,34,,,,
662,惑,beguile,beguile,34,,,,
663,感,feeling,feeling,34,,,,
664,憂,melancholy,melancholy,34,,,,
665,寡,widow,widow,34,,,,
666,忙,busy,busy,34,,,,
667,悦,ecstasy,ecstasy,34,,,,
668,恒,constancy,constancy,34,,,,
669,悼,lament,lament,34,,,,
670,悟,enlightenment,enlightenment,34,,,,
671,怖,dreadful,dreadful,34,,,,
672,慌,disconcerted,disconcerted,34,,,,
673,悔,repent,repent,34,,,,
674,憎,hate,hate,34,,,,
675,慣,accustomed,accustomed,34,,,,
676,愉,pleasure,pleasure,34,,,,
677,惰,lazy,lazy,34,,,,
678,慎,humility,humility,34,,,,
679,憾,remorse,remorse,34,,,,
680,憶,recollection,recollection,34,,,,
681,惧,disquieting,disquieting,35,,,,
682,憧,desire,desire,35,,,,
683,憬,long_for,long_for,35,,,,
684,慕,pining,pining,35,,,,
685,添,annexed,annexed,35,,,,
686,必,invariably,invariably,35,,,,
687,泌,ooze,ooze,35,,,,
688,手,hand,hand,35,,,,
689,看,watch_over,watch_over,35,,,,
690,摩,chafe,chafe,35,,,,
691,我,ego,ego,35,,,,
692,義,righteousness,righteousness,35,,,,
693,議,deliberation,deliberation,35,,,,
694,犠,sacrifice,sacrifice,35,,,,
695,抹,rub,rub,35,,,,
696,拭,wipe,wipe,35,,,,
697,拉,yank,yank,35,,,,
698,抱,embrace,embrace,35,,,,
699,搭,board,board,35,,,,
700,抄,extract,extract,35,,,,
701,抗,confront,confront,36,,,,
702,批,criticism,criticism,36,,,,
703,招,beckon,beckon,36,,,,
704,拓,clear_land,clear_land,36,,,,
705,拍,clap,clap,36,,,,
706,打,strike,strike,36,,,,
707,拘,arrest,arrest,36,,,,
708,捨,discard,discard,36,,,,
709,拐,kidnap,kidnap,36,,,,
710,摘,pinch,pinch,36,,,,
711,挑,challenge,challenge,36,,,,
712,指,finger,finger,36,,,,
713,持,hold,hold,36,,,,
714,拶,imminent,imminent,36,,,,
715,括,fasten,fasten,36,,,,
716,揮,brandish,brandish,36,,,,
717,推,infer,infer,36,,,,
718,揚,hoist,hoist,36,,,,
719,提,propose,propose,36,,,,
720,損,damage,damage,36,,,,
721,拾,pick_up,pick_up,37,,,,
722,担,shouldering,shouldering,37,,,,
723,拠,foothold,foothold,37,,,,
724,描,sketch,sketch,37,,,,
725,操,maneuver,maneuver,37,,,,
726,接,touch,touch,37,,,,
727,掲,put_up_notice,put_up_notice,37,,,,
728,掛,hang,hang,37,,,,
729,捗,make_headway,make_headway,37,,,,
730,研,sharpen,sharpen,37,,,,
731,戒,commandment,commandment,37,,,,
732,弄,tinker_with,tinker_with,37,,,,
733,械,contraption,contraption,37,,,,
734,鼻,nose,nose,37,,,,
735,刑,punish,punish,37,,,,
736,型,mould,mould,37,,,,
737,才,genius,genius,37,,,,
738,財,property,property,37,,,,
739,材,lumber,lumber,37,,,,
740,存,suppose,suppose,37,,,,
741,在,exist,exist,38,,,,
742,乃,no,no,38,,,,
743,携,portable,portable,38,,,,
744,及,reach_out,reach_out,38,,,,
745,吸,suck,suck,38,,,,
746,扱,handle,handle,38,,,,
747,丈,length,length,38,,,,
748,史,history,history,38,,,,
749,吏,officer,officer,38,,,,
750,更,further,further,38,,,,
751,硬,stiff,stiff,38,,,,
752,梗,spiny,spiny,38,,,,
753,又,or_again,or_again,38,,,,
754,双,pair,pair,38,,,,
755,桑,mulberry,mulberry,38,,,,
756,隻,vessels,vessels,38,,,,
757,護,safeguard,safeguard,38,,,,
758,獲,seize,seize,38,,,,
759,奴,guy,guy,38,,,,
760,怒,angry,angry,38,,,,
761,友,friend,friend,39,,,,
762,抜,slip_out,slip_out,39,,,,
763,投,throw,throw,39,,,,
764,没,drown,drown,39,,,,
765,股,crotch,crotch,39,,,,
766,設,establish,establish,39,,,,
767,撃,beat,beat,39,,,,
768,殻,husk,husk,39,,,,
769,支,branch,branch,39,,,,
770,技,skill,skill,39,,,,
771,枝,bough,bough,39,,,,
772,肢,limb,limb,39,,,,
773,茎,stalk,stalk,39,,,,
774,怪,suspicious,suspicious,39,,,,
775,軽,light_weight,light_weight,39,,,,
776,叔,uncle,uncle,39,,,,
777,督,coach,coach,39,,,,
778,寂,loneliness,loneliness,39,,,,
779,淑,graceful,graceful,39,,,,
780,反,anti,anti,39,,,,
781,坂,slope,slope,40,,,,
782,板,plank,plank,40,,,,
783,返,return,return,40,,,,
784,販,marketing,marketing,40,,,,
785,爪,claw,claw,40,,,,
786,妥,gentle,gentle,40,,,,
787,乳,milk,milk,40,,,,
788,浮,floating,floating,40,,,,
789,淫,lewdness,lewdness,40,,,,
790,将,leader,leader,40,,,,
791,奨,exhort,exhort,40,,,,
792,采,grab,grab,40,,,,
793,採,pick,pick,40,,,,
794,菜,vegetable,vegetable,40,,,,
795,受,accept,accept,40,,,,
796,授,instruct,instruct,40,,,,
797,愛,love,love,40,,,,
798,曖,unclear,unclear,40,,,,
799,払,pay,pay,40,,,,
800,広,wide,wide,40,,,,
801,勾,capture,capture,41,,,,
802,拡,broaden,broaden,41,,,,
803,鉱,mineral,mineral,41,,,,
804,弁,valve,valve,41,,,,
805,雄,male,male,41,,,,
806,台,pedestal,pedestal,41,,,,
807,怠,neglect,neglect,41,,,,
808,治,reign,reign,41,,,,
809,冶,metallurgy,metallurgy,41,,,,
810,始,commence,commence,41,,,,
811,胎,womb,womb,41,,,,
812,窓,window,window,41,,,,
813,去,leave,leave,41,,,,
814,法,method,method,41,,,,
815,会,meeting,meeting,41,,,,
816,至,climax,climax,41,,,,
817,室,room,room,41,,,,
818,到,arrival,arrival,41,,,,
819,致,bring_about,bring_about,41,,,,
820,互,mutually,mutually,41,,,,
821,棄,abandon,abandon,42,,,,
822,育,nurture,nurture,42,,,,
823,撤,remove,remove,42,,,,
824,充,allot,allot,42,,,,
825,銃,gun,gun,42,,,,
826,硫,sulfur,sulfur,42,,,,
827,流,current,current,42,,,,
828,允,makoto,makoto,42,,,,
829,唆,tempt,tempt,42,,,,
830,出,exit,exit,42,,,,
831,山,mountain,mountain,42,,,,
832,拙,bungling,bungling,42,,,,
833,岩,boulder,boulder,42,,,,
834,炭,charcoal,charcoal,42,,,,
835,岐,branch_off,branch_off,42,,,,
836,峠,mountain_pass,mountain_pass,42,,,,
837,崩,crumble,crumble,42,,,,
838,密,secrecy,secrecy,42,,,,
839,蜜,honey,honey,42,,,,
840,嵐,storm,storm,42,,,,
841,崎,promontory,promontory,43,,,,
842,崖,cliff,cliff,43,,,,
843,入,enter,enter,43,,,,
844,込,crowded,crowded,43,,,,
845,分,part,part,43,,,,
846,貧,poverty,poverty,43,,,,
847,頒,partition,partition,43,,,,
848,公,public,public,43,,,,
849,松,pine_tree,pine_tree,43,,,,
850,翁,elderly_man,elderly_man,43,,,,
851,訟,litigation,litigation,43,,,,
852,谷,valley,valley,43,,,,
853,浴,bathe,bathe,43,,,,
854,容,contain,contain,43,,,,
855,溶,melt,melt,43,,,,
856,欲,longing,longing,43,,,,
857,裕,abundant,abundant,43,,,,
858,鉛,lead,lead,43,,,,
859,沿,run_alongside,run_alongside,43,,,,
860,賞,prize,prize,43,,,,
861,党,political_party,political_party,44,,,,
862,堂,public_hall,public_hall,44,,,,
863,常,usual,usual,44,,,,
864,裳,robe,robe,44,,,,
865,掌,manipulate,manipulate,44,,,,
866,皮,pelt,pelt,44,,,,
867,波,waves,waves,44,,,,
868,婆,old_woman,old_woman,44,,,,
869,披,reveal,reveal,44,,,,
870,破,rend,rend,44,,,,
871,被,incur,incur,44,,,,
872,残,remainder,remainder,44,,,,
873,殉,martyrdom,martyrdom,44,,,,
874,殊,particularly,particularly,44,,,,
875,殖,augment,augment,44,,,,
876,列,file,file,44,,,,
877,裂,split,split,44,,,,
878,烈,ardent,ardent,44,,,,
879,死,death,death,44,,,,
880,葬,burial,burial,44,,,,
881,瞬,wink,wink,45,,,,
882,耳,ear,ear,45,,,,
883,取,take,take,45,,,,
884,趣,gist,gist,45,,,,
885,最,utmost,utmost,45,,,,
886,撮,snapshot,snapshot,45,,,,
887,恥,shame,shame,45,,,,
888,職,employment,employment,45,,,,
889,聖,holy,holy,45,,,,
890,敢,daring,daring,45,,,,
891,聴,listen,listen,45,,,,
892,懐,pocket,pocket,45,,,,
893,慢,ridicule,ridicule,45,,,,
894,漫,cartoon,cartoon,45,,,,
895,買,buy,buy,45,,,,
896,置,placement,placement,45,,,,
897,罰,penalty,penalty,45,,,,
898,寧,rather,rather,45,,,,
899,濁,voiced,voiced,45,,,,
900,環,ring,ring,45,,,,
901,還,send_back,send_back,46,,,,
902,夫,husband,husband,46,,,,
903,扶,support,support,46,,,,
904,渓,mountain_stream,mountain_stream,46,,,,
905,規,standard,standard,46,,,,
906,替,exchange,exchange,46,,,,
907,賛,approve,approve,46,,,,
908,潜,submerge,submerge,46,,,,
909,失,lose,lose,46,,,,
910,鉄,iron,iron,46,,,,
911,迭,transfer,transfer,46,,,,
912,臣,retainer,retainer,46,,,,
913,姫,princess,princess,46,,,,
914,蔵,storehouse,storehouse,46,,,,
915,臓,entrails,entrails,46,,,,
916,賢,intelligent,intelligent,46,,,,
917,腎,kidney,kidney,46,,,,
918,堅,strict,strict,46,,,,
919,臨,look_to,look_to,46,,,,
920,覧,perusal,perusal,46,,,,
921,巨,gigantic,gigantic,47,,,,
922,拒,repel,repel,47,,,,
923,力,power,power,47,,,,
924,男,man,man,47,,,,
925,労,labor,labor,47,,,,
926,募,recruit,recruit,47,,,,
927,劣,inferiority,inferiority,47,,,,
928,功,achievement,achievement,47,,,,
929,勧,persuade,persuade,47,,,,
930,努,toil,toil,47,,,,
931,勃,uprising,uprising,47,,,,
932,励,encourage,encourage,47,,,,
933,加,add,add,47,,,,
934,賀,congratulations,congratulations,47,,,,
935,架,rack,rack,47,,,,
936,脇,armpit,armpit,47,,,,
937,脅,threaten,threaten,47,,,,
938,協,cooperation,cooperation,47,,,,
939,行,going,going,47,,,,
940,律,law,law,47,,,,
941,復,restore,restore,48,,,,
942,得,acquire,acquire,48,,,,
943,従,obey,obey,48,,,,
944,徒,junior,junior,48,,,,
945,待,wait,wait,48,,,,
946,往,journey,journey,48,,,,
947,征,subjugate,subjugate,48,,,,
948,径,diameter,diameter,48,,,,
949,彼,he,he,48,,,,
950,役,role,role,48,,,,
951,徳,benevolence,benevolence,48,,,,
952,徹,penetrate,penetrate,48,,,,
953,徴,indications,indications,48,,,,
954,懲,penal,penal,48,,,,
955,微,delicate,delicate,48,,,,
956,街,boulevard,boulevard,48,,,,
957,桁,beam,beam,48,,,,
958,衡,equilibrium,equilibrium,48,,,,
959,稿,draft,draft,48,,,,
960,稼,earnings,earnings,48,,,,
961,程,extent,extent,49,,,,
962,税,tax,tax,49,,,,
963,稚,immature,immature,49,,,,
964,和,harmony,harmony,49,,,,
965,移,shift,shift,49,,,,
966,秒,second,second,49,,,,
967,秋,autumn,autumn,49,,,,
968,愁,distress,distress,49,,,,
969,私,me,me,49,,,,
970,秩,regularity,regularity,49,,,,
971,秘,secret,secret,49,,,,
972,称,appellation,appellation,49,,,,
973,利,profit,profit,49,,,,
974,梨,pear_tree,pear_tree,49,,,,
975,穫,harvest,harvest,49,,,,
976,穂,ear_of_plant,ear_of_plant,49,,,,
977,稲,rice_plant,rice_plant,49,,,,
978,香,incense,incense,49,,,,
979,季,seasons,seasons,49,,,,
980,委,committee,committee,49,,,,
981,秀,excel,excel,50,,,,
982,透,transparent,transparent,50,,,,
983,誘,entice,entice,50,,,,
984,稽,examine,examine,50,,,,
985,穀,cereals,cereals,50,,,,
986,菌,germ,germ,50,,,,
987,萎,numb,numb,50,,,,
988,米,rice,rice,50,,,,
989,粉,flour,flour,50,,,,
990,粘,sticky,sticky,50,,,,
991,粒,grains,grains,50,,,,
992,粧,cosmetics,cosmetics,50,,,,
993,迷,astray,astray,50,,,,
994,粋,chic,chic,50,,,,
995,謎,riddle,riddle,50,,,,
996,糧,provisions,provisions,50,,,,
997,菊,chrysanthemum,chrysanthemum,50,,,,
998,奥,inner,inner,50,,,,
999,数,number,number,50,,,,
1000,楼,watchtower,watchtower,50,,,,
1001,類,sort,sort,51,,,,
1002,漆,lacquer,lacquer,51,,,,
1003,膝,knee,knee,51,,,,
1004,様,formal_title,formal_title,51,,,,
1005,求,request,request,51,,,,
1006,球,sphere,sphere,51,,,,
1007,救,salvation,salvation,51,,,,
1008,竹,bamboo,bamboo,51,,,,
1009,笑,laugh,laugh,51,,,,
1010,笠,bamboo_hat,bamboo_hat,51,,,,
1011,笹,bamboo_grass,bamboo_grass,51,,,,
1012,箋,stationery,stationery,51,,,,
1013,筋,muscle,muscle,51,,,,
1014,箱,box,box,51,,,,
1015,筆,writing_brush,writing_brush,51,,,,
1016,筒,cylinder,cylinder,51,,,,
1017,等,etc,etc,51,,,,
1018,算,calculate,calculate,51,,,,
1019,答,answer,answer,51,,,,
1020,策,scheme,scheme,51,,,,
1021,簿,register,register,52,,,,
1022,築,fabricate,fabricate,52,,,,
1023,篭,basket,basket,52,,,,
1024,人,person,person,52,,,,
1025,佐,assistant,assistant,52,,,,
1026,侶,partner,partner,52,,,,
1027,但,however,however,52,,,,
1028,住,dwelling,dwelling,52,,,,
1029,位,rank,rank,52,,,,
1030,仲,go_between,go_between,52,,,,
1031,体,body,body,52,,,,
1032,悠,permanence,permanence,52,,,,
1033,件,affair,affair,52,,,,
1034,仕,attend_to,attend_to,52,,,,
1035,他,other,other,52,,,,
1036,伏,prostrated,prostrated,52,,,,
1037,伝,transmit,transmit,52,,,,
1038,仏,buddha,buddha,52,,,,
1039,休,rest,rest,52,,,,
1040,仮,temporary,temporary,52,,,,
1041,伎,performing artist,performing artist,53,,,,
1042,伯,chief,chief,53,,,,
1043,俗,vulgar,vulgar,53,,,,
1044,信,faith,faith,53,,,,
1045,佳,excellent,excellent,53,,,,
1046,依,reliant,reliant,53,,,,
1047,例,example,example,53,,,,
1048,個,individual,individual,53,,,,
1049,健,healthy,healthy,53,,,,
1050,側,side,side,53,,,,
1051,侍,waiter,waiter,53,,,,
1052,停,halt,halt,53,,,,
1053,値,value,value,53,,,,
1054,倣,emulate,emulate,53,,,,
1055,傲,arrogance,arrogance,53,,,,
1056,倒,overthrow,overthrow,53,,,,
1057,偵,spy,spy,53,,,,
1058,僧,buddhist_priest,buddhist_priest,53,,,,
1059,億,hundred_million,hundred_million,53,,,,
1060,儀,ritual,ritual,53,,,,
1061,償,reparation,reparation,54,,,,
1062,仙,hermit,hermit,54,,,,
1063,催,sponsor,sponsor,54,,,,
1064,仁,humanity,humanity,54,,,,
1065,侮,scorn,scorn,54,,,,
1066,使,use,use,54,,,,
1067,便,convenience,convenience,54,,,,
1068,倍,double,double,54,,,,
1069,優,tenderness,tenderness,54,,,,
1070,伐,fell,fell,54,,,,
1071,宿,inn,inn,54,,,,
1072,傷,wound,wound,54,,,,
1073,保,protect,protect,54,,,,
1074,褒,praise,praise,54,,,,
1075,傑,greatness,greatness,54,,,,
1076,付,adhere,adhere,54,,,,
1077,符,token,token,54,,,,
1078,府,municipality,municipality,54,,,,
1079,任,responsibility,responsibility,54,,,,
1080,賃,fare,fare,54,,,,
1081,代,substitute,substitute,55,,,,
1082,袋,sack,sack,55,,,,
1083,貸,lend,lend,55,,,,
1084,化,change,change,55,,,,
1085,花,flower,flower,55,,,,
1086,貨,freight,freight,55,,,,
1087,傾,lean,lean,55,,,,
1088,何,what,what,55,,,,
1089,荷,baggage,baggage,55,,,,
1090,俊,sagacious,sagacious,55,,,,
1091,傍,bystander,bystander,55,,,,
1092,俺,myself,myself,55,,,,
1093,久,long_time,long_time,55,,,,
1094,畝,furrow,furrow,55,,,,
1095,囚,captured,captured,55,,,,
1096,内,inside,inside,55,,,,
1097,丙,third_class,third_class,55,,,,
1098,柄,design,design,55,,,,
1099,肉,meat,meat,55,,,,
1100,腐,rot,rot,55,,,,
1101,座,sit,sit,56,,,,
1102,挫,sprain,sprain,56,,,,
1103,卒,graduate,graduate,56,,,,
1104,傘,umbrella,umbrella,56,,,,
1105,匁,monme,monme,56,,,,
1106,以,by_means_of,by_means_of,56,,,,
1107,似,resemble,resemble,56,,,,
1108,併,join,join,56,,,,
1109,瓦,tile,tile,56,,,,
1110,瓶,flower_pot,flower_pot,56,,,,
1111,宮,shinto_shrine,shinto_shrine,56,,,,
1112,営,occupation,occupation,56,,,,
1113,善,virtuous,virtuous,56,,,,
1114,膳,dining_tray,dining_tray,56,,,,
1115,年,year,year,56,,,,
1116,夜,night,night,56,,,,
1117,液,fluid,fluid,56,,,,
1118,塚,hillock,hillock,56,,,,
1119,幣,cash,cash,56,,,,
1120,蔽,cover_over,cover_over,56,,,,
1121,弊,abuse,abuse,57,,,,
1122,喚,yell,yell,57,,,,
1123,換,interchange,interchange,57,,,,
1124,融,dissolve,dissolve,57,,,,
1125,施,alms,alms,57,,,,
1126,旋,rotation,rotation,57,,,,
1127,遊,play,play,57,,,,
1128,旅,trip,trip,57,,,,
1129,勿,must_not,must_not,57,,,,
1130,物,thing,thing,57,,,,
1131,易,easy,easy,57,,,,
1132,賜,grant,grant,57,,,,
1133,尿,urine,urine,57,,,,
1134,尼,nun,nun,57,,,,
1135,尻,buttocks,buttocks,57,,,,
1136,泥,mud,mud,57,,,,
1137,塀,brick_wall,brick_wall,57,,,,
1138,履,footgear,footgear,57,,,,
1139,屋,roof,roof,57,,,,
1140,握,grip,grip,57,,,,
1141,屈,yield,yield,58,,,,
1142,掘,dig,dig,58,,,,
1143,堀,ditch,ditch,58,,,,
1144,居,reside,reside,58,,,,
1145,据,set,set,58,,,,
1146,裾,hem,hem,58,,,,
1147,層,stratum,stratum,58,,,,
1148,局,bureau,bureau,58,,,,
1149,遅,slow,slow,58,,,,
1150,漏,leak,leak,58,,,,
1151,刷,printing,printing,58,,,,
1152,尺,shaku,shaku,58,,,,
1153,尽,exhaust,exhaust,58,,,,
1154,沢,swamp,swamp,58,,,,
1155,訳,translate,translate,58,,,,
1156,択,choose,choose,58,,,,
1157,昼,daytime,daytime,58,,,,
1158,戸,door,door,58,,,,
1159,肩,shoulder,shoulder,58,,,,
1160,房,tassel,tassel,58,,,,
1161,扇,fan,fan,59,,,,
1162,炉,hearth,hearth,59,,,,
1163,戻,revert,revert,59,,,,
1164,涙,tears,tears,59,,,,
1165,雇,employ,employ,59,,,,
1166,顧,look_back,look_back,59,,,,
1167,啓,disclose,disclose,59,,,,
1168,示,indicate,indicate,59,,,,
1169,礼,thanks,thanks,59,,,,
1170,祥,auspicious,auspicious,59,,,,
1171,祝,celebrate,celebrate,59,,,,
1172,福,blessing,blessing,59,,,,
1173,祉,welfare,welfare,59,,,,
1174,社,company,company,59,,,,
1175,視,inspection,inspection,59,,,,
1176,奈,nara,nara,59,,,,
1177,尉,military_officer,military_officer,59,,,,
1178,慰,consolation,consolation,59,,,,
1179,款,goodwill,goodwill,59,,,,
1180,禁,prohibition,prohibition,59,,,,
1181,襟,collar,collar,60,,,,
1182,宗,religion,religion,60,,,,
1183,崇,adore,adore,60,,,,
1184,祭,festival,festival,60,,,,
1185,察,guess,guess,60,,,,
1186,擦,grate,grate,60,,,,
1187,由,wherefore,wherefore,60,,,,
1188,抽,pluck,pluck,60,,,,
1189,油,oil,oil,60,,,,
1190,袖,sleeve,sleeve,60,,,,
1191,宙,midair,midair,60,,,,
1192,届,deliver,deliver,60,,,,
1193,笛,flute,flute,60,,,,
1194,軸,axis,axis,60,,,,
1195,甲,armor,armor,60,,,,
1196,押,push,push,60,,,,
1197,岬,headland,headland,60,,,,
1198,挿,insert,insert,60,,,,
1199,申,declare,declare,60,,,,
1200,伸,expand,expand,60,,,,
1201,神,gods,gods,61,,,,
1202,捜,search,search,61,,,,
1203,果,fruit,fruit,61,,,,
1204,菓,confectionery,confectionery,61,,,,
1205,課,sub-division,sub-division,61,,,,
1206,裸,naked,naked,61,,,,
1207,斤,axe,axe,61,,,,
1208,析,chop,chop,61,,,,
1209,所,place,place,61,,,,
1210,祈,pray,pray,61,,,,
1211,近,near,near,61,,,,
1212,折,fold,fold,61,,,,
1213,哲,philosophy,philosophy,61,,,,
1214,逝,departed,departed,61,,,,
1215,誓,vow,vow,61,,,,
1216,斬,chop_off,chop_off,61,,,,
1217,暫,temporarily,temporarily,61,,,,
1218,漸,steadily,steadily,61,,,,
1219,断,cut_off,cut_off,61,,,,
1220,質,quality,quality,61,,,,
1221,斥,reject,reject,62,,,,
1222,訴,sue,sue,62,,,,
1223,昨,previous_day,previous_day,62,,,,
1224,詐,lie,lie,62,,,,
1225,作,make,make,62,,,,
1226,雪,snow,snow,62,,,,
1227,録,record,record,62,,,,
1228,剥,peel_off,peel_off,62,,,,
1229,尋,inquire,inquire,62,,,,
1230,急,hurry,hurry,62,,,,
1231,穏,calm,calm,62,,,,
1232,侵,encroach,encroach,62,,,,
1233,浸,immersed,immersed,62,,,,
1234,寝,lie_down,lie_down,62,,,,
1235,婦,lady,lady,62,,,,
1236,掃,sweep,sweep,62,,,,
1237,当,hit,hit,62,,,,
1238,彙,glossary,glossary,62,,,,
1239,争,conflict,conflict,62,,,,
1240,浄,clean,clean,62,,,,
1241,事,abstract_thing,abstract_thing,63,,,,
1242,唐,tang_dynasty,tang_dynasty,63,,,,
1243,糖,sugar,sugar,63,,,,
1244,康,health,health,63,,,,
1245,逮,apprehend,apprehend,63,,,,
1246,伊,italy,italy,63,,,,
1247,君,lord,lord,63,,,,
1248,群,flock,flock,63,,,,
1249,耐,endure,endure,63,,,,
1250,需,demand,demand,63,,,,
1251,儒,confucian,confucian,63,,,,
1252,端,edge,edge,63,,,,
1253,両,both,both,63,,,,
1254,満,full,full,63,,,,
1255,画,draw,draw,63,,,,
1256,歯,tooth,tooth,63,,,,
1257,曲,musical_composition,musical_composition,63,,,,
1258,曹,cadet,cadet,63,,,,
1259,遭,encounter,encounter,63,,,,
1260,漕,rowing,rowing,63,,,,
1261,槽,vat,vat,64,,,,
1262,斗,big_dipper,big_dipper,64,,,,
1263,料,fee,fee,64,,,,
1264,科,subject,subject,64,,,,
1265,図,map,map,64,,,,
1266,用,utilize,utilize,64,,,,
1267,庸,commonplace,commonplace,64,,,,
1268,備,equip,equip,64,,,,
1269,昔,long_ago,long_ago,64,,,,
1270,錯,confused,confused,64,,,,
1271,借,borrow,borrow,64,,,,
1272,惜,pity,pity,64,,,,
1273,措,set_aside,set_aside,64,,,,
1274,散,scatter,scatter,64,,,,
1275,廿,twenty,twenty,64,,,,
1276,庶,commoner,commoner,64,,,,
1277,遮,intercept,intercept,64,,,,
1278,席,seat,seat,64,,,,
1279,度,degrees,degrees,64,,,,
1280,渡,transit,transit,64,,,,
1281,奔,bustle,bustle,65,,,,
1282,噴,erupt,erupt,65,,,,
1283,墳,tomb,tomb,65,,,,
1284,憤,aroused,aroused,65,,,,
1285,焼,bake,bake,65,,,,
1286,暁,sunrise,sunrise,65,,,,
1287,半,half,half,65,,,,
1288,伴,consort,consort,65,,,,
1289,畔,paddy_ridge,paddy_ridge,65,,,,
1290,判,judgment,judgment,65,,,,
1291,拳,fist,fist,65,,,,
1292,券,ticket,ticket,65,,,,
1293,巻,scroll,scroll,65,,,,
1294,圏,sphere_of_influence,sphere_of_influence,65,,,,
1295,勝,victory,victory,65,,,,
1296,藤,wisteria,wisteria,65,,,,
1297,謄,mimeograph,mimeograph,65,,,,
1298,片,one_sided,one_sided,65,,,,
1299,版,printing_block,printing_block,65,,,,
1300,之,of,of,65,,,,
1301,乏,scarce,scarce,66,,,,
1302,芝,turf,turf,66,,,,
1303,不,not,not,66,,,,
1304,否,negate,negate,66,,,,
1305,杯,cupfuls,cupfuls,66,,,,
1306,矢,arrow,arrow,66,,,,
1307,矯,rectify,rectify,66,,,,
1308,族,tribe,tribe,66,,,,
1309,知,know,know,66,,,,
1310,智,wisdom,wisdom,66,,,,
1311,挨,push_open,push_open,66,,,,
1312,矛,halberd,halberd,66,,,,
1313,柔,tender,tender,66,,,,
1314,務,duty,duty,66,,,,
1315,霧,fog,fog,66,,,,
1316,班,squad,squad,66,,,,
1317,帰,homecoming,homecoming,66,,,,
1318,弓,archery_bow,archery_bow,66,,,,
1319,引,pull,pull,66,,,,
1320,弔,condolences,condolences,66,,,,
1321,弘,vast,vast,67,,,,
1322,強,strong,strong,67,,,,
1323,弥,increasingly,increasingly,67,,,,
1324,弱,weak,weak,67,,,,
1325,溺,drowning,drowning,67,,,,
1326,沸,seethe,seethe,67,,,,
1327,費,expense,expense,67,,,,
1328,第,ordinal_number,ordinal_number,67,,,,
1329,弟,younger_brother,younger_brother,67,,,,
1330,巧,adroit,adroit,67,,,,
1331,号,designation,designation,67,,,,
1332,朽,decay,decay,67,,,,
1333,誇,boast,boast,67,,,,
1334,顎,chin,chin,67,,,,
1335,汚,dirty,dirty,67,,,,
1336,与,bestow,bestow,67,,,,
1337,写,copy,copy,67,,,,
1338,身,somebody,somebody,67,,,,
1339,射,shoot,shoot,67,,,,
1340,謝,thank,thank,67,,,,
1341,老,old_man,old_man,68,,,,
1342,考,consider,consider,68,,,,
1343,孝,filial_piety,filial_piety,68,,,,
1344,教,teach,teach,68,,,,
1345,拷,torture,torture,68,,,,
1346,者,someone,someone,68,,,,
1347,煮,boil,boil,68,,,,
1348,著,renowned,renowned,68,,,,
1349,箸,chopsticks,chopsticks,68,,,,
1350,署,government_bureau,government_bureau,68,,,,
1351,暑,sultry,sultry,68,,,,
1352,諸,various,various,68,,,,
1353,猪,pack_of_dogs,pack_of_dogs,68,,,,
1354,渚,shore,shore,68,,,,
1355,賭,gamble,gamble,68,,,,
1356,峡,gorge,gorge,68,,,,
1357,狭,cramped,cramped,68,,,,
1358,挟,sandwiched,sandwiched,68,,,,
1359,頬,cheek,cheek,68,,,,
1360,追,chase,chase,68,,,,
1361,阜,mound,mound,69,,,,
1362,師,expert,expert,69,,,,
1363,帥,commander,commander,69,,,,
1364,官,bureaucrat,bureaucrat,69,,,,
1365,棺,coffin,coffin,69,,,,
1366,管,pipe,pipe,69,,,,
1367,父,father,father,69,,,,
1368,釜,cauldron,cauldron,69,,,,
1369,交,mingle,mingle,69,,,,
1370,効,effect,effect,69,,,,
1371,較,contrast,contrast,69,,,,
1372,校,exam,exam,69,,,,
1373,足,leg,leg,69,,,,
1374,促,stimulate,stimulate,69,,,,
1375,捉,nab,nab,69,,,,
1376,距,long_distance,long_distance,69,,,,
1377,路,path,path,69,,,,
1378,露,dew,dew,69,,,,
1379,跳,hop,hop,69,,,,
1380,躍,leap,leap,69,,,,
1381,践,tread,tread,70,,,,
1382,踏,step,step,70,,,,
1383,踪,footprints,footprints,70,,,,
1384,骨,bone,bone,70,,,,
1385,滑,slippery,slippery,70,,,,
1386,髄,marrow,marrow,70,,,,
1387,禍,calamity,calamity,70,,,,
1388,渦,whirlpool,whirlpool,70,,,,
1389,鍋,pot,pot,70,,,,
1390,過,overdo,overdo,70,,,,
1391,阪,heights,heights,70,,,,
1392,阿,africa,africa,70,,,,
1393,際,occasion,occasion,70,,,,
1394,障,hinder,hinder,70,,,,
1395,隙,fissure,fissure,70,,,,
1396,随,accompany,accompany,70,,,,
1397,陪,jury,jury,70,,,,
1398,陽,sunshine,sunshine,70,,,,
1399,陳,set_forth,set_forth,70,,,,
1400,防,ward_off,ward_off,70,,,,
1401,附,affixed,affixed,71,,,,
1402,院,institution,institution,71,,,,
1403,陣,camp,camp,71,,,,
1404,隊,regiment,regiment,71,,,,
1405,墜,crash,crash,71,,,,
1406,降,descend,descend,71,,,,
1407,階,floor,floor,71,,,,
1408,陛,highness,highness,71,,,,
1409,隣,neighboring,neighboring,71,,,,
1410,隔,isolate,isolate,71,,,,
1411,隠,conceal,conceal,71,,,,
1412,堕,degenerate,degenerate,71,,,,
1413,陥,collapse,collapse,71,,,,
1414,穴,hole,hole,71,,,,
1415,空,sky,sky,71,,,,
1416,控,withdraw,withdraw,71,,,,
1417,突,stab,stab,71,,,,
1418,究,research,research,71,,,,
1419,窒,plug_up,plug_up,71,,,,
1420,窃,stealth,stealth,71,,,,
1421,窟,cavern,cavern,72,,,,
1422,窪,hollow,hollow,72,,,,
1423,搾,squeeze,squeeze,72,,,,
1424,窯,kiln,kiln,72,,,,
1425,窮,hard_up,hard_up,72,,,,
1426,探,grope,grope,72,,,,
1427,深,deep,deep,72,,,,
1428,丘,hill,hill,72,,,,
1429,岳,mountain_peak,mountain_peak,72,,,,
1430,兵,soldier,soldier,72,,,,
1431,浜,seacoast,seacoast,72,,,,
1432,糸,thread,thread,72,,,,
1433,織,weave,weave,72,,,,
1434,繕,darning,darning,72,,,,
1435,縮,shrink,shrink,72,,,,
1436,繁,luxuriant,luxuriant,72,,,,
1437,縦,vertical,vertical,72,,,,
1438,緻,intricate,intricate,72,,,,
1439,線,line,line,72,,,,
1440,綻,unravel,unravel,72,,,,
1441,締,tighten,tighten,73,,,,
1442,維,fiber,fiber,73,,,,
1443,羅,gauze,gauze,73,,,,
1444,練,practice,practice,73,,,,
1445,緒,thong,thong,73,,,,
1446,続,continue,continue,73,,,,
1447,絵,picture,picture,73,,,,
1448,統,unite,unite,73,,,,
1449,絞,strangle,strangle,73,,,,
1450,給,salary,salary,73,,,,
1451,絡,entwine,entwine,73,,,,
1452,結,tie,tie,73,,,,
1453,終,end,end,73,,,,
1454,級,class,class,73,,,,
1455,紀,chronicle,chronicle,73,,,,
1456,紅,crimson,crimson,73,,,,
1457,納,settlement,settlement,73,,,,
1458,紡,spinning,spinning,73,,,,
1459,紛,distract,distract,73,,,,
1460,紹,introduce,introduce,73,,,,
1461,経,manage,manage,74,,,,
1462,紳,sire,sire,74,,,,
1463,約,promise,promise,74,,,,
1464,細,thin,thin,74,,,,
1465,累,pile_up,pile_up,74,,,,
1466,索,cord,cord,74,,,,
1467,総,total,total,74,,,,
1468,綿,cotton,cotton,74,,,,
1469,絹,silk,silk,74,,,,
1470,繰,winding,winding,74,,,,
1471,継,inherit,inherit,74,,,,
1472,緑,green,green,74,,,,
1473,縁,affinity,affinity,74,,,,
1474,網,netting,netting,74,,,,
1475,緊,tense,tense,74,,,,
1476,紫,purple,purple,74,,,,
1477,縛,truss,truss,74,,,,
1478,縄,straw_rope,straw_rope,74,,,,
1479,幼,infancy,infancy,74,,,,
1480,後,behind,behind,74,,,,
1481,幽,dim,dim,75,,,,
1482,幾,how_many,how_many,75,,,,
1483,機,machine,machine,75,,,,
1484,畿,capital_area,capital_area,75,,,,
1485,玄,mysterious,mysterious,75,,,,
1486,畜,livestock,livestock,75,,,,
1487,蓄,amass,amass,75,,,,
1488,弦,bowstring,bowstring,75,,,,
1489,擁,hug,hug,75,,,,
1490,滋,nourishing,nourishing,75,,,,
1491,慈,mercy,mercy,75,,,,
1492,磁,magnet,magnet,75,,,,
1493,系,lineage,lineage,75,,,,
1494,係,person_in_charge,person_in_charge,75,,,,
1495,孫,grandchild,grandchild,75,,,,
1496,懸,suspend,suspend,75,,,,
1497,遜,modest,modest,75,,,,
1498,却,instead,instead,75,,,,
1499,脚,shins,shins,75,,,,
1500,卸,wholesale,wholesale,75,,,,
1501,御,honorable,honorable,76,,,,
1502,服,clothing,clothing,76,,,,
1503,命,fate,fate,76,,,,
1504,令,orders,orders,76,,,,
1505,零,zero,zero,76,,,,
1506,齢,age,age,76,,,,
1507,冷,cool,cool,76,,,,
1508,領,territory,territory,76,,,,
1509,鈴,small_bell,small_bell,76,,,,
1510,勇,courage,courage,76,,,,
1511,湧,gush,gush,76,,,,
1512,通,pass_through,pass_through,76,,,,
1513,踊,jump,jump,76,,,,
1514,疑,doubt,doubt,76,,,,
1515,擬,mimic,mimic,76,,,,
1516,凝,congeal,congeal,76,,,,
1517,範,pattern,pattern,76,,,,
1518,犯,crime,crime,76,,,,
1519,氾,to_overflow,to_overflow,76,,,,
1520,厄,unlucky,unlucky,76,,,,
1521,危,dangerous,dangerous,77,,,,
1522,宛,addressed_to,addressed_to,77,,,,
1523,腕,arm,arm,77,,,,
1524,苑,park,park,77,,,,
1525,怨,grudge,grudge,77,,,,
1526,柳,willow,willow,77,,,,
1527,卵,egg,egg,77,,,,
1528,留,detain,detain,77,,,,
1529,瑠,marine_blue,marine_blue,77,,,,
1530,貿,trade,trade,77,,,,
1531,印,stamp,stamp,77,,,,
1532,臼,mortar,mortar,77,,,,
1533,毀,break,break,77,,,,
1534,興,entertain,entertain,77,,,,
1535,酉,sake_flask,sake_flask,77,,,,
1536,酒,sake,sake,77,,,,
1537,酌,bartending,bartending,77,,,,
1538,酎,alcohol,alcohol,77,,,,
1539,酵,fermentation,fermentation,77,,,,
1540,酷,cruel,cruel,77,,,,
1541,酬,repay,repay,78,,,,
1542,酪,dairy,dairy,78,,,,
1543,酢,vinegar,vinegar,78,,,,
1544,酔,drunk,drunk,78,,,,
1545,配,distribute,distribute,78,,,,
1546,酸,acid,acid,78,,,,
1547,猶,still,still,78,,,,
1548,尊,revered,revered,78,,,,
1549,豆,beans,beans,78,,,,
1550,頭,head,head,78,,,,
1551,短,short,short,78,,,,
1552,豊,bountiful,bountiful,78,,,,
1553,鼓,drum,drum,78,,,,
1554,喜,rejoice,rejoice,78,,,,
1555,樹,timber,timber,78,,,,
1556,皿,dish,dish,78,,,,
1557,血,blood,blood,78,,,,
1558,盆,basin,basin,78,,,,
1559,盟,alliance,alliance,78,,,,
1560,盗,steal,steal,78,,,,
1561,温,warm,warm,79,,,,
1562,蓋,lid,lid,79,,,,
1563,監,oversee,oversee,79,,,,
1564,濫,excessive,excessive,79,,,,
1565,鑑,specimen,specimen,79,,,,
1566,藍,indigo,indigo,79,,,,
1567,猛,fierce,fierce,79,,,,
1568,盛,boom,boom,79,,,,
1569,塩,salt,salt,79,,,,
1570,銀,silver,silver,79,,,,
1571,恨,resentment,resentment,79,,,,
1572,根,root,root,79,,,,
1573,即,instant,instant,79,,,,
1574,爵,baron,baron,79,,,,
1575,節,node,node,79,,,,
1576,退,retreat,retreat,79,,,,
1577,限,limit,limit,79,,,,
1578,眼,eyeball,eyeball,79,,,,
1579,良,good,good,79,,,,
1580,朗,melodious,melodious,79,,,,
1581,浪,wandering,wandering,80,,,,
1582,娘,daughter,daughter,80,,,,
1583,食,eat,eat,80,,,,
1584,飯,meal,meal,80,,,,
1585,飲,drink,drink,80,,,,
1586,飢,hungry,hungry,80,,,,
1587,餓,starve,starve,80,,,,
1588,飾,decorate,decorate,80,,,,
1589,餌,feed,feed,80,,,,
1590,館,public_building,public_building,80,,,,
1591,餅,mochi,mochi,80,,,,
1592,養,foster,foster,80,,,,
1593,飽,sated,sated,80,,,,
1594,既,previously,previously,80,,,,
1595,概,outline,outline,80,,,,
1596,慨,rue,rue,80,,,,
1597,平,flat,flat,80,,,,
1598,呼,call,call,80,,,,
1599,坪,two_mats,two_mats,80,,,,
1600,評,evaluate,evaluate,80,,,,
1601,刈,reap,reap,81,,,,
1602,刹,buddhist_temple,buddhist_temple,81,,,,
1603,希,hope,hope,81,,,,
1604,凶,villain,villain,81,,,,
1605,胸,bosom,bosom,81,,,,
1606,離,detach,detach,81,,,,
1607,璃,glassy,glassy,81,,,,
1608,殺,kill,kill,81,,,,
1609,爽,bracing,bracing,81,,,,
1610,純,genuine,genuine,81,,,,
1611,頓,immediate,immediate,81,,,,
1612,鈍,dull,dull,81,,,,
1613,辛,spicy,spicy,81,,,,
1614,辞,resign,resign,81,,,,
1615,梓,catalpa_tree,catalpa_tree,81,,,,
1616,宰,superintend,superintend,81,,,,
1617,壁,wall,wall,81,,,,
1618,璧,gem,gem,81,,,,
1619,避,evade,evade,81,,,,
1620,新,new,new,81,,,,
1621,薪,firewood,firewood,82,,,,
1622,親,parent,parent,82,,,,
1623,幸,happiness,happiness,82,,,,
1624,執,tenacious,tenacious,82,,,,
1625,摯,clasp,clasp,82,,,,
1626,報,report,report,82,,,,
1627,叫,shout,shout,82,,,,
1628,糾,twist,twist,82,,,,
1629,収,income,income,82,,,,
1630,卑,lowly,lowly,82,,,,
1631,碑,tombstone,tombstone,82,,,,
1632,陸,land,land,82,,,,
1633,睦,intimate,intimate,82,,,,
1634,勢,forces,forces,82,,,,
1635,熱,heat,heat,82,,,,
1636,菱,diamond,diamond,82,,,,
1637,陵,mausoleum,mausoleum,82,,,,
1638,亥,boar,boar,82,,,,
1639,核,nucleus,nucleus,82,,,,
1640,刻,engrave,engrave,82,,,,
1641,該,above_stated,above_stated,83,,,,
1642,骸,remains,remains,83,,,,
1643,劾,censure,censure,83,,,,
1644,述,mention,mention,83,,,,
1645,術,technique,technique,83,,,,
1646,寒,cold,cold,83,,,,
1647,塞,obstruct,obstruct,83,,,,
1648,醸,brew,brew,83,,,,
1649,譲,defer,defer,83,,,,
1650,壌,lot,lot,83,,,,
1651,嬢,lass,lass,83,,,,
1652,毒,poison,poison,83,,,,
1653,素,elementary,elementary,83,,,,
1654,麦,wheat,wheat,83,,,,
1655,青,blue,blue,83,,,,
1656,精,refined,refined,83,,,,
1657,請,solicit,solicit,83,,,,
1658,情,feelings,feelings,83,,,,
1659,晴,clear_up,clear_up,83,,,,
1660,清,pure,pure,83,,,,
1661,静,quiet,quiet,84,,,,
1662,責,blame,blame,84,,,,
1663,績,exploits,exploits,84,,,,
1664,積,accumulate,accumulate,84,,,,
1665,債,bond,bond,84,,,,
1666,漬,pickling,pickling,84,,,,
1667,表,surface,surface,84,,,,
1668,俵,bag,bag,84,,,,
1669,潔,undefiled,undefiled,84,,,,
1670,契,pledge,pledge,84,,,,
1671,喫,consume,consume,84,,,,
1672,害,harm,harm,84,,,,
1673,轄,jurisdiction,jurisdiction,84,,,,
1674,割,proportion,proportion,84,,,,
1675,憲,constitution,constitution,84,,,,
1676,生,life,life,84,,,,
1677,星,star,star,84,,,,
1678,醒,awakening,awakening,84,,,,
1679,姓,surname,surname,84,,,,
1680,性,gender,gender,84,,,,
1681,牲,animal_sacrifice,animal_sacrifice,85,,,,
1682,産,produce,produce,85,,,,
1683,隆,hump,hump,85,,,,
1684,峰,summit,summit,85,,,,
1685,蜂,bee,bee,85,,,,
1686,縫,sew,sew,85,,,,
1687,拝,worship,worship,85,,,,
1688,寿,longevity,longevity,85,,,,
1689,鋳,casting,casting,85,,,,
1690,籍,enroll,enroll,85,,,,
1691,春,springtime,springtime,85,,,,
1692,椿,camellia_tree,camellia_tree,85,,,,
1693,泰,peaceful,peaceful,85,,,,
1694,奏,play_music,play_music,85,,,,
1695,実,reality,reality,85,,,,
1696,奉,dedicate,dedicate,85,,,,
1697,俸,stipend,stipend,85,,,,
1698,棒,rod,rod,85,,,,
1699,謹,discreet,discreet,85,,,,
1700,僅,trifle,trifle,85,,,,
1701,勤,diligence,diligence,86,,,,
1702,漢,china,china,86,,,,
1703,嘆,sigh,sigh,86,,,,
1704,難,difficult,difficult,86,,,,
1705,華,splendor,splendor,86,,,,
1706,垂,droop,droop,86,,,,
1707,唾,saliva,saliva,86,,,,
1708,睡,drowsy,drowsy,86,,,,
1709,錘,spindle,spindle,86,,,,
1710,乗,ride,ride,86,,,,
1711,剰,surplus,surplus,86,,,,
1712,今,now,now,86,,,,
1713,含,include,include,86,,,,
1714,貪,covet,covet,86,,,,
1715,吟,versify,versify,86,,,,
1716,念,wish,wish,86,,,,
1717,捻,wrench,wrench,86,,,,
1718,琴,harp,harp,86,,,,
1719,陰,shade,shade,86,,,,
1720,予,in_advance,in_advance,86,,,,
1721,序,preface,preface,87,,,,
1722,預,deposit,deposit,87,,,,
1723,野,plains,plains,87,,,,
1724,兼,concurrently,concurrently,87,,,,
1725,嫌,dislike,dislike,87,,,,
1726,鎌,sickle,sickle,87,,,,
1727,謙,self_effacing,self_effacing,87,,,,
1728,廉,bargain,bargain,87,,,,
1729,西,west,west,87,,,,
1730,価,cost,cost,87,,,,
1731,要,need,need,87,,,,
1732,腰,loins,loins,87,,,,
1733,票,ballot,ballot,87,,,,
1734,漂,drift,drift,87,,,,
1735,標,signpost,signpost,87,,,,
1736,栗,chestnut,chestnut,87,,,,
1737,慄,shudder,shudder,87,,,,
1738,遷,transition,transition,87,,,,
1739,覆,capsize,capsize,87,,,,
1740,煙,smoke,smoke,87,,,,
1741,南,south,south,88,,,,
1742,楠,camphor_tree,camphor_tree,88,,,,
1743,献,offering,offering,88,,,,
1744,門,gates,gates,88,,,,
1745,問,question,question,88,,,,
1746,閲,review,review,88,,,,
1747,閥,clique,clique,88,,,,
1748,間,interval,interval,88,,,,
1749,闇,pitch_dark,pitch_dark,88,,,,
1750,簡,simplicity,simplicity,88,,,,
1751,開,open,open,88,,,,
1752,閉,closed,closed,88,,,,
1753,閣,tower,tower,88,,,,
1754,閑,leisure,leisure,88,,,,
1755,聞,hear,hear,88,,,,
1756,潤,wet,wet,88,,,,
1757,欄,column,column,88,,,,
1758,闘,fight,fight,88,,,,
1759,倉,warehouse,warehouse,88,,,,
1760,創,genesis,genesis,88,,,,
1761,非,non,non,89,,,,
1762,俳,haiku,haiku,89,,,,
1763,排,repudiate,repudiate,89,,,,
1764,悲,sad,sad,89,,,,
1765,罪,guilt,guilt,89,,,,
1766,輩,comrade,comrade,89,,,,
1767,扉,front_door,front_door,89,,,,
1768,侯,marquis,marquis,89,,,,
1769,喉,throat,throat,89,,,,
1770,候,climate,climate,89,,,,
1771,決,decide,decide,89,,,,
1772,快,cheerful,cheerful,89,,,,
1773,偉,admirable,admirable,89,,,,
1774,違,differ,differ,89,,,,
1775,緯,horizontal,horizontal,89,,,,
1776,衛,defense,defense,89,,,,
1777,韓,korea,korea,89,,,,
1778,干,dry,dry,89,,,,
1779,肝,liver,liver,89,,,,
1780,刊,publish,publish,89,,,,
1781,汗,sweat,sweat,90,,,,
1782,軒,flats,flats,90,,,,
1783,岸,beach,beach,90,,,,
1784,幹,tree_trunk,tree_trunk,90,,,,
1785,芋,potato,potato,90,,,,
1786,宇,eaves,eaves,90,,,,
1787,余,too_much,too_much,90,,,,
1788,除,exclude,exclude,90,,,,
1789,徐,gradually,gradually,90,,,,
1790,叙,confer,confer,90,,,,
1791,途,route,route,90,,,,
1792,斜,diagonal,diagonal,90,,,,
1793,塗,paint,paint,90,,,,
1794,束,bundle,bundle,90,,,,
1795,頼,trust,trust,90,,,,
1796,瀬,rapids,rapids,90,,,,
1797,勅,imperial_order,imperial_order,90,,,,
1798,疎,alienate,alienate,90,,,,
1799,辣,bitter,bitter,90,,,,
1800,速,quick,quick,90,,,,
1801,整,organize,organize,91,,,,
1802,剣,sabre,sabre,91,,,,
1803,険,precipitous,precipitous,91,,,,
1804,検,examination,examination,91,,,,
1805,倹,frugal,frugal,91,,,,
1806,重,heavy,heavy,91,,,,
1807,動,move,move,91,,,,
1808,腫,tumor,tumor,91,,,,
1809,勲,meritorious_deed,meritorious_deed,91,,,,
1810,働,work,work,91,,,,
1811,種,species,species,91,,,,
1812,衝,collide,collide,91,,,,
1813,薫,fragrant,fragrant,91,,,,
1814,病,ill,ill,91,,,,
1815,痴,stupid,stupid,91,,,,
1816,痘,pox,pox,91,,,,
1817,症,symptoms,symptoms,91,,,,
1818,瘍,carbuncle,carbuncle,91,,,,
1819,痩,lose_weight,lose_weight,91,,,,
1820,疾,rapidly,rapidly,91,,,,
1821,嫉,envy,envy,92,,,,
1822,痢,diarrhea,diarrhea,92,,,,
1823,痕,scar,scar,92,,,,
1824,疲,exhausted,exhausted,92,,,,
1825,疫,epidemic,epidemic,92,,,,
1826,痛,pain,pain,92,,,,
1827,癖,mannerism,mannerism,92,,,,
1828,匿,hide,hide,92,,,,
1829,匠,artisan,artisan,92,,,,
1830,医,doctor,doctor,92,,,,
1831,匹,equal,equal,92,,,,
1832,区,ward,ward,92,,,,
1833,枢,hinge,hinge,92,,,,
1834,殴,assault,assault,92,,,,
1835,欧,europe,europe,92,,,,
1836,抑,repress,repress,92,,,,
1837,仰,look_up,look_up,92,,,,
1838,迎,welcome,welcome,92,,,,
1839,登,ascend,ascend,92,,,,
1840,澄,lucidity,lucidity,92,,,,
1841,発,departure,departure,93,,,,
1842,廃,abolish,abolish,93,,,,
1843,僚,colleague,colleague,93,,,,
1844,瞭,obvious,obvious,93,,,,
1845,寮,dormitory,dormitory,93,,,,
1846,療,heal,heal,93,,,,
1847,彫,carve,carve,93,,,,
1848,形,shape,shape,93,,,,
1849,影,shadow,shadow,93,,,,
1850,杉,sugi,sugi,93,,,,
1851,彩,coloring,coloring,93,,,,
1852,彰,patent,patent,93,,,,
1853,彦,handsome_man,handsome_man,93,,,,
1854,顔,face,face,93,,,,
1855,須,must,must,93,,,,
1856,膨,swell,swell,93,,,,
1857,参,participate,participate,93,,,,
1858,惨,wretched,wretched,93,,,,
1859,修,discipline,discipline,93,,,,
1860,珍,rare,rare,93,,,,
1861,診,checkup,checkup,94,,,,
1862,文,sentence,sentence,94,,,,
1863,対,opposite,opposite,94,,,,
1864,紋,family_crest,family_crest,94,,,,
1865,蚊,mosquito,mosquito,94,,,,
1866,斑,blemish,blemish,94,,,,
1867,斉,adjusted,adjusted,94,,,,
1868,剤,dose,dose,94,,,,
1869,済,settle,settle,94,,,,
1870,斎,purification,purification,94,,,,
1871,粛,solemn,solemn,94,,,,
1872,塁,bases,bases,94,,,,
1873,楽,music,music,94,,,,
1874,薬,medicine,medicine,94,,,,
1875,率,rate,rate,94,,,,
1876,渋,astringent,astringent,94,,,,
1877,摂,vicarious,vicarious,94,,,,
1878,央,center,center,94,,,,
1879,英,england,england,94,,,,
1880,映,reflect,reflect,94,,,,
1881,赤,red,red,95,,,,
1882,赦,pardon,pardon,95,,,,
1883,変,unusual,unusual,95,,,,
1884,跡,tracks,tracks,95,,,,
1885,蛮,barbarian,barbarian,95,,,,
1886,恋,romance,romance,95,,,,
1887,湾,gulf,gulf,95,,,,
1888,黄,yellow,yellow,95,,,,
1889,横,sideways,sideways,95,,,,
1890,把,grasp,grasp,95,,,,
1891,色,color,color,95,,,,
1892,絶,discontinue,discontinue,95,,,,
1893,艶,glossy,glossy,95,,,,
1894,肥,fertilizer,fertilizer,95,,,,
1895,甘,sweet,sweet,95,,,,
1896,紺,navy_blue,navy_blue,95,,,,
1897,某,so_and_so,so_and_so,95,,,,
1898,謀,conspire,conspire,95,,,,
1899,媒,mediator,mediator,95,,,,
1900,欺,deceit,deceit,95,,,,
1901,棋,chess_piece,chess_piece,96,,,,
1902,旗,national_flag,national_flag,96,,,,
1903,期,period_of_time,period_of_time,96,,,,
1904,碁,go_game,go_game,96,,,,
1905,基,foundation,foundation,96,,,,
1906,甚,tremendously,tremendously,96,,,,
1907,勘,intuition,intuition,96,,,,
1908,堪,withstand,withstand,96,,,,
1909,貴,precious,precious,96,,,,
1910,遺,bequeath,bequeath,96,,,,
1911,遣,dispatch,dispatch,96,,,,
1912,潰,defile,defile,96,,,,
1913,舞,dance,dance,96,,,,
1914,無,nothingness,nothingness,96,,,,
1915,組,association,association,96,,,,
1916,粗,coarse,coarse,96,,,,
1917,租,tariff,tariff,96,,,,
1918,狙,aim_at,aim_at,96,,,,
1919,祖,ancestor,ancestor,96,,,,
1920,阻,thwart,thwart,96,,,,
1921,査,investigate,investigate,97,,,,
1922,助,help,help,97,,,,
1923,宜,best_regards,best_regards,97,,,,
1924,畳,tatami_mat,tatami_mat,97,,,,
1925,並,row,row,97,,,,
1926,普,universal,universal,97,,,,
1927,譜,musical_score,musical_score,97,,,,
1928,湿,damp,damp,97,,,,
1929,顕,appear,appear,97,,,,
1930,繊,slender,slender,97,,,,
1931,霊,spirits,spirits,97,,,,
1932,業,business,business,97,,,,
1933,撲,slap,slap,97,,,,
1934,僕,me_male,me_male,97,,,,
1935,共,together,together,97,,,,
1936,供,offer,offer,97,,,,
1937,異,uncommon,uncommon,97,,,,
1938,翼,wing,wing,97,,,,
1939,戴,accept_humbly,accept_humbly,97,,,,
1940,洪,flood,flood,97,,,,
1941,港,harbor,harbor,98,,,,
1942,暴,outburst,outburst,98,,,,
1943,爆,explode,explode,98,,,,
1944,恭,respect,respect,98,,,,
1945,選,elect,elect,98,,,,
1946,殿,mister,mister,98,,,,
1947,井,well,well,98,,,,
1948,丼,donburi,donburi,98,,,,
1949,囲,surround,surround,98,,,,
1950,耕,till,till,98,,,,
1951,亜,asia,asia,98,,,,
1952,悪,bad,bad,98,,,,
1953,円,circle,circle,98,,,,
1954,角,angle,angle,98,,,,
1955,触,contact,contact,98,,,,
1956,解,solution,solution,98,,,,
1957,再,again,again,98,,,,
1958,講,lecture,lecture,98,,,,
1959,購,subscription,subscription,98,,,,
1960,構,construct,construct,98,,,,
1961,溝,gutter,gutter,99,,,,
1962,論,argument,argument,99,,,,
1963,倫,ethics,ethics,99,,,,
1964,輪,wheel,wheel,99,,,,
1965,偏,partial,partial,99,,,,
1966,遍,everywhere,everywhere,99,,,,
1967,編,compilation,compilation,99,,,,
1968,冊,volume,volume,99,,,,
1969,柵,fence,fence,99,,,,
1970,典,ceremony,ceremony,99,,,,
1971,氏,family_name,family_name,99,,,,
1972,紙,paper,paper,99,,,,
1973,婚,marriage,marriage,99,,,,
1974,低,lower,lower,99,,,,
1975,抵,resist,resist,99,,,,
1976,底,bottom,bottom,99,,,,
1977,民,people,people,99,,,,
1978,眠,sleep,sleep,99,,,,
1979,捕,catch,catch,99,,,,
1980,哺,suckle,suckle,99,,,,
1981,浦,bay,bay,100,,,,
1982,蒲,cattail,cattail,100,,,,
1983,舗,shop,shop,100,,,,
1984,補,supplement,supplement,100,,,,
1985,邸,residence,residence,100,,,,
1986,郭,enclosure,enclosure,100,,,,
1987,郡,county,county,100,,,,
1988,郊,outskirts,outskirts,100,,,,
1989,部,department,department,100,,,,
1990,都,metropolis,metropolis,100,,,,
1991,郵,mail,mail,100,,,,
1992,邦,home_country,home_country,100,,,,
1993,那,that,that,100,,,,
1994,郷,hometown,hometown,100,,,,
1995,響,echo,echo,100,,,,
1996,郎,son,son,100,,,,
1997,廊,corridor,corridor,100,,,,
1998,盾,shield,shield,100,,,,
1999,循,sequential,sequential,100,,,,
2000,派,faction,faction,100,,,,
2001,脈,vein,vein,101,,,,
2002,衆,masses,masses,101,,,,
2003,逓,relay,relay,101,,,,
2004,段,grade,grade,101,,,,
2005,鍛,forge,forge,101,,,,
2006,后,empress,empress,101,,,,
2007,幻,phantasm,phantasm,101,,,,
2008,司,director,director,101,,,,
2009,伺,pay_respects,pay_respects,101,,,,
2010,詞,parts_of_speech,parts_of_speech,101,,,,
2011,飼,domesticate,domesticate,101,,,,
2012,嗣,heir,heir,101,,,,
2013,舟,boat,boat,101,,,,
2014,舶,liner,liner,101,,,,
2015,航,navigate,navigate,101,,,,
2016,舷,gunwale,gunwale,101,,,,
2017,般,carrier,carrier,101,,,,
2018,盤,tray,tray,101,,,,
2019,搬,conveyor,conveyor,101,,,,
2020,船,ship,ship,101,,,,
2021,艦,warship,warship,102,,,,
2022,艇,rowboat,rowboat,102,,,,
2023,瓜,melon,melon,102,,,,
2024,弧,arc,arc,102,,,,
2025,孤,orphan,orphan,102,,,,
2026,繭,cocoon,cocoon,102,,,,
2027,益,benefit,benefit,102,,,,
2028,暇,spare_time,spare_time,102,,,,
2029,敷,spread,spread,102,,,,
2030,来,come,come,102,,,,
2031,気,spirit,spirit,102,,,,
2032,汽,vapor,vapor,102,,,,
2033,飛,fly,fly,102,,,,
2034,沈,sink,sink,102,,,,
2035,枕,pillow,pillow,102,,,,
2036,妻,wife,wife,102,,,,
2037,凄,nifty,nifty,102,,,,
2038,衰,decline,decline,102,,,,
2039,衷,inmost,inmost,102,,,,
2040,面,mask,mask,102,,,,
2041,麺,noodles,noodles,103,,,,
2042,革,leather,leather,103,,,,
2043,靴,shoes,shoes,103,,,,
2044,覇,hegemony,hegemony,103,,,,
2045,声,voice,voice,103,,,,
2046,眉,eyebrow,eyebrow,103,,,,
2047,呉,give,give,103,,,,
2048,娯,recreation,recreation,103,,,,
2049,誤,mistake,mistake,103,,,,
2050,蒸,steam,steam,103,,,,
2051,承,acquiesce,acquiesce,103,,,,
2052,函,bin,bin,103,,,,
2053,極,poles,poles,103,,,,
2054,牙,tusk,tusk,103,,,,
2055,芽,bud,bud,103,,,,
2056,邪,wicked,wicked,103,,,,
2057,雅,gracious,gracious,103,,,,
2058,釈,interpretation,interpretation,103,,,,
2059,番,ones_turn,ones_turn,103,,,,
2060,審,hearing,hearing,103,,,,
2061,翻,flip,flip,104,,,,
2062,藩,clan,clan,104,,,,
2063,毛,fur,fur,104,,,,
2064,耗,decrease,decrease,104,,,,
2065,尾,tail,tail,104,,,,
2066,宅,home,home,104,,,,
2067,託,consign,consign,104,,,,
2068,為,do,do,104,,,,
2069,偽,falsehood,falsehood,104,,,,
2070,畏,apprehensive,apprehensive,104,,,,
2071,長,long,long,104,,,,
2072,張,lengthen,lengthen,104,,,,
2073,帳,notebook,notebook,104,,,,
2074,脹,dilate,dilate,104,,,,
2075,髪,hair,hair,104,,,,
2076,展,unfold,unfold,104,,,,
2077,喪,miss,miss,104,,,,
2078,巣,nest,nest,104,,,,
2079,単,simple,simple,104,,,,
2080,戦,war,war,104,,,,
2081,禅,zen,zen,105,,,,
2082,弾,bullet,bullet,105,,,,
2083,桜,cherry_blossom,cherry_blossom,105,,,,
2084,獣,animal,animal,105,,,,
2085,脳,brain,brain,105,,,,
2086,悩,trouble,trouble,105,,,,
2087,厳,stern,stern,105,,,,
2088,鎖,chain,chain,105,,,,
2089,挙,raise,raise,105,,,,
2090,誉,reputation,reputation,105,,,,
2091,猟,game_hunting,game_hunting,105,,,,
2092,鳥,bird,bird,105,,,,
2093,鳴,chirp,chirp,105,,,,
2094,鶴,crane,crane,105,,,,
2095,烏,crow,crow,105,,,,
2096,蔦,vine,vine,105,,,,
2097,鳩,pigeon,pigeon,105,,,,
2098,鶏,chicken,chicken,105,,,,
2099,島,island,island,105,,,,
2100,暖,warmth,warmth,105,,,,
2101,媛,maiden,maiden,106,,,,
2102,援,abet,abet,106,,,,
2103,緩,slacken,slacken,106,,,,
2104,属,belong,belong,106,,,,
2105,嘱,entrust,entrust,106,,,,
2106,偶,accidentally,accidentally,106,,,,
2107,遇,interview,interview,106,,,,
2108,愚,foolish,foolish,106,,,,
2109,隅,corner,corner,106,,,,
2110,逆,inverted,inverted,106,,,,
2111,塑,model,model,106,,,,
2112,遡,go_upstream,go_upstream,106,,,,
2113,岡,hills,hills,106,,,,
2114,鋼,steel,steel,106,,,,
2115,綱,hawser,hawser,106,,,,
2116,剛,sturdy,sturdy,106,,,,
2117,缶,tin_can,tin_can,106,,,,
2118,陶,pottery,pottery,106,,,,
2119,揺,swing,swing,106,,,,
2120,謡,noh_chanting,noh_chanting,106,,,,
2121,鬱,depression,depression,107,,,,
2122,就,concerning,concerning,107,,,,
2123,蹴,kick,kick,107,,,,
2124,懇,sociable,sociable,107,,,,
2125,墾,groundbreaking,groundbreaking,107,,,,
2126,貌,countenance,countenance,107,,,,
2127,免,excuse,excuse,107,,,,
2128,逸,elude,elude,107,,,,
2129,晩,nightfall,nightfall,107,,,,
2130,勉,exertion,exertion,107,,,,
2131,象,elephant,elephant,107,,,,
2132,像,statue,statue,107,,,,
2133,馬,horse,horse,107,,,,
2134,駒,pony,pony,107,,,,
2135,験,verification,verification,107,,,,
2136,騎,equestrian,equestrian,107,,,,
2137,駐,parking,parking,107,,,,
2138,駆,drive,drive,107,,,,
2139,駅,station,station,107,,,,
2140,騒,boisterous,boisterous,107,,,,
2141,駄,burdensome,burdensome,108,,,,
2142,驚,wonder,wonder,108,,,,
2143,篤,fervent,fervent,108,,,,
2144,罵,insult,insult,108,,,,
2145,騰,inflation,inflation,108,,,,
2146,虎,tiger,tiger,108,,,,
2147,虜,captive,captive,108,,,,
2148,膚,skin,skin,108,,,,
2149,虚,void,void,108,,,,
2150,戯,frolic,frolic,108,,,,
2151,虞,uneasiness,uneasiness,108,,,,
2152,慮,prudence,prudence,108,,,,
2153,劇,drama,drama,108,,,,
2154,虐,tyrannize,tyrannize,108,,,,
2155,鹿,deer,deer,108,,,,
2156,麓,foot_of_mountain,foot_of_mountain,108,,,,
2157,薦,recommend,recommend,108,,,,
2158,慶,jubilation,jubilation,108,,,,
2159,麗,lovely,lovely,108,,,,
2160,熊,bear,bear,108,,,,
2161,能,ability,ability,109,,,,
2162,態,attitude,attitude,109,,,,
2163,寅,tiger_zodiac,tiger_zodiac,109,,,,
2164,演,performance,performance,109,,,,
2165,辰,dragon_zodiac,dragon_zodiac,109,,,,
2166,辱,embarrass,embarrass,109,,,,
2167,震,quake,quake,109,,,,
2168,振,shake,shake,109,,,,
2169,娠,with_child,with_child,109,,,,
2170,唇,lips,lips,109,,,,
2171,農,agriculture,agriculture,109,,,,
2172,濃,concentrated,concentrated,109,,,,
2173,送,send_off,send_off,109,,,,
2174,関,connection,connection,109,,,,
2175,咲,blossom,blossom,109,,,,
2176,鬼,ghost,ghost,109,,,,
2177,醜,ugly,ugly,109,,,,
2178,魂,soul,soul,109,,,,
2179,魔,witch,witch,109,,,,
2180,魅,fascination,fascination,109,,,,
2181,塊,clod,clod,110,,,,
2182,襲,attack,attack,110,,,,
2183,嚇,upbraid,upbraid,110,,,,
2184,朕,majestic_plural,majestic_plural,110,,,,
2185,雰,atmosphere,atmosphere,110,,,,
2186,箇,counters_for_things,counters_for_things,110,,,,
2187,錬,tempering,tempering,110,,,,
2188,遵,abide_by,abide_by,110,,,,
2189,罷,quit,quit,110,,,,
2190,屯,barracks,barracks,110,,,,
2191,且,moreover,moreover,110,,,,
2192,藻,seaweed,seaweed,110,,,,
2193,隷,slave,slave,110,,,,
2194,癒,healing,healing,110,,,,
2195,璽,imperial_seal,imperial_seal,110,,,,
2196,潟,lagoon,lagoon,110,,,,
2197,丹,cinnabar,cinnabar,110,,,,
2198,丑,ox_zodiac,ox_zodiac,110,,,,
2199,羞,humiliate,humiliate,110,,,,
2200,卯,hare_zodiac,hare_zodiac,110,,,,
2201,巳,snake_zodiac,snake_zodiac,111,,,,
2202,此,this,this,111,,,,
2203,柴,brushwood,brushwood,111,,,,
2204,些,whit,whit,111,,,,
2205,砦,fort,fort,111,,,,
2206,髭,beard,beard,111,,,,
2207,禽,fowl,fowl,111,,,,
2208,檎,apple,apple,111,,,,
2209,憐,sympathize_with,sympathize_with,111,,,,
2210,燐,phosphorus,phosphorus,111,,,,
2211,麟,camelopard,camelopard,111,,,,
2212,鱗,scaled,scaled,111,,,,
2213,奄,encompassing,encompassing,111,,,,
2214,庵,hermitage,hermitage,111,,,,
2215,掩,shrouded,shrouded,111,,,,
2216,悛,make_amends,make_amends,111,,,,
2217,駿,steed,steed,111,,,,
2218,峻,steep,steep,111,,,,
2219,竣,complete_a_job,complete_a_job,111,,,,
2220,犀,rhinoceros,rhinoceros,111,,,,
2221,皐,lunar_month,lunar_month,112,,,,
2222,畷,rice_field_footpath,rice_field_footpath,112,,,,
2223,綴,mend,mend,112,,,,
2224,鎧,suit_of_armor,suit_of_armor,112,,,,
2225,凱,triumph,triumph,112,,,,
2226,呑,quaff,quaff,112,,,,
2227,韮,leek,leek,112,,,,
2228,籤,lottery,lottery,112,,,,
2229,懺,penitential,penitential,112,,,,
2230,芻,hay,hay,112,,,,
2231,雛,chick,chick,112,,,,
2232,趨,scurry,scurry,112,,,,
2233,尤,understandably,understandably,112,,,,
2234,厖,immense,immense,112,,,,
2235,或,some,some,112,,,,
2236,兎,rabbit,rabbit,112,,,,
2237,也,also,also,112,,,,
2238,巴,swirl,swirl,112,,,,
2239,疋,critters,critters,112,,,,
2240,菫,violet,violet,112,,,,
2241,曼,mandala,mandala,113,,,,
2242,云,quote,quote,113,,,,
2243,莫,shalt,shalt,113,,,,
2244,而,and_then,and_then,113,,,,
2245,倭,yamato,yamato,113,,,,
2246,侠,chivalry,chivalry,113,,,,
2247,倦,fed_up,fed_up,113,,,,
2248,俄,abrupt,abrupt,113,,,,
2249,佃,work_a_field,work_a_field,113,,,,
2250,仔,animal_offspring,animal_offspring,113,,,,
2251,仇,foe,foe,113,,,,
2252,伽,look_after,look_after,113,,,,
2253,儲,make_a_profit,make_a_profit,113,,,,
2254,僑,emigrant,emigrant,113,,,,
2255,倶,mate,mate,113,,,,
2256,侃,forthright,forthright,113,,,,
2257,偲,memorial,memorial,113,,,,
2258,侭,as_is,as_is,113,,,,
2259,脩,dried_meat,dried_meat,113,,,,
2260,倅,my_son,my_son,113,,,,
2261,做,make_do,make_do,114,,,,
2262,冴,sharp,sharp,114,,,,
2263,凋,wilt,wilt,114,,,,
2264,凌,pull_through,pull_through,114,,,,
2265,凛,stately,stately,114,,,,
2266,凧,kite,kite,114,,,,
2267,凪,lull,lull,114,,,,
2268,夙,earlybird,earlybird,114,,,,
2269,鳳,phoenix,phoenix,114,,,,
2270,剽,menace,menace,114,,,,
2271,劉,slaughter,slaughter,114,,,,
2272,剃,shave,shave,114,,,,
2273,厭,despondent,despondent,114,,,,
2274,雁,wild_goose,wild_goose,114,,,,
2275,贋,counterfeit,counterfeit,114,,,,
2276,厨,kitchen,kitchen,114,,,,
2277,仄,insinuate,insinuate,114,,,,
2278,哨,scout,scout,114,,,,
2279,咎,reprehend,reprehend,114,,,,
2280,囁,whisper,whisper,114,,,,
2281,喋,chatter,chatter,115,,,,
2282,嘩,quarrel,quarrel,115,,,,
2283,噂,gossip,gossip,115,,,,
2284,咳,cough,cough,115,,,,
2285,喧,clamor,clamor,115,,,,
2286,叩,bash,bash,115,,,,
2287,嘘,fib,fib,115,,,,
2288,啄,peck_at,peck_at,115,,,,
2289,吠,barking,barking,115,,,,
2290,吊,dangle,dangle,115,,,,
2291,噛,chew,chew,115,,,,
2292,叶,within_ability,within_ability,115,,,,
2293,吻,sides_of_mouth,sides_of_mouth,115,,,,
2294,吃,stammer,stammer,115,,,,
2295,噺,spin_a_tale,spin_a_tale,115,,,,
2296,噌,miso,miso,115,,,,
2297,邑,city_walls,city_walls,115,,,,
2298,呆,dumbfounded,dumbfounded,115,,,,
2299,喰,ingest,ingest,115,,,,
2300,埴,clay,clay,115,,,,
2301,坤,receptive,receptive,116,,,,
2302,壕,dugout,dugout,116,,,,
2303,垢,grime,grime,116,,,,
2304,坦,flat_level,flat_level,116,,,,
2305,埠,wharf,wharf,116,,,,
2306,堰,dam,dam,116,,,,
2307,堵,railing,railing,116,,,,
2308,嬰,suckling_infant,suckling_infant,116,,,,
2309,姦,violate,violate,116,,,,
2310,婢,handmaiden,handmaiden,116,,,,
2311,婉,well_finished,well_finished,116,,,,
2312,娼,harlot,harlot,116,,,,
2313,妓,courtesan,courtesan,116,,,,
2314,娃,fair,fair,116,,,,
2315,姪,niece,niece,116,,,,
2316,嬬,mistress,mistress,116,,,,
2317,姥,aged_woman,aged_woman,116,,,,
2318,姑,motherinlaw,motherinlaw,116,,,,
2319,姐,young_miss,young_miss,116,,,,
2320,嬉,overjoyed,overjoyed,116,,,,
2321,孕,expecting,expecting,117,,,,
2322,孜,assiduous,assiduous,117,,,,
2323,宥,soothe,soothe,117,,,,
2324,寓,imply,imply,117,,,,
2325,宏,extensive,extensive,117,,,,
2326,牢,jail,jail,117,,,,
2327,宋,sung_dynasty,sung_dynasty,117,,,,
2328,宍,venison,venison,117,,,,
2329,屠,butchering,butchering,117,,,,
2330,屁,fart,fart,117,,,,
2331,屑,rubbish,rubbish,117,,,,
2332,屡,frequently,frequently,117,,,,
2333,屍,corpse,corpse,117,,,,
2334,屏,folding_screen,folding_screen,117,,,,
2335,嵩,high_reaching,high_reaching,117,,,,
2336,崚,rugged_mountains,rugged_mountains,117,,,,
2337,嶺,mountain_top,mountain_top,117,,,,
2338,嵌,fit_into,fit_into,117,,,,
2339,帖,quire,quire,117,,,,
2340,幡,banner,banner,117,,,,
2341,幟,pennant,pennant,118,,,,
2342,庖,cleaver,cleaver,118,,,,
2343,廓,licensed_quarters,licensed_quarters,118,,,,
2344,庇,overhang,overhang,118,,,,
2345,鷹,hawk,hawk,118,,,,
2346,庄,shire,shire,118,,,,
2347,廟,tomb_sanctuary,tomb_sanctuary,118,,,,
2348,彊,strengthen,strengthen,118,,,,
2349,弛,loosen,loosen,118,,,,
2350,粥,rice_gruel,rice_gruel,118,,,,
2351,挽,lathe,lathe,118,,,,
2352,撞,bump_into,bump_into,118,,,,
2353,扮,disguise,disguise,118,,,,
2354,捏,fabrication,fabrication,118,,,,
2355,掴,clutch,clutch,118,,,,
2356,捺,impress,impress,118,,,,
2357,掻,scratch,scratch,118,,,,
2358,撰,assortment,assortment,118,,,,
2359,揃,muster,muster,118,,,,
2360,捌,deal_with,deal_with,118,,,,
2361,按,press_down_on,press_down_on,119,,,,
2362,播,disseminate,disseminate,119,,,,
2363,揖,bow,bow,119,,,,
2364,托,receptacle,receptacle,119,,,,
2365,捧,devote,devote,119,,,,
2366,撚,twirl,twirl,119,,,,
2367,挺,upright,upright,119,,,,
2368,擾,commotion,commotion,119,,,,
2369,撫,petting,petting,119,,,,
2370,撒,sprinkle,sprinkle,119,,,,
2371,擢,outstanding,outstanding,119,,,,
2372,摺,rubbing,rubbing,119,,,,
2373,捷,spoils,spoils,119,,,,
2374,抉,gouge_out,gouge_out,119,,,,
2375,怯,wince,wince,119,,,,
2376,惟,ponder,ponder,119,,,,
2377,惚,infatuation,infatuation,119,,,,
2378,怜,quickwitted,quickwitted,119,,,,
2379,惇,considerate,considerate,119,,,,
2380,恰,as_if,as_if,119,,,,
2381,恢,enlarge,enlarge,120,,,,
2382,悌,respect_for_elders,respect_for_elders,120,,,,
2383,澪,canal,canal,120,,,,
2384,洸,glistening,glistening,120,,,,
2385,滉,expanse,expanse,120,,,,
2386,漱,gargle,gargle,120,,,,
2387,洲,continent,continent,120,,,,
2388,洵,swirling_waters,swirling_waters,120,,,,
2389,滲,seep,seep,120,,,,
2390,洒,rinse,rinse,120,,,,
2391,沐,douse,douse,120,,,,
2392,泪,teardrops,teardrops,120,,,,
2393,渾,gushing,gushing,120,,,,
2394,涜,blaspheme,blaspheme,120,,,,
2395,梁,roofbeam,roofbeam,120,,,,
2396,澱,sediment,sediment,120,,,,
2397,洛,old_kyoto,old_kyoto,120,,,,
2398,汝,thee,thee,120,,,,
2399,漉,filter,filter,120,,,,
2400,瀕,on_verge_of,on_verge_of,120,,,,
2401,濠,moat,moat,121,,,,
2402,溌,spray,spray,121,,,,
2403,湊,port,port,121,,,,
2404,淋,solitude,solitude,121,,,,
2405,浩,abounding,abounding,121,,,,
2406,汀,waters_edge,waters_edge,121,,,,
2407,鴻,large_goose,large_goose,121,,,,
2408,潅,souse,souse,121,,,,
2409,溢,brimming,brimming,121,,,,
2410,湛,inundate,inundate,121,,,,
2411,淳,immaculate,immaculate,121,,,,
2412,渥,moisten,moisten,121,,,,
2413,灘,rough_seas,rough_seas,121,,,,
2414,汲,draw_water,draw_water,121,,,,
2415,溜,cumulation,cumulation,121,,,,
2416,渕,abyss_variant,abyss_variant,121,,,,
2417,沌,chaos,chaos,121,,,,
2418,濾,strainer,strainer,121,,,,
2419,濡,drench,drench,121,,,,
2420,淀,eddy,eddy,121,,,,
2421,涅,black_soil,black_soil,122,,,,
2422,斧,hatchet,hatchet,122,,,,
2423,爺,grandpa,grandpa,122,,,,
2424,猾,sly,sly,122,,,,
2425,猥,indecent,indecent,122,,,,
2426,狡,cunning,cunning,122,,,,
2427,狸,racoon_dog,racoon_dog,122,,,,
2428,狼,wolf,wolf,122,,,,
2429,狽,flustered,flustered,122,,,,
2430,狗,pup,pup,122,,,,
2431,狐,fox,fox,122,,,,
2432,狛,komainu,komainu,122,,,,
2433,獅,lion,lion,122,,,,
2434,狒,baboon,baboon,122,,,,
2435,莨,tobacco,tobacco,122,,,,
2436,茉,jasmine,jasmine,122,,,,
2437,莉,hawthorn,hawthorn,122,,,,
2438,苺,strawberry,strawberry,122,,,,
2439,萩,bush_clover,bush_clover,122,,,,
2440,藝,technique_old,technique_old,122,,,,
2441,薙,trim,trim,123,,,,
2442,蓑,straw_raincoat,straw_raincoat,123,,,,
2443,苔,moss,moss,123,,,,
2444,蕩,prodigal,prodigal,123,,,,
2445,蔓,tendril,tendril,123,,,,
2446,蓮,lotus,lotus,123,,,,
2447,芙,lotus_flower,lotus_flower,123,,,,
2448,蓉,lotus_blossom,lotus_blossom,123,,,,
2449,蘭,orchid,orchid,123,,,,
2450,芦,hollow_reed,hollow_reed,123,,,,
2451,薯,yam,yam,123,,,,
2452,菖,iris,iris,123,,,,
2453,蕉,banana,banana,123,,,,
2454,蕎,buckwheat,buckwheat,123,,,,
2455,蕗,butterbur,butterbur,123,,,,
2456,茄,eggplant,eggplant,123,,,,
2457,蔭,behind_the_scenes,behind_the_scenes,123,,,,
2458,蓬,wormwood,wormwood,123,,,,
2459,芥,mustard,mustard,123,,,,
2460,萌,germinate,germinate,123,,,,
2461,葡,grape,grape,124,,,,
2462,萄,grape_vine,grape_vine,124,,,,
2463,蘇,resurrect,resurrect,124,,,,
2464,蕃,grow_wild,grow_wild,124,,,,
2465,苓,cocklebur,cocklebur,124,,,,
2466,菰,rush_mat,rush_mat,124,,,,
2467,蒙,darken,darken,124,,,,
2468,茅,grassy_reed,grassy_reed,124,,,,
2469,芭,plantain,plantain,124,,,,
2470,苅,mow,mow,124,,,,
2471,葱,onion,onion,124,,,,
2472,葵,hollyhock,hollyhock,124,,,,
2473,葺,shingling,shingling,124,,,,
2474,蕊,stamen,stamen,124,,,,
2475,茸,mushroom,mushroom,124,,,,
2476,蒔,sowing,sowing,124,,,,
2477,芹,parsley,parsley,124,,,,
2478,苫,thatching,thatching,124,,,,
2479,蒼,pale_blue,pale_blue,124,,,,
2480,藁,straw,straw,124,,,,
2481,蕪,turnip,turnip,125,,,,
2482,藷,sweet_potato,sweet_potato,125,,,,
2483,薮,quack,quack,125,,,,
2484,蒜,garlic,garlic,125,,,,
2485,蕨,bracken,bracken,125,,,,
2486,蔚,grow_plentiful,grow_plentiful,125,,,,
2487,茜,madder_red,madder_red,125,,,,
2488,莞,candle_rush,candle_rush,125,,,,
2489,蒐,collector,collector,125,,,,
2490,菅,sedge,sedge,125,,,,
2491,葦,ditch_reed,ditch_reed,125,,,,
2492,迪,way,way,125,,,,
2493,辿,track_down,track_down,125,,,,
2494,這,crawl,crawl,125,,,,
2495,迂,detour,detour,125,,,,
2496,遁,shirk,shirk,125,,,,
2497,逢,tryst,tryst,125,,,,
2498,遥,far_off,far_off,125,,,,
2499,遼,faraway,faraway,125,,,,
2500,逼,pressing,pressing,125,,,,
2501,迄,until,until,126,,,,
2502,逗,standstill,standstill,126,,,,
2503,鄭,courtesy,courtesy,126,,,,
2504,隕,falling,falling,126,,,,
2505,隈,nook,nook,126,,,,
2506,憑,possessed,possessed,126,,,,
2507,惹,attract,attract,126,,,,
2508,悉,all,all,126,,,,
2509,忽,instantaneously,instantaneously,126,,,,
2510,惣,firstborn_son,firstborn_son,126,,,,
2511,愈,all_the_more,all_the_more,126,,,,
2512,恕,sensitive,sensitive,126,,,,
2513,昴,over_arching,over_arching,126,,,,
2514,晋,progress,progress,126,,,,
2515,晟,aglow,aglow,126,,,,
2516,暈,halo,halo,126,,,,
2517,暉,glitter,glitter,126,,,,
2518,旱,dry_weather,dry_weather,126,,,,
2519,晏,clear_skies,clear_skies,126,,,,
2520,晨,morrow,morrow,126,,,,
2521,晒,bleaching,bleaching,127,,,,
2522,晃,limpid,limpid,127,,,,
2523,曝,expose,expose,127,,,,
2524,曙,daybreak,daybreak,127,,,,
2525,昂,elevate,elevate,127,,,,
2526,昏,dusk,dusk,127,,,,
2527,晦,dark,dark,127,,,,
2528,膿,pus,pus,127,,,,
2529,腑,viscera,viscera,127,,,,
2530,胱,bladder,bladder,127,,,,
2531,胚,embryo,embryo,127,,,,
2532,肛,anus,anus,127,,,,
2533,脆,fragile,fragile,127,,,,
2534,肋,rib,rib,127,,,,
2535,腔,body_cavity,body_cavity,127,,,,
2536,肱,armrest,armrest,127,,,,
2537,胡,uncivilized,uncivilized,127,,,,
2538,楓,maple,maple,127,,,,
2539,楊,purple_willow,purple_willow,127,,,,
2540,椋,elm,elm,127,,,,
2541,榛,hazel,hazel,128,,,,
2542,櫛,comb,comb,128,,,,
2543,槌,sledgehammer,sledgehammer,128,,,,
2544,樵,mallet,mallet,128,,,,
2545,梯,ladder,ladder,128,,,,
2546,柑,citrus_tree,citrus_tree,128,,,,
2547,杭,picket,picket,128,,,,
2548,柊,holly,holly,128,,,,
2549,柚,citron,citron,128,,,,
2550,椀,wooden_bowl,wooden_bowl,128,,,,
2551,栂,hemlock,hemlock,128,,,,
2552,柾,spindle_tree,spindle_tree,128,,,,
2553,榊,sacred_tree,sacred_tree,128,,,,
2554,樫,evergreen_oak,evergreen_oak,128,,,,
2555,槙,black_pine,black_pine,128,,,,
2556,楢,japanese_oak,japanese_oak,128,,,,
2557,橘,tangerine,tangerine,128,,,,
2558,桧,hinoki_variant,hinoki_variant,128,,,,
2559,棲,roost,roost,128,,,,
2560,栖,nestle,nestle,128,,,,
2561,桔,bellflower,bellflower,129,,,,
2562,杜,temple_grove,temple_grove,129,,,,
2563,杷,grain_rake,grain_rake,129,,,,
2564,梶,oar,oar,129,,,,
2565,杵,wooden_pestle,wooden_pestle,129,,,,
2566,杖,cane,cane,129,,,,
2567,樽,barrel,barrel,129,,,,
2568,櫓,turret,turret,129,,,,
2569,橿,sturdy_oak,sturdy_oak,129,,,,
2570,杓,wooden_ladle,wooden_ladle,129,,,,
2571,李,damson,damson,129,,,,
2572,棉,raw_cotton,raw_cotton,129,,,,
2573,楯,escutcheon,escutcheon,129,,,,
2574,榎,hackberry,hackberry,129,,,,
2575,樺,birch,birch,129,,,,
2576,槍,lance,lance,129,,,,
2577,柘,wild_mulberry,wild_mulberry,129,,,,
2578,梱,bale,bale,129,,,,
2579,枇,loquat,loquat,129,,,,
2580,樋,downspout,downspout,129,,,,
2581,橇,sled,sled,130,,,,
2582,槃,enjoyment,enjoyment,130,,,,
2583,栞,bookmark,bookmark,130,,,,
2584,椰,coconut,coconut,130,,,,
2585,檀,sandalwood,sandalwood,130,,,,
2586,樗,sumac,sumac,130,,,,
2587,槻,zelkova,zelkova,130,,,,
2588,椙,cryptomeria,cryptomeria,130,,,,
2589,彬,copious,copious,130,,,,
2590,桶,bucket,bucket,130,,,,
2591,楕,ellipse,ellipse,130,,,,
2592,樒,staranise,staranise,130,,,,
2593,毬,furball,furball,130,,,,
2594,燿,twinkle,twinkle,130,,,,
2595,燎,watchfire,watchfire,130,,,,
2596,炬,torch,torch,130,,,,
2597,焚,kindle,kindle,130,,,,
2598,灸,moxa,moxa,130,,,,
2599,煽,fanning,fanning,130,,,,
2600,煤,soot,soot,130,,,,
2601,煉,firing,firing,131,,,,
2602,燦,dazzling,dazzling,131,,,,
2603,灼,refulgent,refulgent,131,,,,
2604,烙,branding,branding,131,,,,
2605,焔,flames,flames,131,,,,
2606,烹,stew,stew,131,,,,
2607,牽,tug,tug,131,,,,
2608,牝,female_animal,female_animal,131,,,,
2609,牡,male_animal,male_animal,131,,,,
2610,琳,chime,chime,131,,,,
2611,琉,lapis_lazuli,lapis_lazuli,131,,,,
2612,瑳,burnish,burnish,131,,,,
2613,琢,hone,hone,131,,,,
2614,珊,coral,coral,131,,,,
2615,瑚,coral_reef,coral_reef,131,,,,
2616,瑞,fortunate,fortunate,131,,,,
2617,玖,jet,jet,131,,,,
2618,瑛,crystal,crystal,131,,,,
2619,玲,tinkling,tinkling,131,,,,
2620,畢,lastly,lastly,131,,,,
2621,畦,paddyfield,paddyfield,132,,,,
2622,痒,itch,itch,132,,,,
2623,痰,phlegm,phlegm,132,,,,
2624,疹,measles,measles,132,,,,
2625,痔,hemorrhoids,hemorrhoids,132,,,,
2626,癌,cancer,cancer,132,,,,
2627,痺,paralysis,paralysis,132,,,,
2628,眸,eye_pupil,eye_pupil,132,,,,
2629,眩,dizzy,dizzy,132,,,,
2630,雉,pheasant,pheasant,132,,,,
2631,矩,carpenters_square,carpenters_square,132,,,,
2632,磐,bedrock,bedrock,132,,,,
2633,碇,grapnel,grapnel,132,,,,
2634,碧,blue_green,blue_green,132,,,,
2635,硯,inkstone,inkstone,132,,,,
2636,砥,grindstone,grindstone,132,,,,
2637,碗,teacup,teacup,132,,,,
2638,碍,obstacle,obstacle,132,,,,
2639,碩,illustrious,illustrious,132,,,,
2640,磯,rocky_beach,rocky_beach,132,,,,
2641,砺,whetstone,whetstone,133,,,,
2642,碓,mill,mill,133,,,,
2643,禦,fend_off,fend_off,133,,,,
2644,祷,beseech,beseech,133,,,,
2645,祐,ancestral_tablet,ancestral_tablet,133,,,,
2646,祇,local_god,local_god,133,,,,
2647,祢,ancestral_shrine,ancestral_shrine,133,,,,
2648,禄,salarium,salarium,133,,,,
2649,禎,felicitation,felicitation,133,,,,
2650,秤,balancing_scales,balancing_scales,133,,,,
2651,黍,millet,millet,133,,,,
2652,禿,bald,bald,133,,,,
2653,稔,bear_fruit,bear_fruit,133,,,,
2654,稗,crabgrass,crabgrass,133,,,,
2655,穣,bumper_crop,bumper_crop,133,,,,
2656,稜,imperial_authority,imperial_authority,133,,,,
2657,稀,sparse,sparse,133,,,,
2658,穆,obeisant,obeisant,133,,,,
2659,窺,peep,peep,133,,,,
2660,窄,tight,tight,133,,,,
2661,穿,drill,drill,134,,,,
2662,竃,kitchen_stove,kitchen_stove,134,,,,
2663,竪,longness,longness,134,,,,
2664,颯,rustling,rustling,134,,,,
2665,站,outpost,outpost,134,,,,
2666,靖,repose,repose,134,,,,
2667,妾,concubine,concubine,134,,,,
2668,衿,lapel,lapel,134,,,,
2669,袷,lined_kimono,lined_kimono,134,,,,
2670,袴,pleated_skirt,pleated_skirt,134,,,,
2671,襖,sliding_door,sliding_door,134,,,,
2672,笙,panpipe,panpipe,134,,,,
2673,筏,raft,raft,134,,,,
2674,簾,bamboo_blinds,bamboo_blinds,134,,,,
2675,箪,rattan_box,rattan_box,134,,,,
2676,竿,pole,pole,134,,,,
2677,箆,spatula,spatula,134,,,,
2678,箔,foil,foil,134,,,,
2679,笥,wardrobe,wardrobe,134,,,,
2680,箭,arrow_shaft,arrow_shaft,134,,,,
2681,筑,ancient_harp,ancient_harp,135,,,,
2682,篠,slender_bamboo,slender_bamboo,135,,,,
2683,纂,redaction,redaction,135,,,,
2684,竺,bamboo_cane,bamboo_cane,135,,,,
2685,箕,winnowing_fan,winnowing_fan,135,,,,
2686,笈,backpack,backpack,135,,,,
2687,篇,livraison,livraison,135,,,,
2688,筈,should,should,135,,,,
2689,簸,winnow,winnow,135,,,,
2690,粕,settlings,settlings,135,,,,
2691,糟,lees,lees,135,,,,
2692,糊,paste,paste,135,,,,
2693,籾,unhulled_rice,unhulled_rice,135,,,,
2694,糠,rice_bran,rice_bran,135,,,,
2695,糞,excrement,excrement,135,,,,
2696,粟,foxtail_millet,foxtail_millet,135,,,,
2697,繋,link_up,link_up,135,,,,
2698,綸,twine,twine,135,,,,
2699,絨,carpet_yarn,carpet_yarn,135,,,,
2700,絆,ties,ties,135,,,,
2701,緋,scarlet,scarlet,136,,,,
2702,綜,synthesis,synthesis,136,,,,
2703,紐,string,string,136,,,,
2704,紘,chinstrap,chinstrap,136,,,,
2705,纏,summarize,summarize,136,,,,
2706,絢,gorgeous,gorgeous,136,,,,
2707,繍,embroidery,embroidery,136,,,,
2708,紬,pongee,pongee,136,,,,
2709,綺,ornate,ornate,136,,,,
2710,綾,twill_fabric,twill_fabric,136,,,,
2711,絃,catgut,catgut,136,,,,
2712,縞,stripe,stripe,136,,,,
2713,綬,gimp,gimp,136,,,,
2714,紗,silk_gauze,silk_gauze,136,,,,
2715,舵,rudder,rudder,136,,,,
2716,聯,strung_together,strung_together,136,,,,
2717,聡,attentive,attentive,136,,,,
2718,聘,summons,summons,136,,,,
2719,耽,addiction,addiction,136,,,,
2720,耶,exclamation,exclamation,136,,,,
2721,蚤,flea,flea,137,,,,
2722,蟹,crab,crab,137,,,,
2723,蛋,protein,protein,137,,,,
2724,蟄,hibernation,hibernation,137,,,,
2725,蝿,housefly,housefly,137,,,,
2726,蟻,ant,ant,137,,,,
2727,蝋,wax,wax,137,,,,
2728,蝦,shrimp,shrimp,137,,,,
2729,蛸,octopus,octopus,137,,,,
2730,螺,screw,screw,137,,,,
2731,蝉,cicada,cicada,137,,,,
2732,蛙,frog,frog,137,,,,
2733,蛾,moth,moth,137,,,,
2734,蛤,clam,clam,137,,,,
2735,蛭,leech,leech,137,,,,
2736,蛎,oyster,oyster,137,,,,
2737,罫,ruled_lines,ruled_lines,137,,,,
2738,袈,stole,stole,137,,,,
2739,裟,monks_sash,monks_sash,137,,,,
2740,截,incision,incision,137,,,,
2741,哉,alas,alas,138,,,,
2742,詢,counsel,counsel,138,,,,
2743,諄,polite,polite,138,,,,
2744,讐,vendetta,vendetta,138,,,,
2745,諌,remonstrate,remonstrate,138,,,,
2746,諒,verify,verify,138,,,,
2747,讃,compliment,compliment,138,,,,
2748,訊,query,query,138,,,,
2749,訣,split_up,split_up,138,,,,
2750,詫,apologize,apologize,138,,,,
2751,誼,familiarity,familiarity,138,,,,
2752,謬,fallible,fallible,138,,,,
2753,訝,wary,wary,138,,,,
2754,諺,proverb,proverb,138,,,,
2755,誹,slander,slander,138,,,,
2756,謂,so_called,so_called,138,,,,
2757,諜,spying,spying,138,,,,
2758,註,footnote,footnote,138,,,,
2759,譬,parable,parable,138,,,,
2760,轟,rumble,rumble,138,,,,
2761,輔,reinforce,reinforce,139,,,,
2762,輻,spoke,spoke,139,,,,
2763,輯,assemble,assemble,139,,,,
2764,豹,panther,panther,139,,,,
2765,賎,despicable,despicable,139,,,,
2766,貰,get,get,139,,,,
2767,賑,bustling,bustling,139,,,,
2768,贖,expiate,expiate,139,,,,
2769,躓,stumble,stumble,139,,,,
2770,蹄,hoof,hoof,139,,,,
2771,蹟,vestiges,vestiges,139,,,,
2772,跨,straddle,straddle,139,,,,
2773,跪,kneel,kneel,139,,,,
2774,醤,soy_sauce,soy_sauce,139,,,,
2775,醍,whey,whey,139,,,,
2776,醐,ghee,ghee,139,,,,
2777,醇,strong_sake,strong_sake,139,,,,
2778,麹,malt,malt,139,,,,
2779,釦,button,button,139,,,,
2780,銚,keg,keg,139,,,,
2781,鋤,plow,plow,140,,,,
2782,鋸,hand_saw,hand_saw,140,,,,
2783,錐,awl,awl,140,,,,
2784,鍬,hoe,hoe,140,,,,
2785,鋲,rivet,rivet,140,,,,
2786,錫,tin,tin,140,,,,
2787,錨,anchor,anchor,140,,,,
2788,釘,nail,nail,140,,,,
2789,鑓,javelin,javelin,140,,,,
2790,鋒,swords_point,swords_point,140,,,,
2791,鎚,iron_hammer,iron_hammer,140,,,,
2792,鉦,carillion,carillion,140,,,,
2793,錆,rust,rust,140,,,,
2794,鍾,cluster,cluster,140,,,,
2795,鋏,scissors,scissors,140,,,,
2796,閃,flash,flash,140,,,,
2797,悶,agony,agony,140,,,,
2798,閤,side_gate,side_gate,140,,,,
2799,雫,trickle,trickle,140,,,,
2800,霞,haze,haze,140,,,,
2801,翰,quill,quill,141,,,,
2802,斡,auspices,auspices,141,,,,
2803,鞍,saddle,saddle,141,,,,
2804,鞭,whip,whip,141,,,,
2805,鞘,saddle_straps,saddle_straps,141,,,,
2806,鞄,briefcase,briefcase,141,,,,
2807,靭,pliable,pliable,141,,,,
2808,鞠,terminate,terminate,141,,,,
2809,顛,overturn,overturn,141,,,,
2810,穎,brush_tip,brush_tip,141,,,,
2811,頗,exceedingly,exceedingly,141,,,,
2812,頌,accolade,accolade,141,,,,
2813,頚,cervical,cervical,141,,,,
2814,餐,repast,repast,141,,,,
2815,饗,feast,feast,141,,,,
2816,蝕,eclipse,eclipse,141,,,,
2817,飴,sweets,sweets,141,,,,
2818,駕,stretcher,stretcher,141,,,,
2819,騨,dappled_horse,dappled_horse,141,,,,
2820,馳,rush,rush,141,,,,
2821,騙,cheat,cheat,142,,,,
2822,馴,tame,tame,142,,,,
2823,駁,rebuttal,rebuttal,142,,,,
2824,駈,gallop,gallop,142,,,,
2825,驢,donkey,donkey,142,,,,
2826,鰻,eel,eel,142,,,,
2827,鯛,sea_bream,sea_bream,142,,,,
2828,鰯,sardine,sardine,142,,,,
2829,鱒,trout,trout,142,,,,
2830,鮭,salmon,salmon,142,,,,
2831,鮪,tuna,tuna,142,,,,
2832,鮎,smelt,smelt,142,,,,
2833,鯵,horse_mackeral,horse_mackeral,142,,,,
2834,鱈,cod,cod,142,,,,
2835,鯖,mackerel,mackerel,142,,,,
2836,鮫,shark,shark,142,,,,
2837,鰹,bonito,bonito,142,,,,
2838,鰍,bullhead,bullhead,142,,,,
2839,鰐,alligator,alligator,142,,,,
2840,鮒,crucian,crucian,142,,,,
2841,鮨,sushi,sushi,143,,,,
2842,鰭,fish_fin,fish_fin,143,,,,
2843,鴎,seagull,seagull,143,,,,
2844,鵬,roc,roc,143,,,,
2845,鸚,parakeet,parakeet,143,,,,
2846,鵡,parrot,parrot,143,,,,
2847,鵜,cormorant,cormorant,143,,,,
2848,鷺,heron,heron,143,,,,
2849,鷲,eagle,eagle,143,,,,
2850,鴨,wild_duck,wild_duck,143,,,,
2851,鳶,black_kite,black_kite,143,,,,
2852,梟,owl,owl,143,,,,
2853,塵,dust,dust,143,,,,
2854,麒,giraffe,giraffe,143,,,,
2855,舅,fatherinlaw,fatherinlaw,143,,,,
2856,鼠,mouse,mouse,143,,,,
2857,鑿,bore,bore,143,,,,
2858,艘,small_craft,small_craft,143,,,,
2859,瞑,close_eyes,close_eyes,143,,,,
2860,暝,murky,murky,143,,,,
2861,坐,sitting,sitting,144,,,,
2862,朔,first_day,first_day,144,,,,
2863,曳,tow,tow,144,,,,
2864,洩,dribble_out,dribble_out,144,,,,
2865,彗,comet,comet,144,,,,
2866,慧,astute,astute,144,,,,
2867,爾,thou,thou,144,,,,
2868,嘉,applaud,applaud,144,,,,
2869,兇,evil,evil,144,,,,
2870,兜,helmet,helmet,144,,,,
2871,靄,mist,mist,144,,,,
2872,劫,kalpa,kalpa,144,,,,
2873,歎,bemoan,bemoan,144,,,,
2874,輿,palanquin,palanquin,144,,,,
2875,歪,warped,warped,144,,,,
2876,翠,jade_green,jade_green,144,,,,
2877,黛,blue_black,blue_black,144,,,,
2878,鼎,tripod,tripod,144,,,,
2879,鹵,rocksalt,rocksalt,144,,,,
2880,鹸,lye,lye,144,,,,
2881,虔,reserved,reserved,145,,,,
2882,燕,swallow,swallow,145,,,,
2883,嘗,lick,lick,145,,,,
2884,殆,almost,almost,145,,,,
2885,牌,mahjong_tiles,mahjong_tiles,145,,,,
2886,覗,peek,peek,145,,,,
2887,齟,disagree,disagree,145,,,,
2888,齬,discord,discord,145,,,,
2889,秦,manchu_dynasty,manchu_dynasty,145,,,,
2890,雀,sparrow,sparrow,145,,,,
2891,隼,peregrine_falcon,peregrine_falcon,145,,,,
2892,耀,shimmering,shimmering,145,,,,
2893,夷,ebisu,ebisu,145,,,,
2894,嚢,cyst,cyst,145,,,,
2895,暢,carefree,carefree,145,,,,
2896,廻,circling,circling,145,,,,
2897,欣,elation,elation,145,,,,
2898,毅,stalwart,stalwart,145,,,,
2899,斯,thus,thus,145,,,,
2900,匙,wooden_spoon,wooden_spoon,145,,,,
2901,匡,set_straight,set_straight,146,,,,
2902,肇,founding,founding,146,,,,
2903,麿,utamaro,utamaro,146,,,,
2904,叢,conglomerate,conglomerate,146,,,,
2905,肴,entreat,entreat,146,,,,
2906,斐,symmetrical,symmetrical,146,,,,
2907,卿,magistrate,magistrate,146,,,,
2908,翫,fiddle,fiddle,146,,,,
2909,於,within,within,146,,,,
2910,套,hackneyed,hackneyed,146,,,,
2911,叛,rebellion,rebellion,146,,,,
2912,尖,sharp_point,sharp_point,146,,,,
2913,壷,crock,crock,146,,,,
2914,叡,sapience,sapience,146,,,,
2915,酋,chieftain,chieftain,146,,,,
2916,鴬,nightingale,nightingale,146,,,,
2917,赫,incandescent,incandescent,146,,,,
2918,臥,supinate,supinate,146,,,,
2919,甥,nephew,nephew,146,,,,
2920,瓢,gourd,gourd,146,,,,
2921,琵,biwa,biwa,147,,,,
2922,琶,lute,lute,147,,,,
2923,叉,forked,forked,147,,,,
2924,乖,disobey,disobey,147,,,,
2925,畠,dry_field,dry_field,147,,,,
2926,圃,vegetable_patch,vegetable_patch,147,,,,
2927,丞,helping_hand,helping_hand,147,,,,
2928,亮,translucent,translucent,147,,,,
2929,胤,blood_relative,blood_relative,147,,,,
2930,疏,transcription,transcription,147,,,,
2931,膏,ointment,ointment,147,,,,
2932,魁,pioneer,pioneer,147,,,,
2933,馨,ambrosial,ambrosial,147,,,,
2934,牒,label,label,147,,,,
2935,瞥,glimpse,glimpse,147,,,,
2936,睾,testicle,testicle,147,,,,
2937,巫,sorceress,sorceress,147,,,,
2938,敦,empathetic,empathetic,147,,,,
2939,奎,andromeda,andromeda,147,,,,
2940,翔,soar,soar,147,,,,
2941,皓,beaming,beaming,148,,,,
2942,黎,tenebrous,tenebrous,148,,,,
2943,赳,bold,bold,148,,,,
2944,已,stop_short,stop_short,148,,,,
2945,棘,thornbush,thornbush,148,,,,
2946,祟,haunt,haunt,148,,,,
2947,甦,resuscitate,resuscitate,148,,,,
2948,剪,pruning,pruning,148,,,,
2949,躾,upbringing,upbringing,148,,,,
2950,夥,plentiful,plentiful,148,,,,
2951,鼾,snore,snore,148,,,,
2952,陀,steeply_inclined,steeply_inclined,148,,,,
2953,粁,kilometer,kilometer,148,,,,
2954,糎,centimeter,centimeter,148,,,,
2955,粍,millimeter,millimeter,148,,,,
2956,噸,ton,ton,148,,,,
2957,哩,mile,mile,148,,,,
2958,浬,nautical_mile,nautical_mile,148,,,,
2959,吋,inch,inch,148,,,,
2960,呎,foot,foot,148,,,,
2961,梵,brahman,brahman,149,,,,
2962,薩,bodhisattva,bodhisattva,149,,,,
2963,菩,bo_tree,bo_tree,149,,,,
2964,唖,babble,babble,149,,,,
2965,牟,low,low,149,,,,
2966,迦,sanskrit_ka,sanskrit_ka,149,,,,
2967,珈,jeweled_hairpin,jeweled_hairpin,149,,,,
2968,琲,beaded_hairpin,beaded_hairpin,149,,,,
2969,檜,hinoki,hinoki,149,,,,
2970,轡,tinkling_bell,tinkling_bell,149,,,,
2971,淵,abyss,abyss,149,,,,
2972,伍,formal_five,formal_five,149,,,,
2973,什,formal_ten,formal_ten,149,,,,
2974,萬,ten_thousand_old,ten_thousand_old,149,,,,
2975,邁,push_forward,push_forward,149,,,,
2976,燭,candlelight,candlelight,149,,,,
2977,逞,tough,tough,149,,,,
2978,燈,lamp_old,lamp_old,149,,,,
2979,裡,back_old,back_old,149,,,,
2980,薗,garden_name,garden_name,149,,,,
2981,鋪,shop_variant,shop_variant,150,,,,
2982,嶋,island_variant,island_variant,150,,,,
2983,峯,summit_variant,summit_variant,150,,,,
2984,埜,plains_variant,plains_variant,150,,,,
2985,龍,dragon_old,dragon_old,150,,,,
2986,寵,patronage,patronage,150,,,,
2987,聾,deafness,deafness,150,,,,
2988,慾,longing_old,longing_old,150,,,,
2989,嶽,point_old,point_old,150,,,,
2990,國,country_old,country_old,150,,,,
2991,脛,shin,shin,150,,,,
2992,勁,formidable,formidable,150,,,,
2993,祀,enshrine,enshrine,150,,,,
2994,祓,exorcism,exorcism,150,,,,
2995,躇,dither,dither,150,,,,
2996,壽,longevity_old,longevity_old,150,,,,
2997,躊,hesitate,hesitate,150,,,,
2998,饅,bean_jam,bean_jam,150,,,,
2999,嘔,retch,retch,150,,,,
3000,鼈,snapping_turtle,snapping_turtle,150,,,,
3001,𠮟,scold_old,scold_old,151,,,,
3002,塡,fill_in,fill_in,151,,,,
3003,剝,peel,peel,151,,,,
3004,頰,cheek_old,cheek_old,151,,,,
3005,籠,basket_variant,basket_variant,151,,,,
3006,亙,span_alt,span_alt,151,,,,
3007,亨,go_smoothly,go_smoothly,151,,,,
3008,伶,actor,actor,151,,,,
3009,佑,aid,aid,151,,,,
3010,佼,beautiful,beautiful,151,,,,
3011,侑,coax,coax,151,,,,
3012,俣,fork,fork,151,,,,
3013,倖,good_fortune,good_fortune,151,,,,
3014,傭,hire,hire,151,,,,
3015,僻,prejudice,prejudice,151,,,,
3016,喬,lofty,lofty,151,,,,
3017,孟,eldest,eldest,151,,,,
3018,尭,noble,noble,151,,,,
3019,峨,towering,towering,151,,,,
3020,嵯,craggy,craggy,151,,,,
3021,巌,crag,crag,152,,,,
3022,巽,southeast,southeast,152,,,,
3023,彪,spotted,spotted,152,,,,
3024,掟,code,code,152,,,,
3025,掠,pillage,pillage,152,,,,
3026,撹,agitate,agitate,152,,,,
3027,梧,parasol_tree,parasol_tree,152,,,,
3028,欝,gloom,gloom,152,,,,
3029,欽,revere,revere,152,,,,
3030,煕,shine,shine,152,,,,
3031,熔,fuse,fuse,152,,,,
3032,珪,jade_scepter,jade_scepter,152,,,,
3033,瑶,beautiful_jewel,beautiful_jewel,152,,,,
3034,甫,newly,newly,152,,,,
3035,聚,congregate,congregate,152,,,,
3036,舘,mansion,mansion,152,,,,
3037,舜,morning_glory,morning_glory,152,,,,
3038,詑,deceive,deceive,152,,,,
3039,諏,consult,consult,152,,,,
3040,躯,torso,torso,152,,,,
3041,郁,elegant,elegant,153,,,,
3042,鏑,arrowhead,arrowhead,153,,,,
3043,子,rat_zodiac,rat_zodiac,153,,,,
3044,午,horse_zodiac,horse_zodiac,153,,,,
3045,未,sheep_zodiac,sheep_zodiac,153,,,,
3046,申,monkey_zodiac,monkey_zodiac,153,,,,
3047,酉,rooster_zodiac,rooster_zodiac,153,,,,
3048,戌,dog_zodiac,dog_zodiac,153,,,,
3049,亥,boar_zodiac,boar_zodiac,153,,,,
