kanji,keyword,lesson_number,kml_primitives,cluster_components,collapse_to,layout_type,first_use,notes
一,one,1,一,一,,a,,pass2a: — -> a; pass4: harvested L01 HTML (一)
二,two,1,二,二,,a,,pass2a: v -> a; pass4: harvested L01 HTML (二)
三,three,1,三,三,,a,,pass2a: v -> a; pass4: harvested L01 HTML (三)
四,four,1,口|儿,口|儿,,ei,,pass2a: e -> ei; pass4: harvested L01 HTML (口|儿)
五,five,1,五,五,,a,,pass2a: v -> a; pass4: harvested L01 HTML (五)
六,six,1,⼇|ㇵ,⼇|ㇵ,,v,,pass4: harvested L01 HTML (⼇|ㇵ)
七,seven,1,七,七,,a,,pass2a: — -> a; pass4: harvested L01 HTML (七)
八,eight,1,八,八,,a,,pass2a: — -> a; pass4: harvested L01 HTML (八)
九,nine,1,九,九,,a,,pass2a: — -> a; pass4: harvested L01 HTML (九)
十,ten,1,十,十,,a,,pass2a: — -> a; pass4: harvested L01 HTML (十)
口,mouth,1,口,口,,a,,pass2a: — -> a; pass4: harvested L01 HTML (口)
日,day,1,日,日,,a,,pass2a: — -> a; pass4: harvested L01 HTML (日)
月,moon,1,月,月,,a,,pass2a: — -> a; pass4: harvested L01 HTML (月)
田,field,1,田,田,,a,,pass2a: — -> a; pass4: harvested L01 HTML (田)
目,eye,1,目,目,,a,,pass2a: — -> a; pass4: harvested L01 HTML (目)
古,old,1,十|口,十|口,,v,,pass4: harvested L01 HTML (十|口)
吾,I,1,五|口,五|口,,v,,pass4: harvested L01 HTML (五|口)
冒,risk,1,日|目,日|目,,v,,pass4: harvested L01 HTML (日|目)
朋,companion,1,月|月,月|月,,h,,pass4: harvested L01 HTML (月|月)
明,bright,1,日|月,日|月,,h,,pass4: harvested L01 HTML (日|月)
昌,prosperous,2,日|日,日|日,,v,,pass4: harvested L02 HTML (日|日)
唱,chant,2,口|昌,口|昌,,h,,pass4: harvested L02 HTML (口|昌)
晶,sparkle,2,日|日|日,日|日|日,,2t,,pass2a: v -> 2t; pass4: harvested L02 HTML (日|日|日)
品,goods,2,口|口|口,口|口|口,,2t,,pass2a: v -> 2t; pass4: harvested L02 HTML (口|口|口)
呂,spine,2,口|口,口|口,,v,,pass4: harvested L02 HTML (口|口)
早,early,2,日|十,日|十,,v,,pass4: harvested L02 HTML (日|十)
旭,rising_sun,2,九|日,九|日,,h,,pass2a: e -> h; pass4: harvested L02 HTML (九|日)
世,generation,2,世,世,,a,,pass2a: — -> a; pass4: harvested L02 HTML (世)
胃,stomach,2,田|月,田|月,,v,,pass4: harvested L02 HTML (田|月)
旦,dawn,2,日|一,日|一,,v,,pass4: harvested L02 HTML (日|一)
胆,gallbladder,2,月|旦,月|旦,,h,,pass4: harvested L02 HTML (月|旦)
亘,span,2,一|旦,一|旦,,v,,pass4: harvested L02 HTML (一|旦)
凹,concave,2,凹,凹,,a,,pass2a: — -> a; pass4: harvested L02 HTML (凹)
凸,convex,2,凸,凸,,a,,pass2a: — -> a; pass4: harvested L02 HTML (凸)
旧,olden_times,2,日,日,,h,,pass4: harvested L02 HTML (日)
自,oneself,2,´|目,´|目,,v,,pass2a: — -> v; pass4: harvested L02 HTML (´|目)
白,white,2,´|日,´|日,,v,,pass2a: — -> v; pass4: harvested L02 HTML (´|日)
百,hundred,2,一|白,一|白,,v,,pass4: harvested L02 HTML (一|白)
中,middle,2,中,中,,a,,pass2a: — -> a; pass4: harvested L02 HTML (中)
千,thousand,2,´|十,´|十,,v,,pass4: harvested L02 HTML (´|十)
舌,tongue,3,千|口,千|口,,v,,pass4: harvested L03 HTML (千|口)
升,measuring_box,3,升,升,,a,,pass2a: v -> a; pass4: harvested L03 HTML (升)
昇,rise,3,日|升,日|升,,v,,pass4: harvested L03 HTML (日|升)
丸,round,3,丶|九,丶|九,,h,,pass2a: — -> h; pass4: harvested L03 HTML (丶|九)
寸,measurement,3,寸,寸,,a,,pass2a: — -> a; pass4: harvested L03 HTML (寸)
肘,elbow,3,月|寸,月|寸,,h,,pass4: harvested L03 HTML (月|寸)
専,specialty,3,十|田|寸,十|田|寸,,v,,pass4: harvested L03 HTML (十|田|寸)
博,knowledgeable,3,十|丶|専,十|丶|専,,2r,,pass2a: h -> 2r; pass4: harvested L03 HTML (十|丶|専)
卜,signal,3,卜,卜,,a,,pass2a: — -> a; pass4: harvested L03 HTML (卜)
占,fortune_telling,3,卜|口,卜|口,,v,,pass4: harvested L03 HTML (卜|口)
上,up,3,卜|一,卜|一,,v,,pass4: harvested L03 HTML (卜|一)
下,below,3,一|卜,一|卜,,v,,pass4: harvested L03 HTML (一|卜)
卓,eminent,3,卜|早,卜|早,,v,,pass4: harvested L03 HTML (卜|早)
朝,morning,3,十|早|月,十|早|月,,2l,,pass2a: h -> 2l; pass4: harvested L03 HTML (十|早|月)
嘲,derision,3,口|朝,口|朝,,h,,pass4: harvested L03 HTML (口|朝)
只,only,3,口|ㇵ,口|ㇵ,,v,,pass4: harvested L03 HTML (口|ㇵ)
貝,shellfish,3,目|ㇵ,目|ㇵ,,v,,pass4: harvested L03 HTML (目|ㇵ)
唄,pop_song,3,口|貝,口|貝,,h,,pass4: harvested L03 HTML (口|貝)
貞,virtue,3,卜|貝,卜|貝,,v,,pass4: harvested L03 HTML (卜|貝)
員,employee,3,口|貝,口|貝,,v,,pass4: harvested L03 HTML (口|貝)
貼,post_a_bill,4,貝|占,貝|占,,h,,pass4: harvested L04 HTML (貝|占)
見,see,4,目|儿,目|儿,,v,,pass4: harvested L04 HTML (目|儿)
児,newborn,4,旧|儿,旧|儿,,v,,pass4: harvested L04 HTML (旧|儿)
元,beginning,4,二|儿,二|儿,,v,,pass4: harvested L04 HTML (二|儿)
頁,page,4,百|ㇵ,百|ㇵ,,v,,pass2a: — -> v; pass4: harvested L04 HTML (百|ㇵ)
頑,stubborn,4,元|頁,元|頁,,h,,pass4: harvested L04 HTML (元|頁)
凡,mediocre,4,几|丶,几|丶,,ei,,pass2a: e -> ei; pass4: harvested L04 HTML (几|丶)
負,defeat,4,𠂊|貝,𠂊|貝,,v,,pass4: harvested L04 HTML (𠂊|貝)
万,ten_thousand,4,万,万,,a,,pass2a: v -> a; pass4: harvested L04 HTML (万)
句,phrase,4,勹|口,勹|口,,ei,,pass2a: e -> ei; pass4: harvested L04 HTML (勹|口)
肌,texture,4,月|几,月|几,,h,,pass4: harvested L04 HTML (月|几)
旬,ten_days,4,勹|日,勹|日,,ei,,pass2a: e -> ei; pass4: harvested L04 HTML (勹|日)
勺,ladle,4,勹|丶,勹|丶,,ei,,pass2a: e -> ei; pass4: harvested L04 HTML (勹|丶)
的,bulls_eye,4,白|勺,白|勺,,h,,pass4: harvested L04 HTML (白|勺)
首,neck,4,丷|一|自,丷|一|自,,v,,pass4: harvested L04 HTML (丷|一|自)
乙,fish_guts,4,乙,乙,,a,,pass2a: — -> a; pass4: harvested L04 HTML (乙)
乱,riot,4,舌|乚,舌|乚,,h,,pass4: harvested L04 HTML (舌|乚)
直,straightaway,4,十|目,十|目,,v,,pass4: harvested L04 HTML (十|目)
具,tool,4,目|一|ㇵ,目|一|ㇵ,,v,,pass4: harvested L04 HTML (目|一|ㇵ)
真,true,4,十|具,十|具,,v,,pass4: harvested L04 HTML (十|具)
工,craft,5,工,工,,a,,pass2a: — -> a; pass4: harvested L05 HTML (工)
左,left,5,𠂇|エ,𠂇|エ,,h,,pass2a: e -> h; pass4: harvested L05 HTML (𠂇|エ)
右,right,5,𠂇|口,𠂇|口,,h,,pass2a: e -> h; pass4: harvested L05 HTML (𠂇|口)
有,possess,5,𠂇|月,𠂇|月,,h,,pass2a: e -> h; pass4: harvested L05 HTML (𠂇|月)
賄,bribe,5,貝|有,貝|有,,h,,pass4: harvested L05 HTML (貝|有)
貢,tribute,5,エ|貝,エ|貝,,v,,pass4: harvested L05 HTML (エ|貝)
項,paragraph,5,エ|頁,エ|頁,,h,,pass4: harvested L05 HTML (エ|頁)
刀,sword,5,刀,刀,,a,,pass2a: e -> a; pass4: harvested L05 HTML (刀)
刃,blade,5,丶|刀,丶|刀,,h,,pass2a: e -> h; pass4: harvested L05 HTML (丶|刀)
切,cut,5,七|刀,七|刀,,h,,pass4: harvested L05 HTML (七|刀)
召,seduce,5,刀|口,刀|口,,v,,pass4: harvested L05 HTML (刀|口)
昭,shining,5,日|召,日|召,,h,,pass4: harvested L05 HTML (日|召)
則,rule,5,貝|刂,貝|刂,,h,,pass4: harvested L05 HTML (貝|刂)
副,vice,5,畐|刂,畐|刂,,h,,pass4: harvested L05 HTML (畐|刂)
別,separate,5,口|刀|刂,口|刀|刂,,h,,html suggests 2b; pass4: harvested L05 HTML (口|刀|刂)
丁,street,5,丁,丁,,a,,pass2a: v -> a; pass4: harvested L05 HTML (丁)
町,town,5,田|丁,田|丁,,h,,pass4: harvested L05 HTML (田|丁)
可,possible,5,口|丁,口|丁,,h,,pass2a: e -> h; pass4: harvested L05 HTML (口|丁)
頂,top,5,丁|頁,丁|頁,,h,,pass4: harvested L05 HTML (丁|頁)
子,child,153,子,子,,a,,layout_type unknown in source; pass4: harvested L05 HTML (子); pass4: layout — -> a
孔,cavity,6,子|乚,子|乚,,h,,pass4: harvested L06 HTML (子|乚)
了,finish,6,了,了,,a,,pass2a: v -> a; pass4: harvested L06 HTML (了)
女,woman,6,女,女,,a,,pass2a: — -> a; pass4: harvested L06 HTML (女)
好,fond_of,6,女|子,女|子,,h,,pass4: harvested L06 HTML (女|子)
如,likeness,6,女|口,女|口,,h,,pass4: harvested L06 HTML (女|口)
母,mother,6,母,母,,a,,pass2a: — -> a; pass4: harvested L06 HTML (母)
貫,pierce,6,母|貝,母|貝,,v,,pass4: harvested L06 HTML (母|貝)
兄,older_brother,6,口|儿,口|儿,,v,,pass4: harvested L06 HTML (口|儿)
呪,curse,6,口|兄,口|兄,,h,,pass4: harvested L06 HTML (口|兄)
克,overcome,6,十|兄,十|兄,,v,,pass4: harvested L06 HTML (十|兄)
小,small,6,小,小,,a,,pass2a: — -> a; pass4: harvested L06 HTML (小)
少,few,6,小|ノ,小|ノ,,v,,pass4: harvested L06 HTML (小|ノ)
大,large,6,大,大,,a,,pass2a: — -> a; pass4: harvested L06 HTML (大)
多,many,6,夕|夕,夕|夕,,v,,pass4: harvested L06 HTML (夕|夕)
夕,evening,6,夕,夕,,a,,pass2a: e -> a; pass4: harvested L06 HTML (夕)
汐,eventide,6,氵|夕,氵|夕,,h,,pass4: harvested L06 HTML (氵|夕)
外,outside,6,夕|卜,夕|卜,,h,,pass4: harvested L06 HTML (夕|卜)
名,name,6,夕|口,夕|口,,v,,pass4: harvested L06 HTML (夕|口)
石,stone,6,厂|口,厂|口,,v,,pass2a: e -> v; pass4: harvested L06 HTML (厂|口)
肖,resemblance,6,⺌|月,⺌|月,,v,,pass4: harvested L06 HTML (⺌|月)
硝,nitrate,7,石|肖,石|肖,,h,,pass4: harvested L07 HTML (石|肖)
砕,smash,7,石|九|十,石|九|十,,2r,,pass2a: h -> 2r; pass4: harvested L07 HTML (石|九|十)
砂,sand,7,石|少,石|少,,h,,pass4: harvested L07 HTML (石|少)
妬,jealousy,7,女|石,女|石,,h,,pass4: harvested L07 HTML (女|石)
削,plane,7,肖|刂,肖|刂,,h,,pass4: harvested L07 HTML (肖|刂)
光,ray,7,⺌|一|儿,⺌|一|儿,,v,,pass4: harvested L07 HTML (⺌|一|儿)
太,plump,7,大|丶,大|丶,,v,,pass2a: e -> v; pass4: harvested L07 HTML (大|丶)
器,utensil,7,口|大,口|大,,v,,pass4: harvested L07 HTML (口|大)
臭,stinking,7,自|大,自|大,,v,,pass4: harvested L07 HTML (自|大)
嗅,sniff,7,口|臭,口|臭,,h,,pass4: harvested L07 HTML (口|臭)
妙,exquisite,7,女|少,女|少,,h,,pass4: harvested L07 HTML (女|少)
省,government_ministry,7,少|目,少|目,,v,,pass4: harvested L07 HTML (少|目)
厚,thick,7,厂|日|子,厂|日|子,,v,,pass2a: e -> v; pass4: harvested L07 HTML (厂|日|子)
奇,strange,7,大|可,大|可,,v,,pass4: harvested L07 HTML (大|可)
川,river,7,川,川,,a,,pass2a: — -> a; pass4: harvested L07 HTML (川)
州,state,7,川|丶,川|丶,,h,,pass2a: — -> h; pass4: harvested L07 HTML (川|丶)
順,follow,7,川|頁,川|頁,,h,,pass4: harvested L07 HTML (川|頁)
水,water,7,水,水,,a,,pass2a: h -> a; pass4: harvested L07 HTML (水)
氷,ice,7,丶|水,丶|水,,v,,pass2a: — -> v; pass4: harvested L07 HTML (丶|水)
永,eternity,7,丶|氷,丶|氷,,v,,pass2a: — -> v; pass4: harvested L07 HTML (丶|氷)
泉,spring,8,白|水,白|水,,v,,pass4: harvested L08 HTML (白|水)
腺,gland,8,月|泉,月|泉,,h,,pass4: harvested L08 HTML (月|泉)
原,meadow,8,厂|泉,厂|泉,,ei,,pass2a: e -> ei; pass4: harvested L08 HTML (厂|泉)
願,petition,8,原|頁,原|頁,,h,,pass4: harvested L08 HTML (原|頁)
泳,swim,8,氵|永,氵|永,,h,,pass4: harvested L08 HTML (氵|永)
沼,marsh,8,氵|召,氵|召,,h,,pass4: harvested L08 HTML (氵|召)
沖,open_sea,8,氵|中,氵|中,,h,,pass4: harvested L08 HTML (氵|中)
汎,general,8,氵|凡,氵|凡,,h,,pass4: harvested L08 HTML (氵|凡)
江,creek,8,氵|エ,氵|エ,,h,,pass4: harvested L08 HTML (氵|エ)
汰,cleanse,8,氵|太,氵|太,,h,,pass4: harvested L08 HTML (氵|太)
汁,soup,8,氵|十,氵|十,,h,,pass4: harvested L08 HTML (氵|十)
沙,grains_of_sand,8,氵|少,氵|少,,h,,pass4: harvested L08 HTML (氵|少)
潮,tide,8,氵|朝,氵|朝,,h,,pass4: harvested L08 HTML (氵|朝)
源,source,8,氵|原,氵|原,,h,,pass4: harvested L08 HTML (氵|原)
活,lively,8,氵|舌,氵|舌,,h,,pass4: harvested L08 HTML (氵|舌)
消,extinguish,8,氵|肖,氵|肖,,h,,pass4: harvested L08 HTML (氵|肖)
況,condition,8,氵|兄,氵|兄,,h,,pass4: harvested L08 HTML (氵|兄)
河,large_river,8,氵|可,氵|可,,h,,pass4: harvested L08 HTML (氵|可)
泊,overnight,8,氵|白,氵|白,,h,,pass4: harvested L08 HTML (氵|白)
湖,lake,8,氵|胡,氵|胡,,h,,pass4: harvested L08 HTML (氵|胡)
測,fathom,9,氵|則,氵|則,,h,,pass4: harvested L09 HTML (氵|則)
土,soil,9,土,土,,a,,pass2a: v -> a; pass4: harvested L09 HTML (土)
吐,spit,9,口|土,口|土,,h,,pass4: harvested L09 HTML (口|土)
圧,pressure,9,厂|土,厂|土,,ei,,pass2a: e -> ei; pass4: harvested L09 HTML (厂|土)
埼,cape,9,土|奇,土|奇,,h,,pass4: harvested L09 HTML (土|奇)
垣,hedge,9,土|亘,土|亘,,h,,pass4: harvested L09 HTML (土|亘)
填,inlay,9,土|真,土|真,,h,,pass4: harvested L09 HTML (土|真)
圭,jade,9,土|土,土|土,,v,,pass4: harvested L09 HTML (土|土)
封,seal,9,圭|寸,圭|寸,,h,,pass4: harvested L09 HTML (圭|寸)
涯,horizon,9,,,,h,,render_override=manual; pass4: non-template (nested_component_layout)
寺,temple,9,土|寸,土|寸,,v,,pass4: harvested L09 HTML (土|寸)
時,time,9,日|寺,日|寺,,h,,pass4: harvested L09 HTML (日|寺)
均,level,9,土|匀,土|匀,,h,,pass4: harvested L09 HTML (土|匀)
火,fire,9,火,火,,a,,pass2a: v -> a; pass4: harvested L09 HTML (火)
炎,inflammation,9,火|火,火|火,,v,,pass4: harvested L09 HTML (火|火)
煩,anxiety,9,火|頁,火|頁,,h,,pass4: harvested L09 HTML (火|頁)
淡,faint,9,氵|炎,氵|炎,,h,,pass4: harvested L09 HTML (氵|炎)
灯,lamp,9,火|丁,火|丁,,h,,pass4: harvested L09 HTML (火|丁)
畑,farm,9,火|田,火|田,,h,,pass4: harvested L09 HTML (火|田)
災,disaster,9,巛|火,巛|火,,v,,pass4: harvested L09 HTML (巛|火)
灰,ashes,10,厂|火,厂|火,,ei,,pass2a: e -> ei; pass4: harvested L10 HTML (厂|火)
点,point,10,占|灬,占|灬,,v,,pass4: harvested L10 HTML (占|灬)
照,illuminate,10,昭|灬,昭|灬,,v,,pass4: harvested L10 HTML (昭|灬)
魚,fish,10,𠂊|田｜|灬,𠂊|田｜|灬,,v,,pass4: harvested L10 HTML (𠂊|田｜|灬)
漁,fishing,10,氵|魚,氵|魚,,h,,pass4: harvested L10 HTML (氵|魚)
里,home_village,10,田|土,田|土,,v,,pass4: harvested L10 HTML (田|土)
黒,black,10,里|灬,里|灬,,v,,pass4: harvested L10 HTML (里|灬)
墨,black_ink,10,黒|土,黒|土,,v,,pass4: harvested L10 HTML (黒|土)
鯉,carp,10,魚,魚,,h,,pass4: harvested L10 HTML (魚)
量,quantity,10,旦|里,旦|里,,v,,pass4: harvested L10 HTML (旦|里)
厘,thousandth,10,厂|里,厂|里,,ei,,pass2a: e -> ei; pass4: harvested L10 HTML (厂|里)
埋,bury,10,土|里,土|里,,h,,pass4: harvested L10 HTML (土|里)
同,same,10,冂|口,冂|口,,e,,pass4: harvested L10 HTML (冂|口)
洞,den,10,氵|同,氵|同,,h,,pass4: harvested L10 HTML (氵|同)
胴,trunk,10,月|同,月|同,,h,,pass4: harvested L10 HTML (月|同)
向,yonder,10,向,向,,a,,pass2a: e -> a; pass4: harvested L10 HTML (向)
尚,esteem,10,尚,尚,,a,,pass2a: v -> a; pass4: harvested L10 HTML (尚)
字,letter,10,宀|子,宀|子,,v,,pass4: harvested L10 HTML (宀|子)
守,guard,10,宀|寸,宀|寸,,v,,pass4: harvested L10 HTML (宀|寸)
完,complete,10,宀|元,宀|元,,v,,pass4: harvested L10 HTML (宀|元)
宣,proclaim,11,宀|亘,宀|亘,,v,,pass4: harvested L11 HTML (宀|亘)
宵,early_morning,11,宀|肖,宀|肖,,v,,pass4: harvested L11 HTML (宀|肖)
安,relax,11,宀|女,宀|女,,v,,pass4: harvested L11 HTML (宀|女)
宴,banquet,11,宀|日|女,宀|日|女,,v,,pass4: harvested L11 HTML (宀|日|女)
寄,draw_near,11,宀|奇,宀|奇,,v,,pass4: harvested L11 HTML (宀|奇)
富,wealth,11,宀|畐,宀|畐,,v,,pass4: harvested L11 HTML (宀|畐)
貯,savings,11,月|宀|丁,月|宀|丁,,2r,,pass2a: h -> 2r; pass4: harvested L11 HTML (月|宀|丁)
木,tree,11,木,木,,a,,pass2a: — -> a; pass4: harvested L11 HTML (木)
林,woods,11,木|木,木|木,,h,,pass4: harvested L11 HTML (木|木)
森,forest,11,木|木|木,木|木|木,,2t,,pass2a: v -> 2t; pass4: harvested L11 HTML (木|木|木)
桂,judas_tree,11,木|圭,木|圭,,h,,pass4: harvested L11 HTML (木|圭)
柏,oak,11,木|白,木|白,,h,,pass4: harvested L11 HTML (木|白)
枠,frame,11,木|九|十,木|九|十,,2r,,pass2a: h -> 2r; pass4: harvested L11 HTML (木|九|十)
梢,treetops,11,木|肖,木|肖,,h,,pass4: harvested L11 HTML (木|肖)
棚,shelf,11,木|朋,木|朋,,h,,pass4: harvested L11 HTML (木|朋)
杏,apricot,11,木|口,木|口,,v,,pass4: harvested L11 HTML (木|口)
桐,paulownia_tree,11,木|同,木|同,,h,,pass4: harvested L11 HTML (木|同)
植,plant,11,木|直,木|直,,h,,pass4: harvested L11 HTML (木|直)
椅,chair,11,木|奇,木|奇,,h,,pass4: harvested L11 HTML (木|奇)
枯,wither,11,木|古,木|古,,h,,pass4: harvested L11 HTML (木|古)
朴,crude,12,木|卜,木|卜,,h,,pass4: harvested L12 HTML (木|卜)
村,village,12,木|寸,木|寸,,h,,pass4: harvested L12 HTML (木|寸)
相,mutual,12,木|目,木|目,,h,,pass4: harvested L12 HTML (木|目)
机,desk,12,木|几,木|几,,h,,pass4: harvested L12 HTML (木|几)
本,book,12,本,本,,a,,pass2a: — -> a; pass4: harvested L12 HTML (本)
札,tag,12,木|乚,木|乚,,h,,pass4: harvested L12 HTML (木|乚)
暦,calendar,12,厂|木|木|日,厂|木|木|日,,h,,pass2a: e -> h; pass4: harvested L12 HTML (厂|木|木|日)
案,plan,12,宀|女|木,宀|女|木,,v,,pass4: harvested L12 HTML (宀|女|木)
燥,parch,12,火|品|木,火|品|木,,2r,,pass2a: h -> 2r; pass4: harvested L12 HTML (火|品|木)
未,not_yet,153,未,未,,a,,layout_type unknown in source; pass4: harvested L12 HTML (未); pass4: layout — -> a
末,extremity,12,末,末,,a,,pass2a: — -> a; pass4: harvested L12 HTML (末)
昧,obscure,12,日|未,日|未,,h,,pass4: harvested L12 HTML (日|未)
沫,splash,12,氵|末,氵|末,,h,,pass4: harvested L12 HTML (氵|末)
味,flavor,12,口|未,口|未,,h,,pass4: harvested L12 HTML (口|未)
妹,younger_sister,12,女|未,女|未,,h,,pass4: harvested L12 HTML (女|未)
朱,vermilion,12,´|未,´|未,,h,,pass2a: — -> h; pass4: harvested L12 HTML (´|未)
株,stocks,12,木|朱,木|朱,,h,,pass4: harvested L12 HTML (木|朱)
若,young,12,艹|右,艹|右,,v,,pass4: harvested L12 HTML (艹|右)
草,grass,12,艹|早,艹|早,,v,,pass4: harvested L12 HTML (艹|早)
苦,suffering,12,艹|古,艹|古,,v,,pass4: harvested L12 HTML (艹|古)
苛,bullying,13,艹|可,艹|可,,v,,pass4: harvested L13 HTML (艹|可)
寛,tolerant,13,宀|艹|見,宀|艹|見,,v,,pass4: harvested L13 HTML (宀|艹|見)
薄,dilute,13,氵|艹|丶|専,氵|艹|丶|専,,2r,,pass2a: v -> 2r; pass4: harvested L13 HTML (氵|艹|丶|専)
葉,leaf,13,艹|世|木,艹|世|木,,v,,pass4: harvested L13 HTML (艹|世|木)
模,imitation,13,木|艹|日|大,木|艹|日|大,,2r,,pass2a: h -> 2r; pass4: harvested L13 HTML (木|艹|日|大)
漠,vague,13,氵|艹|日|大,氵|艹|日|大,,2r,,pass2a: h -> 2r; pass4: harvested L13 HTML (氵|艹|日|大)
墓,grave,13,艹|日|大|土,艹|日|大|土,,v,,pass4: harvested L13 HTML (艹|日|大|土)
暮,livelihood,13,艹|日|大|日,艹|日|大|日,,v,,pass4: harvested L13 HTML (艹|日|大|日)
膜,membrane,13,月|艹|日|大,月|艹|日|大,,2r,,pass2a: h -> 2r; pass4: harvested L13 HTML (月|艹|日|大)
苗,seedling,13,艹|田,艹|田,,v,,pass4: harvested L13 HTML (艹|田)
兆,portent,13,兆,兆,,a,,pass2a: — -> a; pass4: harvested L13 HTML (兆)
桃,peach_tree,13,木|兆,木|兆,,h,,pass4: harvested L13 HTML (木|兆)
眺,stare,13,目|兆,目|兆,,h,,pass4: harvested L13 HTML (目|兆)
犬,dog,13,大|丶,大|丶,,h,,pass2a: — -> h; pass4: harvested L13 HTML (大|丶)
状,status_quo,13,丬|犬,丬|犬,,h,,pass4: harvested L13 HTML (丬|犬)
黙,silence,13,里|犬|灬,里|犬|灬,,2t,,pass2a: v -> 2t; pass4: harvested L13 HTML (里|犬|灬)
然,sort_of_thing,13,夕|犬|灬,夕|犬|灬,,2t,,pass2a: v -> 2t; pass4: harvested L13 HTML (夕|犬|灬)
荻,reed,13,艹|犭|火,艹|犭|火,,2t,,pass2a: v -> 2t; pass4: harvested L13 HTML (艹|犭|火)
狩,hunt,13,犭|守,犭|守,,h,,pass4: harvested L13 HTML (犭|守)
猫,cat,13,犭|苗,犭|苗,,h,,pass4: harvested L13 HTML (犭|苗)
牛,cow,14,牛,牛,,a,,pass2a: — -> a; pass4: harvested L14 HTML (牛)
特,special,14,牛|寺,牛|寺,,h,,pass4: harvested L14 HTML (牛|寺)
告,revelation,14,牛|口,牛|口,,v,,pass4: harvested L14 HTML (牛|口)
先,previous,14,牛|儿,牛|儿,,v,,pass4: harvested L14 HTML (牛|儿)
洗,wash,14,氵|先,氵|先,,h,,pass4: harvested L14 HTML (氵|先)
介,jammed_in,14,介,介,,a,,pass2a: v -> a; pass4: harvested L14 HTML (介)
界,world,14,田|介,田|介,,v,,pass4: harvested L14 HTML (田|介)
茶,tea,14,艹|人|木,艹|人|木,,v,,pass4: harvested L14 HTML (艹|人|木)
脊,stature,14,ニ|人|月,ニ|人|月,,v,,pass4: harvested L14 HTML (ニ|人|月)
合,fit,14,人|一|口,人|一|口,,v,,pass4: harvested L14 HTML (人|一|口)
塔,pagoda,14,土|艹|合,土|艹|合,,2r,,pass2a: h -> 2r; pass4: harvested L14 HTML (土|艹|合)
王,king,14,王,王,,a,,pass2a: v -> a; pass4: harvested L14 HTML (王)
玉,ball,14,王|丶,王|丶,,v,,pass2a: e -> v; pass4: harvested L14 HTML (王|丶)
宝,treasure,14,宀|玉,宀|玉,,v,,pass4: harvested L14 HTML (宀|玉)
珠,pearl,14,王|朱,王|朱,,h,,pass4: harvested L14 HTML (王|朱)
現,present,14,王|見,王|見,,h,,pass4: harvested L14 HTML (王|見)
玩,toy_with,14,王|元,王|元,,h,,pass4: harvested L14 HTML (王|元)
狂,lunatic,14,犭|王,犭|王,,h,,pass4: harvested L14 HTML (犭|王)
旺,flourishing,14,日|王,日|王,,h,,pass4: harvested L14 HTML (日|王)
皇,emperor,14,白|王,白|王,,v,,pass4: harvested L14 HTML (白|王)
呈,display,15,口|王,口|王,,v,,pass4: harvested L15 HTML (口|王)
全,whole,15,人|王,人|王,,v,,pass4: harvested L15 HTML (人|王)
栓,plug,15,木|全,木|全,,h,,pass4: harvested L15 HTML (木|全)
理,logic,15,王|里,王|里,,h,,pass4: harvested L15 HTML (王|里)
主,master,15,丶|王,丶|王,,v,,pass4: harvested L15 HTML (丶|王)
注,pour,15,氵|主,氵|主,,h,,pass4: harvested L15 HTML (氵|主)
柱,pillar,15,木|主,木|主,,h,,pass4: harvested L15 HTML (木|主)
金,gold,15,金,金,,a,,pass2a: v -> a; pass4: harvested L15 HTML (金)
銑,pig_iron,15,金|先,金|先,,h,,pass4: harvested L15 HTML (金|先)
鉢,bowl,15,金|本,金|本,,h,,pass4: harvested L15 HTML (金|本)
銅,copper,15,金|同,金|同,,h,,pass4: harvested L15 HTML (金|同)
釣,angling,15,金|勺,金|勺,,h,,pass4: harvested L15 HTML (金|勺)
針,needle,15,金|十,金|十,,h,,pass4: harvested L15 HTML (金|十)
銘,inscription,15,金|名,金|名,,h,,pass4: harvested L15 HTML (金|名)
鎮,tranquilize,15,金|真,金|真,,h,,pass4: harvested L15 HTML (金|真)
道,road,15,辶|首,辶|首,,ei,,pass2a: e -> ei; pass4: harvested L15 HTML (辶|首)
導,guidance,15,道|寸,道|寸,,v,,pass4: harvested L15 HTML (道|寸)
辻,crossing,15,辶|十,辶|十,,ei,,pass2a: e -> ei; pass4: harvested L15 HTML (辶|十)
迅,swift,15,辶|卂,辶|卂,,ei,,pass2a: e -> ei; pass4: harvested L15 HTML (辶|卂)
造,create,15,辶|告,辶|告,,ei,,pass2a: e -> ei; pass4: harvested L15 HTML (辶|告)
迫,urge,16,辶|白,辶|白,,ei,,pass2a: e -> ei; pass4: harvested L16 HTML (辶|白)
逃,escape,16,辶|兆,辶|兆,,ei,,pass2a: e -> ei; pass4: harvested L16 HTML (辶|兆)
辺,environs,16,辶|刀,辶|刀,,ei,,pass2a: e -> ei; pass4: harvested L16 HTML (辶|刀)
巡,patrol,16,辶|巛,辶|巛,,ei,,pass2a: e -> ei; pass4: harvested L16 HTML (辶|巛)
車,car,16,車,車,,a,,pass2a: — -> a; pass4: harvested L16 HTML (車)
連,take_along,16,辶|車,辶|車,,ei,,pass2a: e -> ei; pass4: harvested L16 HTML (辶|車)
軌,rut,16,車|九,車|九,,h,,pass4: harvested L16 HTML (車|九)
輸,transport,16,車|俞,車|俞,,h,,pass4: harvested L16 HTML (車|俞)
喩,metaphor,16,口|兪,口|兪,,h,,pass4: harvested L16 HTML (口|兪)
前,in_front,16,丷|月|刂,丷|月|刂,,2t,,pass2a: v -> 2t; pass4: harvested L16 HTML (丷|月|刂)
煎,roast,16,前|灬,前|灬,,v,,pass4: harvested L16 HTML (前|灬)
各,each,16,夂|口,夂|口,,v,,pass4: harvested L16 HTML (夂|口)
格,status,16,木|各,木|各,,h,,pass4: harvested L16 HTML (木|各)
賂,graft,16,貝|各,貝|各,,h,,pass4: harvested L16 HTML (貝|各)
略,abbreviation,16,田|各,田|各,,h,,pass4: harvested L16 HTML (田|各)
客,guest,16,宀|各,宀|各,,v,,pass4: harvested L16 HTML (宀|各)
額,amount,16,客|夂,客|夂,,h,,pass4: harvested L16 HTML (客|夂)
夏,summer,16,頁|夂,頁|夂,,v,,pass4: harvested L16 HTML (頁|夂)
処,dispose,16,夂|几,夂|几,,h,,pass2a: e -> h; pass4: harvested L16 HTML (夂|几)
条,clause,16,夂|木,夂|木,,v,,pass4: harvested L16 HTML (夂|木)
落,fall,17,艹|氵|各,艹|氵|各,,2t,,pass2a: v -> 2t; pass4: harvested L17 HTML (艹|氵|各)
冗,superfluous,17,冖|几,冖|几,,v,,pass4: harvested L17 HTML (冖|几)
冥,hades,17,冖|日|六,冖|日|六,,v,,pass4: harvested L17 HTML (冖|日|六)
軍,army,17,冖|車,冖|車,,v,,pass4: harvested L17 HTML (冖|車)
輝,radiance,17,光|軍,光|軍,,h,,pass4: harvested L17 HTML (光|軍)
運,carry,17,辶|軍,辶|軍,,ei,,pass2a: e -> ei; pass4: harvested L17 HTML (辶|軍)
冠,crown,17,冖|元|寸,冖|元|寸,,2t,,pass2a: v -> 2t; pass4: harvested L17 HTML (冖|元|寸)
夢,dream,17,艹|罒|冖|夕,艹|罒|冖|夕,,v,,pass4: harvested L17 HTML (艹|罒|冖|夕)
坑,pit,17,土|⼇|几,土|⼇|几,,2r,,pass2a: h -> 2r; pass4: harvested L17 HTML (土|⼇|几)
高,tall,17,,,,v,,render_override=manual; pass4: non-template (nested_component_layout)
享,receive,17,⼇|口|子,⼇|口|子,,v,,pass4: harvested L17 HTML (⼇|口|子)
塾,cram_school,17,享|丸|土,享|丸|土,,2t,,pass2a: v -> 2t; pass4: harvested L17 HTML (享|丸|土)
熟,ripe,17,享|丸|灬,享|丸|灬,,2t,,pass2a: v -> 2t; pass4: harvested L17 HTML (享|丸|灬)
亭,pavilion,17,⼇|口|冖|丁,⼇|口|冖|丁,,v,,pass4: harvested L17 HTML (⼇|口|冖|丁)
京,capital,17,⼇|口|小,⼇|口|小,,v,,pass4: harvested L17 HTML (⼇|口|小)
涼,refreshing,17,氵|京,氵|京,,h,,pass4: harvested L17 HTML (氵|京)
景,scenery,17,日|京,日|京,,v,,pass4: harvested L17 HTML (日|京)
鯨,whale,17,魚|京,魚|京,,h,,pass4: harvested L17 HTML (魚|京)
舎,cottage,17,人|土|口,人|土|口,,v,,pass4: harvested L17 HTML (人|土|口)
周,circumference,17,冂|吉,冂|吉,,ei,,pass2a: e -> ei; pass4: harvested L17 HTML (冂|吉)
週,week,18,辶|周,辶|周,,ei,,pass2a: e -> ei; pass4: harvested L18 HTML (辶|周)
士,gentleman,18,士,士,,a,,pass2a: v -> a; pass4: harvested L18 HTML (士)
吉,good_luck,18,士|口,士|口,,v,,pass4: harvested L18 HTML (士|口)
壮,robust,18,丬|士,丬|士,,h,,pass4: harvested L18 HTML (丬|士)
荘,villa,18,艹|壮,艹|壮,,v,,pass4: harvested L18 HTML (艹|壮)
売,sell,18,士|冗,士|冗,,v,,pass4: harvested L18 HTML (士|冗)
学,study,18,子,子,,v,,pass4: harvested L18 HTML (子)
覚,memorize,18,見,見,,v,,pass4: harvested L18 HTML (見)
栄,flourish,18,木,木,,v,,pass4: harvested L18 HTML (木)
書,write,18,聿|日,聿|日,,v,,pass4: harvested L18 HTML (聿|日)
津,haven,18,氵|聿,氵|聿,,h,,pass4: harvested L18 HTML (氵|聿)
牧,breed,18,牛|夂,牛|夂,,h,,pass4: harvested L18 HTML (牛|夂)
攻,aggression,18,エ|夂,エ|夂,,h,,pass4: harvested L18 HTML (エ|夂)
敗,failure,18,貝|夂,貝|夂,,h,,pass4: harvested L18 HTML (貝|夂)
枚,sheet_of,18,木|夂,木|夂,,h,,pass4: harvested L18 HTML (木|夂)
故,happenstance,18,古|夂,古|夂,,h,,pass4: harvested L18 HTML (古|夂)
敬,awe,18,艹|句|夂,艹|句|夂,,h,,html suggests 2b; pass4: harvested L18 HTML (艹|句|夂)
言,say,18,言,言,,a,,pass2a: — -> a; pass4: harvested L18 HTML (言)
警,admonish,18,苟|夂|言,苟|夂|言,,2t,,pass2a: v -> 2t; pass4: harvested L18 HTML (苟|夂|言)
計,plot,18,言|十,言|十,,h,,pass4: harvested L18 HTML (言|十)
詮,elucidate,19,言|全,言|全,,h,,pass4: harvested L19 HTML (言|全)
獄,prison,19,犭|言|犬,犭|言|犬,,h,,pass4: harvested L19 HTML (犭|言|犬)
訂,revise,19,言|丁,言|丁,,h,,pass4: harvested L19 HTML (言|丁)
訃,obituary,19,言|卜,言|卜,,h,,pass4: harvested L19 HTML (言|卜)
討,chastise,19,言|寸,言|寸,,h,,pass4: harvested L19 HTML (言|寸)
訓,instruction,19,言|川,言|川,,h,,pass4: harvested L19 HTML (言|川)
詔,imperial_edict,19,言|召,言|召,,h,,pass4: harvested L19 HTML (言|召)
詰,packed,19,言|吉,言|吉,,h,,pass4: harvested L19 HTML (言|吉)
話,talk,19,言|舌,言|舌,,h,,pass4: harvested L19 HTML (言|舌)
詠,recitation,19,言|永,言|永,,h,,pass4: harvested L19 HTML (言|永)
詩,poem,19,言|寺,言|寺,,h,,pass4: harvested L19 HTML (言|寺)
語,language,19,言|吾,言|吾,,h,,pass4: harvested L19 HTML (言|吾)
読,read,19,言|売,言|売,,h,,pass4: harvested L19 HTML (言|売)
調,tune,19,言|周,言|周,,h,,pass4: harvested L19 HTML (言|周)
談,discuss,19,言|炎,言|炎,,h,,pass4: harvested L19 HTML (言|炎)
諾,consent,19,言|若,言|若,,h,,pass4: harvested L19 HTML (言|若)
諭,rebuke,19,言|俞,言|俞,,h,,pass4: harvested L19 HTML (言|俞)
式,style,19,エ|戈,エ|戈,,h,,pass2a: e -> h; pass4: harvested L19 HTML (エ|戈)
試,test,19,言|式,言|式,,h,,pass4: harvested L19 HTML (言|式)
弐,formal_two,19,ニ|式,ニ|式,,h,,pass2a: — -> h; pass4: harvested L19 HTML (ニ|式)
域,range,20,土|口|戈,土|口|戈,,h,,pass4: harvested L20 HTML (土|口|戈)
賊,burglar,20,貝|十|戈,貝|十|戈,,h,,pass4: harvested L20 HTML (貝|十|戈)
栽,plantation,20,土|木|戈,土|木|戈,,h,,pass2a: e -> h; pass4: harvested L20 HTML (土|木|戈)
載,load,20,土|車|戈,土|車|戈,,h,,pass2a: e -> h; pass4: harvested L20 HTML (土|車|戈)
茂,overgrown,20,艹|戈,艹|戈,,v,,pass4: harvested L20 HTML (艹|戈)
戚,relatives,20,赤|戈,赤|戈,,v,,pass2a: e -> v; pass4: harvested L20 HTML (赤|戈)
成,become,20,力|戈,力|戈,,v,,pass2a: e -> v; pass4: harvested L20 HTML (力|戈)
城,castle,20,土|成,土|成,,h,,pass4: harvested L20 HTML (土|成)
誠,sincerity,20,言|成,言|成,,h,,pass4: harvested L20 HTML (言|成)
威,intimidate,20,女|戈,女|戈,,h,,pass2a: e -> h; pass4: harvested L20 HTML (女|戈)
滅,destroy,20,氵|火|戈,氵|火|戈,,h,,pass4: harvested L20 HTML (氵|火|戈)
減,dwindle,20,氵|口|戈,氵|口|戈,,h,,pass4: harvested L20 HTML (氵|口|戈)
蔑,disdain,20,艹|罒|戈,艹|罒|戈,,v,,pass4: harvested L20 HTML (艹|罒|戈)
桟,scaffold,20,木|戔,木|戔,,h,,pass4: harvested L20 HTML (木|戔)
銭,coin,20,金|戔,金|戔,,h,,pass4: harvested L20 HTML (金|戔)
浅,shallow,20,氵|戔,氵|戔,,h,,pass4: harvested L20 HTML (氵|戔)
止,stop,20,止,止,,a,,pass2a: — -> a; pass4: harvested L20 HTML (止)
歩,walk,20,止|少,止|少,,v,,pass4: harvested L20 HTML (止|少)
渉,ford,20,氵|歩,氵|歩,,h,,pass4: harvested L20 HTML (氵|歩)
頻,repeatedly,20,歩|頁,歩|頁,,h,,pass4: harvested L20 HTML (歩|頁)
肯,agreement,21,止|月,止|月,,v,,pass4: harvested L21 HTML (止|月)
企,undertake,21,人|止,人|止,,v,,pass4: harvested L21 HTML (人|止)
歴,curriculum,21,厂|木|木|止,厂|木|木|止,,h,,pass2a: e -> h; pass4: harvested L21 HTML (厂|木|木|止)
武,warrior,21,一|止|戈,一|止|戈,,h,,pass2a: e -> h; pass4: harvested L21 HTML (一|止|戈)
賦,levy,21,月|武,月|武,,h,,pass4: harvested L21 HTML (月|武)
正,correct,21,正,正,,a,,pass2a: v -> a; pass4: harvested L21 HTML (正)
証,evidence,21,言|正,言|正,,h,,pass4: harvested L21 HTML (言|正)
政,politics,21,正|夂,正|夂,,h,,pass4: harvested L21 HTML (正|夂)
定,determine,21,宀|疋,宀|疋,,v,,pass4: harvested L21 HTML (宀|疋)
錠,lock,21,金|定,金|定,,h,,pass4: harvested L21 HTML (金|定)
走,run,21,土|疋,土|疋,,v,,pass4: harvested L21 HTML (土|疋)
超,transcend,21,走|召,走|召,,h,,pass2a: e -> h; pass4: harvested L21 HTML (走|召)
赴,proceed,21,走|卜,走|卜,,h,,pass2a: e -> h; pass4: harvested L21 HTML (走|卜)
越,surpass,21,走|戉,走|戉,,h,,pass2a: e -> h; pass4: harvested L21 HTML (走|戉)
是,just_so,21,日|疋,日|疋,,v,,pass4: harvested L21 HTML (日|疋)
題,topic,21,是|頁,是|頁,,h,,pass2a: e -> h; pass4: harvested L21 HTML (是|頁)
堤,dike,21,土|是,土|是,,h,,pass4: harvested L21 HTML (土|是)
建,build,21,廴|聿,廴|聿,,h,,pass2a: e -> h; pass4: harvested L21 HTML (廴|聿)
鍵,key,21,金|建,金|建,,h,,pass4: harvested L21 HTML (金|建)
延,prolong,21,廴|正,廴|正,,h,,pass2a: e -> h; pass4: harvested L21 HTML (廴|正)
誕,nativity,22,言|延,言|延,,h,,pass4: harvested L22 HTML (言|延)
礎,cornerstone,22,石|楚,石|楚,,h,,pass4: harvested L22 HTML (石|楚)
婿,bridegroom,22,女|疋|月,女|疋|月,,2r,,pass2a: h -> 2r; pass4: harvested L22 HTML (女|疋|月)
衣,garment,22,⼇|𧘇,⼇|𧘇,,v,,pass4: harvested L22 HTML (⼇|𧘇)
裁,judge,22,土|衣|戈,土|衣|戈,,2l,,pass2a: e -> 2l; pass4: harvested L22 HTML (土|衣|戈)
装,attire,22,壮|衣,壮|衣,,v,,pass4: harvested L22 HTML (壮|衣)
裏,reverse_side,22,⼇|里|衣,⼇|里|衣,,v,,pass4: harvested L22 HTML (⼇|里|衣)
壊,demolition,22,土|⼇|罒|衣,土|⼇|罒|衣,,2r,,pass2a: h -> 2r; pass4: harvested L22 HTML (土|⼇|罒|衣)
哀,pathetic,22,⼇|口|衣,⼇|口|衣,,v,,pass4: harvested L22 HTML (⼇|口|衣)
遠,far,22,廴|袁,廴|袁,,h,,pass2a: e -> h; pass4: harvested L22 HTML (廴|袁)
猿,monkey,22,犭|袁,犭|袁,,h,,pass4: harvested L22 HTML (犭|袁)
初,first_time,22,衤|刀,衤|刀,,h,,pass4: harvested L22 HTML (衤|刀)
巾,towel,22,巾,巾,,a,,pass2a: — -> a; pass4: harvested L22 HTML (巾)
布,linen,22,𠂇|巾,𠂇|巾,,h,,pass2a: e -> h; pass4: harvested L22 HTML (𠂇|巾)
帆,sail,22,巾|凡,巾|凡,,h,,pass4: harvested L22 HTML (巾|凡)
幅,breadth,22,巾|畐,巾|畐,,h,,pass4: harvested L22 HTML (巾|畐)
帽,cap,22,巾|冒,巾|冒,,h,,pass4: harvested L22 HTML (巾|冒)
幕,curtain,22,艹|日|衣,艹|日|衣,,v,,pass4: harvested L22 HTML (艹|日|衣)
幌,canopy,22,巾|日|光,巾|日|光,,2r,,pass2a: h -> 2r; pass4: harvested L22 HTML (巾|日|光)
錦,brocade,22,金|白|巾,金|白|巾,,2r,,pass2a: h -> 2r; pass4: harvested L22 HTML (金|白|巾)
市,market,23,,,,v,,
柿,persimmon,23,,,,h,,
姉,older_sister,23,,,,h,,
肺,lungs,23,,,,h,,
帯,sash,23,,,,v,,
滞,stagnate,23,,,,h,,
刺,thorn,23,,,,h,,
制,control,23,,,,h,,
製,made_in,23,,,,v,,
転,revolve,23,,,,h,,
芸,art,23,,,,v,,
雨,rain,23,,,,v,,
雲,cloud,23,,,,v,,
曇,cloudy_weather,23,,,,v,,
雷,thunder,23,,,,v,,
霜,frost,23,,,,v,,
冬,winter,23,,,,v,,
天,heaven,23,,,,v,,
妖,bewitched,23,,,,h,,
沃,fertile,23,,,,h,,
橋,bridge,24,,,,h,,
嬌,attractive,24,,,,h,,
立,stand_up,24,,,,v,,
泣,cry,24,,,,h,,
章,chapter,24,,,,v,,
競,compete,24,,,,h,,
帝,sovereign,24,,,,v,,
諦,renunciation,24,,,,h,,
童,juvenile,24,,,,v,,
瞳,pupil,24,,,,h,,
鐘,bell,24,,,,h,,
商,deal,24,,,,v,,
嫡,legitimate_wife,24,,,,h,,
適,suitable,24,,,,e,,
滴,drip,24,,,,h,,
敵,enemy,24,,,,h,,
匕,spoon,24,,,,e,,
叱,scold,24,,,,h,,
匂,scent,24,,,,e,,
頃,about_that_time,24,,,,h,,
北,north,25,,,,h,,
背,back,25,,,,v,,
比,compare,25,,,,,,layout_type unknown in source
昆,descendants,25,,,,v,,
皆,everyone,25,,,,v,,
楷,block_letters,25,,,,h,,
諧,orderliness,25,,,,h,,
混,mix,25,,,,h,,
渇,thirst,25,,,,h,,
謁,audience,25,,,,h,,
褐,brown,25,,,,h,,
喝,hoarse,25,,,,h,,
葛,kudzu,25,,,,v,,
旨,delicious,25,,,,v,,
脂,fat,25,,,,h,,
詣,visit_shrine,25,,,,h,,
壱,formal_one,25,,,,v,,
毎,every,25,,,,v,,
敏,cleverness,25,,,,h,,
梅,ume,25,,,,h,,
海,sea,26,,,,h,,
乞,beg,26,,,,v,,
乾,drought,26,,,,h,,
腹,abdomen,26,,,,h,,
複,duplicate,26,,,,h,,
欠,lack,26,,,,,,layout_type unknown in source
吹,blow,26,,,,h,,
炊,cook,26,,,,h,,
歌,song,26,,,,h,,
軟,soft,26,,,,h,,
次,next,26,,,,h,,
茨,briar,26,,,,v,,
資,assets,26,,,,v,,
姿,figure,26,,,,v,,
諮,consult_with,26,,,,h,,
賠,compensation,26,,,,h,,
培,cultivate,26,,,,h,,
剖,divide,26,,,,h,,
音,sound,26,,,,v,,
暗,darkness,26,,,,h,,
韻,rhyme,27,,,,h,,
識,discriminating,27,,,,h,,
鏡,mirror,27,,,,h,,
境,boundary,27,,,,h,,
亡,deceased,27,,,,v,,
盲,blind,27,,,,v,,
妄,delusion,27,,,,v,,
荒,laid_waste,27,,,,v,,
望,ambition,27,,,,v,,
方,direction,27,,,,v,,
妨,disturb,27,,,,h,,
坊,boy,27,,,,h,,
芳,perfume,27,,,,v,,
肪,obese,27,,,,h,,
訪,call_on,27,,,,h,,
放,release,27,,,,h,,
激,violent,27,,,,h,,
脱,undress,27,,,,h,,
説,theory,27,,,,h,,
鋭,pointed,27,,,,h,,
曽,formerly,28,,,,v,,
増,increase,28,,,,h,,
贈,presents,28,,,,h,,
東,east,28,,,,,,layout_type unknown in source
棟,ridgepole,28,,,,h,,
凍,frozen,28,,,,h,,
妊,pregnancy,28,,,,h,,
廷,courts,28,,,,e,,
染,dye,28,,,,v,,
燃,burn,28,,,,h,,
賓,vip,28,,,,v,,
歳,year_end,28,,,,v,,
県,prefecture,28,,,,v,,
栃,horse_chestnut,28,,,,h,,
地,ground,28,,,,h,,
池,pond,28,,,,h,,
虫,insect,28,,,,,,layout_type unknown in source
蛍,lightning_bug,28,,,,v,,
蛇,snake,28,,,,h,,
虹,rainbow,28,,,,h,,
蝶,butterfly,29,,,,h,,
独,alone,29,,,,h,,
蚕,silkworm,29,,,,v,,
風,wind,29,,,,e,,
己,self,29,,,,,,layout_type unknown in source
起,wake_up,29,,,,e,,
妃,queen,29,,,,h,,
改,reformation,29,,,,h,,
記,scribe,29,,,,h,,
包,wrap,29,,,,e,,
胞,placenta,29,,,,h,,
砲,cannon,29,,,,h,,
泡,bubbles,29,,,,h,,
亀,turtle,29,,,,v,,
電,electricity,29,,,,v,,
竜,dragon,29,,,,v,,
滝,waterfall,29,,,,h,,
豚,pork,29,,,,h,,
逐,pursue,29,,,,e,,
遂,consummate,29,,,,e,,
家,house,30,,,,v,,
嫁,marry_into,30,,,,h,,
豪,overpowering,30,,,,v,,
腸,intestines,30,,,,h,,
場,location,30,,,,h,,
湯,hot_water,30,,,,h,,
羊,sheep,30,,,,v,,
美,beauty,30,,,,v,,
洋,ocean,30,,,,h,,
詳,detailed,30,,,,h,,
鮮,fresh,30,,,,h,,
達,attain,30,,,,e,,
羨,envious,30,,,,v,,
差,distinction,30,,,,e,,
着,wear,30,,,,e,,
唯,solely,30,,,,h,,
堆,piled_high,30,,,,h,,
椎,sweet_oak,30,,,,h,,
誰,who,30,,,,h,,
焦,char,30,,,,v,,
礁,reef,31,,,,h,,
集,gather,31,,,,v,,
准,quasi,31,,,,h,,
進,advance,31,,,,e,,
雑,miscellaneous,31,,,,h,,
雌,female,31,,,,h,,
準,conform,31,,,,v,,
奮,stirred_up,31,,,,v,,
奪,rob,31,,,,v,,
確,assurance,31,,,,h,,
午,noon,153,,,,v,,
許,permit,31,,,,h,,
歓,delight,31,,,,h,,
権,rights,31,,,,h,,
観,observe,31,,,,h,,
羽,feathers,31,,,,h,,
習,learn,31,,,,v,,
翌,following_day,31,,,,v,,
曜,weekday,31,,,,h,,
濯,laundry,31,,,,h,,
曰,sayeth,32,,,,,,layout_type unknown in source
困,quandary,32,,,,e,,
固,hard,32,,,,e,,
錮,weld,32,,,,h,,
国,country,32,,,,e,,
団,group,32,,,,e,,
因,reason,32,,,,e,,
姻,matrimony,32,,,,h,,
咽,gullet,32,,,,h,,
園,garden,32,,,,e,,
回,occurrences,32,,,,e,,
壇,podium,32,,,,h,,
店,store,32,,,,e,,
庫,storage,32,,,,e,,
庭,courtyard,32,,,,e,,
庁,government_office,32,,,,e,,
床,bed,32,,,,e,,
麻,hemp,32,,,,e,,
磨,grind,32,,,,e,,
心,heart,32,,,,,,layout_type unknown in source
忘,forget,33,,,,v,,
恣,selfish,33,,,,v,,
忍,endure_silently,33,,,,v,,
認,acknowledge,33,,,,h,,
忌,mourning,33,,,,v,,
志,intention,33,,,,v,,
誌,document,33,,,,h,,
芯,core,33,,,,v,,
忠,loyalty,33,,,,v,,
串,skewer,33,,,,,,layout_type unknown in source
患,afflicted,33,,,,v,,
思,think,33,,,,v,,
恩,grace,33,,,,v,,
応,respond,33,,,,e,,
意,idea,33,,,,v,,
臆,cowardice,33,,,,h,,
想,concept,33,,,,v,,
息,breath,33,,,,v,,
憩,recess,33,,,,v,,
恵,favor,33,,,,v,,
恐,fear,34,,,,v,,
惑,beguile,34,,,,v,,
感,feeling,34,,,,v,,
憂,melancholy,34,,,,v,,
寡,widow,34,,,,v,,
忙,busy,34,,,,h,,
悦,ecstasy,34,,,,h,,
恒,constancy,34,,,,h,,
悼,lament,34,,,,h,,
悟,enlightenment,34,,,,h,,
怖,dreadful,34,,,,h,,
慌,disconcerted,34,,,,h,,
悔,repent,34,,,,h,,
憎,hate,34,,,,h,,
慣,accustomed,34,,,,h,,
愉,pleasure,34,,,,h,,
惰,lazy,34,,,,h,,
慎,humility,34,,,,h,,
憾,remorse,34,,,,h,,
憶,recollection,34,,,,h,,
惧,disquieting,35,,,,h,,
憧,desire,35,,,,h,,
憬,long_for,35,,,,h,,
慕,pining,35,,,,v,,
添,annexed,35,,,,h,,
必,invariably,35,,,,,,layout_type unknown in source
泌,ooze,35,,,,h,,
手,hand,35,,,,,,layout_type unknown in source
看,watch_over,35,,,,v,,
摩,chafe,35,,,,e,,
我,ego,35,,,,,,layout_type unknown in source
義,righteousness,35,,,,v,,
議,deliberation,35,,,,h,,
犠,sacrifice,35,,,,h,,
抹,rub,35,,,,h,,
拭,wipe,35,,,,h,,
拉,yank,35,,,,h,,
抱,embrace,35,,,,h,,
搭,board,35,,,,h,,
抄,extract,35,,,,h,,
抗,confront,36,,,,h,,
批,criticism,36,,,,h,,
招,beckon,36,,,,h,,
拓,clear_land,36,,,,h,,
拍,clap,36,,,,h,,
打,strike,36,,,,h,,
拘,arrest,36,,,,h,,
捨,discard,36,,,,h,,
拐,kidnap,36,,,,h,,
摘,pinch,36,,,,h,,
挑,challenge,36,,,,h,,
指,finger,36,,,,h,,
持,hold,36,,,,h,,
拶,imminent,36,,,,h,,
括,fasten,36,,,,h,,
揮,brandish,36,,,,h,,
推,infer,36,,,,h,,
揚,hoist,36,,,,h,,
提,propose,36,,,,h,,
損,damage,36,,,,h,,
拾,pick_up,37,,,,h,,
担,shouldering,37,,,,h,,
拠,foothold,37,,,,h,,
描,sketch,37,,,,h,,
操,maneuver,37,,,,h,,
接,touch,37,,,,h,,
掲,put_up_notice,37,,,,h,,
掛,hang,37,,,,h,,
捗,make_headway,37,,,,h,,
研,sharpen,37,,,,h,,
戒,commandment,37,,,,e,,
弄,tinker_with,37,,,,v,,
械,contraption,37,,,,h,,
鼻,nose,37,,,,v,,
刑,punish,37,,,,h,,
型,mould,37,,,,v,,
才,genius,37,,,,,,layout_type unknown in source
財,property,37,,,,h,,
材,lumber,37,,,,h,,
存,suppose,37,,,,e,,
在,exist,38,,,,e,,
乃,no,38,,,,e,,
携,portable,38,,,,h,,
及,reach_out,38,,,,,,layout_type unknown in source
吸,suck,38,,,,h,,
扱,handle,38,,,,h,,
丈,length,38,,,,,,layout_type unknown in source
史,history,38,,,,,,layout_type unknown in source
吏,officer,38,,,,,,layout_type unknown in source
更,further,38,,,,v,,
硬,stiff,38,,,,h,,
梗,spiny,38,,,,h,,
又,or_again,38,,,,,,layout_type unknown in source
双,pair,38,,,,h,,
桑,mulberry,38,,,,v,,
隻,vessels,38,,,,v,,
護,safeguard,38,,,,h,,
獲,seize,38,,,,h,,
奴,guy,38,,,,h,,
怒,angry,38,,,,v,,
友,friend,39,,,,e,,
抜,slip_out,39,,,,h,,
投,throw,39,,,,h,,
没,drown,39,,,,h,,
股,crotch,39,,,,h,,
設,establish,39,,,,h,,
撃,beat,39,,,,v,,
殻,husk,39,,,,h,,
支,branch,39,,,,v,,
技,skill,39,,,,h,,
枝,bough,39,,,,h,,
肢,limb,39,,,,h,,
茎,stalk,39,,,,v,,
怪,suspicious,39,,,,h,,
軽,light_weight,39,,,,h,,
叔,uncle,39,,,,h,,
督,coach,39,,,,v,,
寂,loneliness,39,,,,v,,
淑,graceful,39,,,,h,,
反,anti,39,,,,e,,
坂,slope,40,,,,h,,
板,plank,40,,,,h,,
返,return,40,,,,e,,
販,marketing,40,,,,h,,
爪,claw,40,,,,,,layout_type unknown in source
妥,gentle,40,,,,v,,
乳,milk,40,,,,h,,
浮,floating,40,,,,h,,
淫,lewdness,40,,,,h,,
将,leader,40,,,,h,,
奨,exhort,40,,,,v,,
采,grab,40,,,,v,,
採,pick,40,,,,h,,
菜,vegetable,40,,,,v,,
受,accept,40,,,,v,,
授,instruct,40,,,,h,,
愛,love,40,,,,v,,
曖,unclear,40,,,,h,,
払,pay,40,,,,h,,
広,wide,40,,,,e,,
勾,capture,41,,,,e,,
拡,broaden,41,,,,h,,
鉱,mineral,41,,,,h,,
弁,valve,41,,,,v,,
雄,male,41,,,,h,,
台,pedestal,41,,,,v,,
怠,neglect,41,,,,v,,
治,reign,41,,,,h,,
冶,metallurgy,41,,,,h,,
始,commence,41,,,,h,,
胎,womb,41,,,,h,,
窓,window,41,,,,v,,
去,leave,41,,,,v,,
法,method,41,,,,h,,
会,meeting,41,,,,v,,
至,climax,41,,,,v,,
室,room,41,,,,v,,
到,arrival,41,,,,h,,
致,bring_about,41,,,,h,,
互,mutually,41,,,,v,,
棄,abandon,42,,,,v,,
育,nurture,42,,,,v,,
撤,remove,42,,,,h,,
充,allot,42,,,,v,,
銃,gun,42,,,,h,,
硫,sulfur,42,,,,h,,
流,current,42,,,,h,,
允,makoto,42,,,,v,,
唆,tempt,42,,,,h,,
出,exit,42,,,,v,,
山,mountain,42,,,,,,layout_type unknown in source
拙,bungling,42,,,,h,,
岩,boulder,42,,,,v,,
炭,charcoal,42,,,,v,,
岐,branch_off,42,,,,h,,
峠,mountain_pass,42,,,,h,,
崩,crumble,42,,,,v,,
密,secrecy,42,,,,v,,
蜜,honey,42,,,,v,,
嵐,storm,42,,,,v,,
崎,promontory,43,,,,h,,
崖,cliff,43,,,,v,,
入,enter,43,,,,,,layout_type unknown in source
込,crowded,43,,,,e,,
分,part,43,,,,v,,
貧,poverty,43,,,,v,,
頒,partition,43,,,,h,,
公,public,43,,,,v,,
松,pine_tree,43,,,,h,,
翁,elderly_man,43,,,,v,,
訟,litigation,43,,,,h,,
谷,valley,43,,,,,,layout_type unknown in source
浴,bathe,43,,,,h,,
容,contain,43,,,,v,,
溶,melt,43,,,,h,,
欲,longing,43,,,,h,,
裕,abundant,43,,,,h,,
鉛,lead,43,,,,h,,
沿,run_alongside,43,,,,h,,
賞,prize,43,,,,v,,
党,political_party,44,,,,v,,
堂,public_hall,44,,,,v,,
常,usual,44,,,,v,,
裳,robe,44,,,,v,,
掌,manipulate,44,,,,v,,
皮,pelt,44,,,,,,layout_type unknown in source
波,waves,44,,,,h,,
婆,old_woman,44,,,,v,,
披,reveal,44,,,,h,,
破,rend,44,,,,h,,
被,incur,44,,,,h,,
残,remainder,44,,,,h,,
殉,martyrdom,44,,,,h,,
殊,particularly,44,,,,h,,
殖,augment,44,,,,h,,
列,file,44,,,,h,,
裂,split,44,,,,v,,
烈,ardent,44,,,,v,,
死,death,44,,,,e,,
葬,burial,44,,,,v,,
瞬,wink,45,,,,h,,
耳,ear,45,,,,,,layout_type unknown in source
取,take,45,,,,h,,
趣,gist,45,,,,e,,
最,utmost,45,,,,v,,
撮,snapshot,45,,,,h,,
恥,shame,45,,,,h,,
職,employment,45,,,,h,,
聖,holy,45,,,,v,,
敢,daring,45,,,,h,,
聴,listen,45,,,,h,,
懐,pocket,45,,,,h,,
慢,ridicule,45,,,,h,,
漫,cartoon,45,,,,h,,
買,buy,45,,,,v,,
置,placement,45,,,,v,,
罰,penalty,45,,,,v,,
寧,rather,45,,,,v,,
濁,voiced,45,,,,h,,
環,ring,45,,,,h,,
還,send_back,46,,,,e,,
夫,husband,46,,,,,,layout_type unknown in source
扶,support,46,,,,h,,
渓,mountain_stream,46,,,,h,,
規,standard,46,,,,h,,
替,exchange,46,,,,v,,
賛,approve,46,,,,v,,
潜,submerge,46,,,,h,,
失,lose,46,,,,h,,
鉄,iron,46,,,,h,,
迭,transfer,46,,,,e,,
臣,retainer,46,,,,,,layout_type unknown in source
姫,princess,46,,,,h,,
蔵,storehouse,46,,,,v,,
臓,entrails,46,,,,h,,
賢,intelligent,46,,,,v,,
腎,kidney,46,,,,v,,
堅,strict,46,,,,v,,
臨,look_to,46,,,,h,,
覧,perusal,46,,,,v,,
巨,gigantic,47,,,,,,layout_type unknown in source
拒,repel,47,,,,h,,
力,power,47,,,,,,layout_type unknown in source
男,man,47,,,,v,,
労,labor,47,,,,v,,
募,recruit,47,,,,v,,
劣,inferiority,47,,,,v,,
功,achievement,47,,,,h,,
勧,persuade,47,,,,h,,
努,toil,47,,,,v,,
勃,uprising,47,,,,h,,
励,encourage,47,,,,h,,
加,add,47,,,,h,,
賀,congratulations,47,,,,v,,
架,rack,47,,,,v,,
脇,armpit,47,,,,h,,
脅,threaten,47,,,,v,,
協,cooperation,47,,,,h,,
行,going,47,,,,h,,
律,law,47,,,,h,,
復,restore,48,,,,h,,
得,acquire,48,,,,h,,
従,obey,48,,,,h,,
徒,junior,48,,,,h,,
待,wait,48,,,,h,,
往,journey,48,,,,h,,
征,subjugate,48,,,,h,,
径,diameter,48,,,,h,,
彼,he,48,,,,h,,
役,role,48,,,,h,,
徳,benevolence,48,,,,h,,
徹,penetrate,48,,,,h,,
徴,indications,48,,,,h,,
懲,penal,48,,,,v,,
微,delicate,48,,,,h,,
街,boulevard,48,,,,h,,
桁,beam,48,,,,h,,
衡,equilibrium,48,,,,h,,
稿,draft,48,,,,h,,
稼,earnings,48,,,,h,,
程,extent,49,,,,h,,
税,tax,49,,,,h,,
稚,immature,49,,,,h,,
和,harmony,49,,,,h,,
移,shift,49,,,,h,,
秒,second,49,,,,h,,
秋,autumn,49,,,,h,,
愁,distress,49,,,,v,,
私,me,49,,,,h,,
秩,regularity,49,,,,h,,
秘,secret,49,,,,h,,
称,appellation,49,,,,h,,
利,profit,49,,,,h,,
梨,pear_tree,49,,,,v,,
穫,harvest,49,,,,h,,
穂,ear_of_plant,49,,,,h,,
稲,rice_plant,49,,,,h,,
香,incense,49,,,,v,,
季,seasons,49,,,,v,,
委,committee,49,,,,v,,
秀,excel,50,,,,v,,
透,transparent,50,,,,e,,
誘,entice,50,,,,h,,
稽,examine,50,,,,h,,
穀,cereals,50,,,,h,,
菌,germ,50,,,,v,,
萎,numb,50,,,,v,,
米,rice,50,,,,,,layout_type unknown in source
粉,flour,50,,,,h,,
粘,sticky,50,,,,h,,
粒,grains,50,,,,h,,
粧,cosmetics,50,,,,h,,
迷,astray,50,,,,e,,
粋,chic,50,,,,h,,
謎,riddle,50,,,,h,,
糧,provisions,50,,,,h,,
菊,chrysanthemum,50,,,,v,,
奥,inner,50,,,,v,,
数,number,50,,,,h,,
楼,watchtower,50,,,,h,,
類,sort,51,,,,h,,
漆,lacquer,51,,,,h,,
膝,knee,51,,,,h,,
様,formal_title,51,,,,h,,
求,request,51,,,,e,,
球,sphere,51,,,,h,,
救,salvation,51,,,,h,,
竹,bamboo,51,,,,h,,
笑,laugh,51,,,,v,,
笠,bamboo_hat,51,,,,v,,
笹,bamboo_grass,51,,,,v,,
箋,stationery,51,,,,v,,
筋,muscle,51,,,,v,,
箱,box,51,,,,v,,
筆,writing_brush,51,,,,v,,
筒,cylinder,51,,,,v,,
等,etc,51,,,,v,,
算,calculate,51,,,,v,,
答,answer,51,,,,v,,
策,scheme,51,,,,v,,
簿,register,52,,,,v,,
築,fabricate,52,,,,v,,
篭,basket,52,,,,v,,
人,person,52,,,,,,layout_type unknown in source
佐,assistant,52,,,,h,,
侶,partner,52,,,,h,,
但,however,52,,,,h,,
住,dwelling,52,,,,h,,
位,rank,52,,,,h,,
仲,go_between,52,,,,h,,
体,body,52,,,,h,,
悠,permanence,52,,,,v,,
件,affair,52,,,,h,,
仕,attend_to,52,,,,h,,
他,other,52,,,,h,,
伏,prostrated,52,,,,h,,
伝,transmit,52,,,,h,,
仏,buddha,52,,,,h,,
休,rest,52,,,,h,,
仮,temporary,52,,,,h,,
伎,performing artist,53,,,,h,,
伯,chief,53,,,,h,,
俗,vulgar,53,,,,h,,
信,faith,53,,,,h,,
佳,excellent,53,,,,h,,
依,reliant,53,,,,h,,
例,example,53,,,,h,,
個,individual,53,,,,h,,
健,healthy,53,,,,h,,
側,side,53,,,,h,,
侍,waiter,53,,,,h,,
停,halt,53,,,,h,,
値,value,53,,,,h,,
倣,emulate,53,,,,h,,
傲,arrogance,53,,,,h,,
倒,overthrow,53,,,,h,,
偵,spy,53,,,,h,,
僧,buddhist_priest,53,,,,h,,
億,hundred_million,53,,,,h,,
儀,ritual,53,,,,h,,
償,reparation,54,,,,h,,
仙,hermit,54,,,,h,,
催,sponsor,54,,,,h,,
仁,humanity,54,,,,h,,
侮,scorn,54,,,,h,,
使,use,54,,,,h,,
便,convenience,54,,,,h,,
倍,double,54,,,,h,,
優,tenderness,54,,,,h,,
伐,fell,54,,,,h,,
宿,inn,54,,,,v,,
傷,wound,54,,,,h,,
保,protect,54,,,,h,,
褒,praise,54,,,,v,,
傑,greatness,54,,,,h,,
付,adhere,54,,,,h,,
符,token,54,,,,v,,
府,municipality,54,,,,e,,
任,responsibility,54,,,,h,,
賃,fare,54,,,,v,,
代,substitute,55,,,,h,,
袋,sack,55,,,,v,,
貸,lend,55,,,,v,,
化,change,55,,,,h,,
花,flower,55,,,,v,,
貨,freight,55,,,,v,,
傾,lean,55,,,,h,,
何,what,55,,,,h,,
荷,baggage,55,,,,v,,
俊,sagacious,55,,,,h,,
傍,bystander,55,,,,h,,
俺,myself,55,,,,h,,
久,long_time,55,,,,,,layout_type unknown in source
畝,furrow,55,,,,h,,
囚,captured,55,,,,e,,
内,inside,55,,,,,,layout_type unknown in source
丙,third_class,55,,,,v,,
柄,design,55,,,,h,,
肉,meat,55,,,,,,layout_type unknown in source
腐,rot,55,,,,e,,
座,sit,56,,,,e,,
挫,sprain,56,,,,h,,
卒,graduate,56,,,,v,,
傘,umbrella,56,,,,v,,
匁,monme,56,,,,,,layout_type unknown in source
以,by_means_of,56,,,,,,layout_type unknown in source
似,resemble,56,,,,h,,
併,join,56,,,,h,,
瓦,tile,56,,,,,,layout_type unknown in source
瓶,flower_pot,56,,,,h,,
宮,shinto_shrine,56,,,,v,,
営,occupation,56,,,,v,,
善,virtuous,56,,,,v,,
膳,dining_tray,56,,,,h,,
年,year,56,,,,,,layout_type unknown in source
夜,night,56,,,,v,,
液,fluid,56,,,,h,,
塚,hillock,56,,,,h,,
幣,cash,56,,,,v,,
蔽,cover_over,56,,,,v,,
弊,abuse,57,,,,v,,
喚,yell,57,,,,h,,
換,interchange,57,,,,h,,
融,dissolve,57,,,,h,,
施,alms,57,,,,h,,
旋,rotation,57,,,,h,,
遊,play,57,,,,e,,
旅,trip,57,,,,h,,
勿,must_not,57,,,,e,,
物,thing,57,,,,h,,
易,easy,57,,,,v,,
賜,grant,57,,,,h,,
尿,urine,57,,,,e,,
尼,nun,57,,,,e,,
尻,buttocks,57,,,,e,,
泥,mud,57,,,,h,,
塀,brick_wall,57,,,,h,,
履,footgear,57,,,,e,,
屋,roof,57,,,,e,,
握,grip,57,,,,h,,
屈,yield,58,,,,e,,
掘,dig,58,,,,h,,
堀,ditch,58,,,,h,,
居,reside,58,,,,e,,
据,set,58,,,,h,,
裾,hem,58,,,,h,,
層,stratum,58,,,,e,,
局,bureau,58,,,,e,,
遅,slow,58,,,,e,,
漏,leak,58,,,,h,,
刷,printing,58,,,,h,,
尺,shaku,58,,,,,,layout_type unknown in source
尽,exhaust,58,,,,v,,
沢,swamp,58,,,,h,,
訳,translate,58,,,,h,,
択,choose,58,,,,h,,
昼,daytime,58,,,,v,,
戸,door,58,,,,v,,
肩,shoulder,58,,,,e,,
房,tassel,58,,,,e,,
扇,fan,59,,,,e,,
炉,hearth,59,,,,h,,
戻,revert,59,,,,e,,
涙,tears,59,,,,h,,
雇,employ,59,,,,e,,
顧,look_back,59,,,,h,,
啓,disclose,59,,,,v,,
示,indicate,59,,,,,,layout_type unknown in source
礼,thanks,59,,,,h,,
祥,auspicious,59,,,,h,,
祝,celebrate,59,,,,h,,
福,blessing,59,,,,h,,
祉,welfare,59,,,,h,,
社,company,59,,,,h,,
視,inspection,59,,,,h,,
奈,nara,59,,,,v,,
尉,military_officer,59,,,,h,,
慰,consolation,59,,,,v,,
款,goodwill,59,,,,h,,
禁,prohibition,59,,,,v,,
襟,collar,60,,,,h,,
宗,religion,60,,,,v,,
崇,adore,60,,,,v,,
祭,festival,60,,,,v,,
察,guess,60,,,,v,,
擦,grate,60,,,,h,,
由,wherefore,60,,,,,,layout_type unknown in source
抽,pluck,60,,,,h,,
油,oil,60,,,,h,,
袖,sleeve,60,,,,h,,
宙,midair,60,,,,v,,
届,deliver,60,,,,e,,
笛,flute,60,,,,v,,
軸,axis,60,,,,h,,
甲,armor,60,,,,,,layout_type unknown in source
押,push,60,,,,h,,
岬,headland,60,,,,h,,
挿,insert,60,,,,h,,
申,declare,153,,,,,,layout_type unknown in source
伸,expand,60,,,,h,,
神,gods,61,,,,h,,
捜,search,61,,,,h,,
果,fruit,61,,,,,,layout_type unknown in source
菓,confectionery,61,,,,v,,
課,sub-division,61,,,,h,,
裸,naked,61,,,,h,,
斤,axe,61,,,,e,,
析,chop,61,,,,h,,
所,place,61,,,,h,,
祈,pray,61,,,,h,,
近,near,61,,,,e,,
折,fold,61,,,,h,,
哲,philosophy,61,,,,v,,
逝,departed,61,,,,e,,
誓,vow,61,,,,v,,
斬,chop_off,61,,,,h,,
暫,temporarily,61,,,,v,,
漸,steadily,61,,,,h,,
断,cut_off,61,,,,h,,
質,quality,61,,,,v,,
斥,reject,62,,,,,,layout_type unknown in source
訴,sue,62,,,,h,,
昨,previous_day,62,,,,h,,
詐,lie,62,,,,h,,
作,make,62,,,,h,,
雪,snow,62,,,,v,,
録,record,62,,,,h,,
剥,peel_off,62,,,,h,,
尋,inquire,62,,,,v,,
急,hurry,62,,,,v,,
穏,calm,62,,,,h,,
侵,encroach,62,,,,h,,
浸,immersed,62,,,,h,,
寝,lie_down,62,,,,v,,
婦,lady,62,,,,h,,
掃,sweep,62,,,,h,,
当,hit,62,,,,v,,
彙,glossary,62,,,,v,,
争,conflict,62,,,,v,,
浄,clean,62,,,,h,,
事,abstract_thing,63,,,,,,layout_type unknown in source
唐,tang_dynasty,63,,,,e,,
糖,sugar,63,,,,h,,
康,health,63,,,,e,,
逮,apprehend,63,,,,e,,
伊,italy,63,,,,h,,
君,lord,63,,,,e,,
群,flock,63,,,,h,,
耐,endure,63,,,,h,,
需,demand,63,,,,v,,
儒,confucian,63,,,,h,,
端,edge,63,,,,h,,
両,both,63,,,,v,,
満,full,63,,,,h,,
画,draw,63,,,,v,,
歯,tooth,63,,,,v,,
曲,musical_composition,63,,,,,,layout_type unknown in source
曹,cadet,63,,,,v,,
遭,encounter,63,,,,e,,
漕,rowing,63,,,,h,,
槽,vat,64,,,,h,,
斗,big_dipper,64,,,,,,layout_type unknown in source
料,fee,64,,,,h,,
科,subject,64,,,,h,,
図,map,64,,,,e,,
用,utilize,64,,,,e,,
庸,commonplace,64,,,,e,,
備,equip,64,,,,h,,
昔,long_ago,64,,,,v,,
錯,confused,64,,,,h,,
借,borrow,64,,,,h,,
惜,pity,64,,,,h,,
措,set_aside,64,,,,h,,
散,scatter,64,,,,h,,
廿,twenty,64,,,,,,layout_type unknown in source
庶,commoner,64,,,,e,,
遮,intercept,64,,,,e,,
席,seat,64,,,,e,,
度,degrees,64,,,,e,,
渡,transit,64,,,,h,,
奔,bustle,65,,,,v,,
噴,erupt,65,,,,h,,
墳,tomb,65,,,,h,,
憤,aroused,65,,,,h,,
焼,bake,65,,,,h,,
暁,sunrise,65,,,,h,,
半,half,65,,,,v,,
伴,consort,65,,,,h,,
畔,paddy_ridge,65,,,,h,,
判,judgment,65,,,,h,,
拳,fist,65,,,,v,,
券,ticket,65,,,,v,,
巻,scroll,65,,,,v,,
圏,sphere_of_influence,65,,,,e,,
勝,victory,65,,,,h,,
藤,wisteria,65,,,,v,,
謄,mimeograph,65,,,,h,,
片,one_sided,65,,,,,,layout_type unknown in source
版,printing_block,65,,,,h,,
之,of,65,,,,v,,
乏,scarce,66,,,,v,,
芝,turf,66,,,,v,,
不,not,66,,,,v,,
否,negate,66,,,,v,,
杯,cupfuls,66,,,,h,,
矢,arrow,66,,,,v,,
矯,rectify,66,,,,h,,
族,tribe,66,,,,h,,
知,know,66,,,,h,,
智,wisdom,66,,,,v,,
挨,push_open,66,,,,h,,
矛,halberd,66,,,,v,,
柔,tender,66,,,,v,,
務,duty,66,,,,h,,
霧,fog,66,,,,v,,
班,squad,66,,,,h,,
帰,homecoming,66,,,,h,,
弓,archery_bow,66,,,,,,layout_type unknown in source
引,pull,66,,,,h,,
弔,condolences,66,,,,,,layout_type unknown in source
弘,vast,67,,,,h,,
強,strong,67,,,,h,,
弥,increasingly,67,,,,h,,
弱,weak,67,,,,h,,
溺,drowning,67,,,,h,,
沸,seethe,67,,,,h,,
費,expense,67,,,,v,,
第,ordinal_number,67,,,,v,,
弟,younger_brother,67,,,,v,,
巧,adroit,67,,,,h,,
号,designation,67,,,,v,,
朽,decay,67,,,,h,,
誇,boast,67,,,,h,,
顎,chin,67,,,,h,,
汚,dirty,67,,,,h,,
与,bestow,67,,,,e,,
写,copy,67,,,,v,,
身,somebody,67,,,,,,layout_type unknown in source
射,shoot,67,,,,h,,
謝,thank,67,,,,h,,
老,old_man,68,,,,e,,
考,consider,68,,,,e,,
孝,filial_piety,68,,,,e,,
教,teach,68,,,,h,,
拷,torture,68,,,,h,,
者,someone,68,,,,e,,
煮,boil,68,,,,v,,
著,renowned,68,,,,v,,
箸,chopsticks,68,,,,v,,
署,government_bureau,68,,,,v,,
暑,sultry,68,,,,v,,
諸,various,68,,,,h,,
猪,pack_of_dogs,68,,,,h,,
渚,shore,68,,,,h,,
賭,gamble,68,,,,h,,
峡,gorge,68,,,,h,,
狭,cramped,68,,,,h,,
挟,sandwiched,68,,,,h,,
頬,cheek,68,,,,h,,
追,chase,68,,,,e,,
阜,mound,69,,,,v,,
師,expert,69,,,,h,,
帥,commander,69,,,,h,,
官,bureaucrat,69,,,,v,,
棺,coffin,69,,,,h,,
管,pipe,69,,,,v,,
父,father,69,,,,v,,
釜,cauldron,69,,,,v,,
交,mingle,69,,,,v,,
効,effect,69,,,,h,,
較,contrast,69,,,,h,,
校,exam,69,,,,h,,
足,leg,69,,,,v,,
促,stimulate,69,,,,h,,
捉,nab,69,,,,h,,
距,long_distance,69,,,,h,,
路,path,69,,,,h,,
露,dew,69,,,,v,,
跳,hop,69,,,,h,,
躍,leap,69,,,,h,,
践,tread,70,,,,h,,
踏,step,70,,,,h,,
踪,footprints,70,,,,h,,
骨,bone,70,,,,v,,
滑,slippery,70,,,,h,,
髄,marrow,70,,,,h,,
禍,calamity,70,,,,h,,
渦,whirlpool,70,,,,h,,
鍋,pot,70,,,,h,,
過,overdo,70,,,,e,,
阪,heights,70,,,,h,,
阿,africa,70,,,,h,,
際,occasion,70,,,,h,,
障,hinder,70,,,,h,,
隙,fissure,70,,,,h,,
随,accompany,70,,,,h,,
陪,jury,70,,,,h,,
陽,sunshine,70,,,,h,,
陳,set_forth,70,,,,h,,
防,ward_off,70,,,,h,,
附,affixed,71,,,,h,,
院,institution,71,,,,h,,
陣,camp,71,,,,h,,
隊,regiment,71,,,,h,,
墜,crash,71,,,,v,,
降,descend,71,,,,h,,
階,floor,71,,,,h,,
陛,highness,71,,,,h,,
隣,neighboring,71,,,,h,,
隔,isolate,71,,,,h,,
隠,conceal,71,,,,h,,
堕,degenerate,71,,,,v,,
陥,collapse,71,,,,h,,
穴,hole,71,,,,v,,
空,sky,71,,,,v,,
控,withdraw,71,,,,h,,
突,stab,71,,,,v,,
究,research,71,,,,v,,
窒,plug_up,71,,,,v,,
窃,stealth,71,,,,v,,
窟,cavern,72,,,,v,,
窪,hollow,72,,,,v,,
搾,squeeze,72,,,,h,,
窯,kiln,72,,,,v,,
窮,hard_up,72,,,,v,,
探,grope,72,,,,h,,
深,deep,72,,,,h,,
丘,hill,72,,,,,,layout_type unknown in source
岳,mountain_peak,72,,,,v,,
兵,soldier,72,,,,v,,
浜,seacoast,72,,,,h,,
糸,thread,72,,,,v,,
織,weave,72,,,,h,,
繕,darning,72,,,,h,,
縮,shrink,72,,,,h,,
繁,luxuriant,72,,,,v,,
縦,vertical,72,,,,h,,
緻,intricate,72,,,,h,,
線,line,72,,,,h,,
綻,unravel,72,,,,h,,
締,tighten,73,,,,h,,
維,fiber,73,,,,h,,
羅,gauze,73,,,,v,,
練,practice,73,,,,h,,
緒,thong,73,,,,h,,
続,continue,73,,,,h,,
絵,picture,73,,,,h,,
統,unite,73,,,,h,,
絞,strangle,73,,,,h,,
給,salary,73,,,,h,,
絡,entwine,73,,,,h,,
結,tie,73,,,,h,,
終,end,73,,,,h,,
級,class,73,,,,h,,
紀,chronicle,73,,,,h,,
紅,crimson,73,,,,h,,
納,settlement,73,,,,h,,
紡,spinning,73,,,,h,,
紛,distract,73,,,,h,,
紹,introduce,73,,,,h,,
経,manage,74,,,,h,,
紳,sire,74,,,,h,,
約,promise,74,,,,h,,
細,thin,74,,,,h,,
累,pile_up,74,,,,v,,
索,cord,74,,,,v,,
総,total,74,,,,h,,
綿,cotton,74,,,,h,,
絹,silk,74,,,,h,,
繰,winding,74,,,,h,,
継,inherit,74,,,,h,,
緑,green,74,,,,h,,
縁,affinity,74,,,,h,,
網,netting,74,,,,h,,
緊,tense,74,,,,v,,
紫,purple,74,,,,v,,
縛,truss,74,,,,h,,
縄,straw_rope,74,,,,h,,
幼,infancy,74,,,,h,,
後,behind,74,,,,h,,
幽,dim,75,,,,,,layout_type unknown in source
幾,how_many,75,,,,e,,
機,machine,75,,,,h,,
畿,capital_area,75,,,,e,,
玄,mysterious,75,,,,v,,
畜,livestock,75,,,,v,,
蓄,amass,75,,,,v,,
弦,bowstring,75,,,,h,,
擁,hug,75,,,,h,,
滋,nourishing,75,,,,h,,
慈,mercy,75,,,,v,,
磁,magnet,75,,,,h,,
系,lineage,75,,,,v,,
係,person_in_charge,75,,,,h,,
孫,grandchild,75,,,,h,,
懸,suspend,75,,,,v,,
遜,modest,75,,,,e,,
却,instead,75,,,,h,,
脚,shins,75,,,,h,,
卸,wholesale,75,,,,h,,
御,honorable,76,,,,h,,
服,clothing,76,,,,h,,
命,fate,76,,,,v,,
令,orders,76,,,,v,,
零,zero,76,,,,v,,
齢,age,76,,,,h,,
冷,cool,76,,,,h,,
領,territory,76,,,,h,,
鈴,small_bell,76,,,,h,,
勇,courage,76,,,,v,,
湧,gush,76,,,,h,,
通,pass_through,76,,,,e,,
踊,jump,76,,,,h,,
疑,doubt,76,,,,h,,
擬,mimic,76,,,,h,,
凝,congeal,76,,,,h,,
範,pattern,76,,,,v,,
犯,crime,76,,,,h,,
氾,to_overflow,76,,,,h,,
厄,unlucky,76,,,,e,,
危,dangerous,77,,,,e,,
宛,addressed_to,77,,,,v,,
腕,arm,77,,,,h,,
苑,park,77,,,,v,,
怨,grudge,77,,,,v,,
柳,willow,77,,,,h,,
卵,egg,77,,,,h,,
留,detain,77,,,,v,,
瑠,marine_blue,77,,,,h,,
貿,trade,77,,,,v,,
印,stamp,77,,,,h,,
臼,mortar,77,,,,,,layout_type unknown in source
毀,break,77,,,,h,,
興,entertain,77,,,,e,,
酉,sake_flask,153,,,,,,layout_type unknown in source
酒,sake,77,,,,h,,
酌,bartending,77,,,,h,,
酎,alcohol,77,,,,h,,
酵,fermentation,77,,,,h,,
酷,cruel,77,,,,h,,
酬,repay,78,,,,h,,
酪,dairy,78,,,,h,,
酢,vinegar,78,,,,h,,
酔,drunk,78,,,,h,,
配,distribute,78,,,,h,,
酸,acid,78,,,,h,,
猶,still,78,,,,h,,
尊,revered,78,,,,v,,
豆,beans,78,,,,,,layout_type unknown in source
頭,head,78,,,,h,,
短,short,78,,,,h,,
豊,bountiful,78,,,,v,,
鼓,drum,78,,,,h,,
喜,rejoice,78,,,,v,,
樹,timber,78,,,,h,,
皿,dish,78,,,,,,layout_type unknown in source
血,blood,78,,,,v,,
盆,basin,78,,,,v,,
盟,alliance,78,,,,v,,
盗,steal,78,,,,v,,
温,warm,79,,,,h,,
蓋,lid,79,,,,v,,
監,oversee,79,,,,v,,
濫,excessive,79,,,,h,,
鑑,specimen,79,,,,h,,
藍,indigo,79,,,,v,,
猛,fierce,79,,,,h,,
盛,boom,79,,,,v,,
塩,salt,79,,,,h,,
銀,silver,79,,,,h,,
恨,resentment,79,,,,h,,
根,root,79,,,,h,,
即,instant,79,,,,h,,
爵,baron,79,,,,v,,
節,node,79,,,,v,,
退,retreat,79,,,,e,,
限,limit,79,,,,h,,
眼,eyeball,79,,,,h,,
良,good,79,,,,v,,
朗,melodious,79,,,,h,,
浪,wandering,80,,,,h,,
娘,daughter,80,,,,h,,
食,eat,80,,,,v,,
飯,meal,80,,,,h,,
飲,drink,80,,,,h,,
飢,hungry,80,,,,h,,
餓,starve,80,,,,h,,
飾,decorate,80,,,,h,,
餌,feed,80,,,,h,,
館,public_building,80,,,,h,,
餅,mochi,80,,,,h,,
養,foster,80,,,,v,,
飽,sated,80,,,,h,,
既,previously,80,,,,h,,
概,outline,80,,,,h,,
慨,rue,80,,,,h,,
平,flat,80,,,,,,layout_type unknown in source
呼,call,80,,,,h,,
坪,two_mats,80,,,,h,,
評,evaluate,80,,,,h,,
刈,reap,81,,,,h,,
刹,buddhist_temple,81,,,,h,,
希,hope,81,,,,v,,
凶,villain,81,,,,e,,
胸,bosom,81,,,,h,,
離,detach,81,,,,h,,
璃,glassy,81,,,,h,,
殺,kill,81,,,,h,,
爽,bracing,81,,,,,,layout_type unknown in source
純,genuine,81,,,,h,,
頓,immediate,81,,,,h,,
鈍,dull,81,,,,h,,
辛,spicy,81,,,,v,,
辞,resign,81,,,,h,,
梓,catalpa_tree,81,,,,h,,
宰,superintend,81,,,,v,,
壁,wall,81,,,,v,,
璧,gem,81,,,,v,,
避,evade,81,,,,e,,
新,new,81,,,,h,,
薪,firewood,82,,,,v,,
親,parent,82,,,,h,,
幸,happiness,82,,,,v,,
執,tenacious,82,,,,h,,
摯,clasp,82,,,,v,,
報,report,82,,,,h,,
叫,shout,82,,,,h,,
糾,twist,82,,,,h,,
収,income,82,,,,h,,
卑,lowly,82,,,,v,,
碑,tombstone,82,,,,h,,
陸,land,82,,,,h,,
睦,intimate,82,,,,h,,
勢,forces,82,,,,v,,
熱,heat,82,,,,v,,
菱,diamond,82,,,,v,,
陵,mausoleum,82,,,,h,,
亥,boar,153,,,,v,,
核,nucleus,82,,,,h,,
刻,engrave,82,,,,h,,
該,above_stated,83,,,,h,,
骸,remains,83,,,,h,,
劾,censure,83,,,,h,,
述,mention,83,,,,e,,
術,technique,83,,,,h,,
寒,cold,83,,,,v,,
塞,obstruct,83,,,,v,,
醸,brew,83,,,,h,,
譲,defer,83,,,,h,,
壌,lot,83,,,,h,,
嬢,lass,83,,,,h,,
毒,poison,83,,,,v,,
素,elementary,83,,,,v,,
麦,wheat,83,,,,v,,
青,blue,83,,,,v,,
精,refined,83,,,,h,,
請,solicit,83,,,,h,,
情,feelings,83,,,,h,,
晴,clear_up,83,,,,h,,
清,pure,83,,,,h,,
静,quiet,84,,,,h,,
責,blame,84,,,,v,,
績,exploits,84,,,,h,,
積,accumulate,84,,,,h,,
債,bond,84,,,,h,,
漬,pickling,84,,,,h,,
表,surface,84,,,,v,,
俵,bag,84,,,,h,,
潔,undefiled,84,,,,h,,
契,pledge,84,,,,v,,
喫,consume,84,,,,h,,
害,harm,84,,,,v,,
轄,jurisdiction,84,,,,h,,
割,proportion,84,,,,h,,
憲,constitution,84,,,,v,,
生,life,84,,,,,,layout_type unknown in source
星,star,84,,,,v,,
醒,awakening,84,,,,h,,
姓,surname,84,,,,h,,
性,gender,84,,,,h,,
牲,animal_sacrifice,85,,,,h,,
産,produce,85,,,,e,,
隆,hump,85,,,,h,,
峰,summit,85,,,,h,,
蜂,bee,85,,,,h,,
縫,sew,85,,,,h,,
拝,worship,85,,,,h,,
寿,longevity,85,,,,e,,
鋳,casting,85,,,,h,,
籍,enroll,85,,,,v,,
春,springtime,85,,,,v,,
椿,camellia_tree,85,,,,h,,
泰,peaceful,85,,,,v,,
奏,play_music,85,,,,v,,
実,reality,85,,,,v,,
奉,dedicate,85,,,,v,,
俸,stipend,85,,,,h,,
棒,rod,85,,,,h,,
謹,discreet,85,,,,h,,
僅,trifle,85,,,,h,,
勤,diligence,86,,,,h,,
漢,china,86,,,,h,,
嘆,sigh,86,,,,h,,
難,difficult,86,,,,h,,
華,splendor,86,,,,v,,
垂,droop,86,,,,v,,
唾,saliva,86,,,,h,,
睡,drowsy,86,,,,h,,
錘,spindle,86,,,,h,,
乗,ride,86,,,,,,layout_type unknown in source
剰,surplus,86,,,,h,,
今,now,86,,,,v,,
含,include,86,,,,v,,
貪,covet,86,,,,v,,
吟,versify,86,,,,h,,
念,wish,86,,,,v,,
捻,wrench,86,,,,h,,
琴,harp,86,,,,v,,
陰,shade,86,,,,h,,
予,in_advance,86,,,,v,,
序,preface,87,,,,e,,
預,deposit,87,,,,h,,
野,plains,87,,,,h,,
兼,concurrently,87,,,,v,,
嫌,dislike,87,,,,h,,
鎌,sickle,87,,,,h,,
謙,self_effacing,87,,,,h,,
廉,bargain,87,,,,e,,
西,west,87,,,,v,,
価,cost,87,,,,h,,
要,need,87,,,,v,,
腰,loins,87,,,,h,,
票,ballot,87,,,,v,,
漂,drift,87,,,,h,,
標,signpost,87,,,,h,,
栗,chestnut,87,,,,v,,
慄,shudder,87,,,,h,,
遷,transition,87,,,,e,,
覆,capsize,87,,,,v,,
煙,smoke,87,,,,h,,
南,south,88,,,,v,,
楠,camphor_tree,88,,,,h,,
献,offering,88,,,,h,,
門,gates,88,,,,h,,
問,question,88,,,,e,,
閲,review,88,,,,e,,
閥,clique,88,,,,e,,
間,interval,88,,,,e,,
闇,pitch_dark,88,,,,e,,
簡,simplicity,88,,,,v,,
開,open,88,,,,e,,
閉,closed,88,,,,e,,
閣,tower,88,,,,e,,
閑,leisure,88,,,,e,,
聞,hear,88,,,,e,,
潤,wet,88,,,,h,,
欄,column,88,,,,h,,
闘,fight,88,,,,e,,
倉,warehouse,88,,,,v,,
創,genesis,88,,,,h,,
非,non,89,,,,,,layout_type unknown in source
俳,haiku,89,,,,h,,
排,repudiate,89,,,,h,,
悲,sad,89,,,,v,,
罪,guilt,89,,,,v,,
輩,comrade,89,,,,v,,
扉,front_door,89,,,,e,,
侯,marquis,89,,,,h,,
喉,throat,89,,,,h,,
候,climate,89,,,,h,,
決,decide,89,,,,h,,
快,cheerful,89,,,,h,,
偉,admirable,89,,,,h,,
違,differ,89,,,,e,,
緯,horizontal,89,,,,h,,
衛,defense,89,,,,h,,
韓,korea,89,,,,h,,
干,dry,89,,,,,,layout_type unknown in source
肝,liver,89,,,,h,,
刊,publish,89,,,,h,,
汗,sweat,90,,,,h,,
軒,flats,90,,,,h,,
岸,beach,90,,,,v,,
幹,tree_trunk,90,,,,h,,
芋,potato,90,,,,v,,
宇,eaves,90,,,,v,,
余,too_much,90,,,,v,,
除,exclude,90,,,,h,,
徐,gradually,90,,,,h,,
叙,confer,90,,,,h,,
途,route,90,,,,e,,
斜,diagonal,90,,,,h,,
塗,paint,90,,,,v,,
束,bundle,90,,,,,,layout_type unknown in source
頼,trust,90,,,,h,,
瀬,rapids,90,,,,h,,
勅,imperial_order,90,,,,h,,
疎,alienate,90,,,,h,,
辣,bitter,90,,,,h,,
速,quick,90,,,,e,,
整,organize,91,,,,v,,
剣,sabre,91,,,,h,,
険,precipitous,91,,,,h,,
検,examination,91,,,,h,,
倹,frugal,91,,,,h,,
重,heavy,91,,,,,,layout_type unknown in source
動,move,91,,,,h,,
腫,tumor,91,,,,h,,
勲,meritorious_deed,91,,,,v,,
働,work,91,,,,h,,
種,species,91,,,,h,,
衝,collide,91,,,,h,,
薫,fragrant,91,,,,v,,
病,ill,91,,,,e,,
痴,stupid,91,,,,e,,
痘,pox,91,,,,e,,
症,symptoms,91,,,,e,,
瘍,carbuncle,91,,,,e,,
痩,lose_weight,91,,,,e,,
疾,rapidly,91,,,,e,,
嫉,envy,92,,,,h,,
痢,diarrhea,92,,,,e,,
痕,scar,92,,,,e,,
疲,exhausted,92,,,,e,,
疫,epidemic,92,,,,e,,
痛,pain,92,,,,e,,
癖,mannerism,92,,,,e,,
匿,hide,92,,,,e,,
匠,artisan,92,,,,e,,
医,doctor,92,,,,e,,
匹,equal,92,,,,e,,
区,ward,92,,,,e,,
枢,hinge,92,,,,h,,
殴,assault,92,,,,h,,
欧,europe,92,,,,h,,
抑,repress,92,,,,h,,
仰,look_up,92,,,,h,,
迎,welcome,92,,,,e,,
登,ascend,92,,,,v,,
澄,lucidity,92,,,,h,,
発,departure,93,,,,v,,
廃,abolish,93,,,,e,,
僚,colleague,93,,,,h,,
瞭,obvious,93,,,,h,,
寮,dormitory,93,,,,v,,
療,heal,93,,,,e,,
彫,carve,93,,,,h,,
形,shape,93,,,,h,,
影,shadow,93,,,,h,,
杉,sugi,93,,,,h,,
彩,coloring,93,,,,h,,
彰,patent,93,,,,h,,
彦,handsome_man,93,,,,e,,
顔,face,93,,,,h,,
須,must,93,,,,h,,
膨,swell,93,,,,h,,
参,participate,93,,,,v,,
惨,wretched,93,,,,h,,
修,discipline,93,,,,h,,
珍,rare,93,,,,h,,
診,checkup,94,,,,h,,
文,sentence,94,,,,v,,
対,opposite,94,,,,h,,
紋,family_crest,94,,,,h,,
蚊,mosquito,94,,,,h,,
斑,blemish,94,,,,h,,
斉,adjusted,94,,,,v,,
剤,dose,94,,,,h,,
済,settle,94,,,,h,,
斎,purification,94,,,,e,,
粛,solemn,94,,,,,,layout_type unknown in source
塁,bases,94,,,,v,,
楽,music,94,,,,v,,
薬,medicine,94,,,,v,,
率,rate,94,,,,v,,
渋,astringent,94,,,,h,,
摂,vicarious,94,,,,h,,
央,center,94,,,,,,layout_type unknown in source
英,england,94,,,,v,,
映,reflect,94,,,,h,,
赤,red,95,,,,v,,
赦,pardon,95,,,,h,,
変,unusual,95,,,,v,,
跡,tracks,95,,,,h,,
蛮,barbarian,95,,,,v,,
恋,romance,95,,,,v,,
湾,gulf,95,,,,h,,
黄,yellow,95,,,,v,,
横,sideways,95,,,,h,,
把,grasp,95,,,,h,,
色,color,95,,,,v,,
絶,discontinue,95,,,,h,,
艶,glossy,95,,,,h,,
肥,fertilizer,95,,,,h,,
甘,sweet,95,,,,,,layout_type unknown in source
紺,navy_blue,95,,,,h,,
某,so_and_so,95,,,,v,,
謀,conspire,95,,,,h,,
媒,mediator,95,,,,h,,
欺,deceit,95,,,,h,,
棋,chess_piece,96,,,,h,,
旗,national_flag,96,,,,h,,
期,period_of_time,96,,,,h,,
碁,go_game,96,,,,v,,
基,foundation,96,,,,v,,
甚,tremendously,96,,,,v,,
勘,intuition,96,,,,h,,
堪,withstand,96,,,,h,,
貴,precious,96,,,,v,,
遺,bequeath,96,,,,e,,
遣,dispatch,96,,,,e,,
潰,defile,96,,,,h,,
舞,dance,96,,,,v,,
無,nothingness,96,,,,v,,
組,association,96,,,,h,,
粗,coarse,96,,,,h,,
租,tariff,96,,,,h,,
狙,aim_at,96,,,,h,,
祖,ancestor,96,,,,h,,
阻,thwart,96,,,,h,,
査,investigate,97,,,,v,,
助,help,97,,,,h,,
宜,best_regards,97,,,,v,,
畳,tatami_mat,97,,,,v,,
並,row,97,,,,v,,
普,universal,97,,,,v,,
譜,musical_score,97,,,,h,,
湿,damp,97,,,,h,,
顕,appear,97,,,,h,,
繊,slender,97,,,,h,,
霊,spirits,97,,,,v,,
業,business,97,,,,v,,
撲,slap,97,,,,h,,
僕,me_male,97,,,,h,,
共,together,97,,,,v,,
供,offer,97,,,,h,,
異,uncommon,97,,,,v,,
翼,wing,97,,,,v,,
戴,accept_humbly,97,,,,e,,
洪,flood,97,,,,h,,
港,harbor,98,,,,h,,
暴,outburst,98,,,,v,,
爆,explode,98,,,,h,,
恭,respect,98,,,,v,,
選,elect,98,,,,e,,
殿,mister,98,,,,h,,
井,well,98,,,,,,layout_type unknown in source
丼,donburi,98,,,,e,,
囲,surround,98,,,,e,,
耕,till,98,,,,h,,
亜,asia,98,,,,,,layout_type unknown in source
悪,bad,98,,,,v,,
円,circle,98,,,,,,layout_type unknown in source
角,angle,98,,,,,,layout_type unknown in source
触,contact,98,,,,h,,
解,solution,98,,,,h,,
再,again,98,,,,v,,
講,lecture,98,,,,h,,
購,subscription,98,,,,h,,
構,construct,98,,,,h,,
溝,gutter,99,,,,h,,
論,argument,99,,,,h,,
倫,ethics,99,,,,h,,
輪,wheel,99,,,,h,,
偏,partial,99,,,,h,,
遍,everywhere,99,,,,e,,
編,compilation,99,,,,h,,
冊,volume,99,,,,,,layout_type unknown in source
柵,fence,99,,,,h,,
典,ceremony,99,,,,v,,
氏,family_name,99,,,,,,layout_type unknown in source
紙,paper,99,,,,h,,
婚,marriage,99,,,,h,,
低,lower,99,,,,h,,
抵,resist,99,,,,h,,
底,bottom,99,,,,e,,
民,people,99,,,,,,layout_type unknown in source
眠,sleep,99,,,,h,,
捕,catch,99,,,,h,,
哺,suckle,99,,,,h,,
浦,bay,100,,,,h,,
蒲,cattail,100,,,,v,,
舗,shop,100,,,,h,,
補,supplement,100,,,,h,,
邸,residence,100,,,,h,,
郭,enclosure,100,,,,h,,
郡,county,100,,,,h,,
郊,outskirts,100,,,,h,,
部,department,100,,,,h,,
都,metropolis,100,,,,h,,
郵,mail,100,,,,h,,
邦,home_country,100,,,,h,,
那,that,100,,,,h,,
郷,hometown,100,,,,h,,
響,echo,100,,,,v,,
郎,son,100,,,,h,,
廊,corridor,100,,,,e,,
盾,shield,100,,,,e,,
循,sequential,100,,,,h,,
派,faction,100,,,,h,,
脈,vein,101,,,,h,,
衆,masses,101,,,,v,,
逓,relay,101,,,,e,,
段,grade,101,,,,h,,
鍛,forge,101,,,,h,,
后,empress,101,,,,e,,
幻,phantasm,101,,,,h,,
司,director,101,,,,e,,
伺,pay_respects,101,,,,h,,
詞,parts_of_speech,101,,,,h,,
飼,domesticate,101,,,,h,,
嗣,heir,101,,,,h,,
舟,boat,101,,,,,,layout_type unknown in source
舶,liner,101,,,,h,,
航,navigate,101,,,,h,,
舷,gunwale,101,,,,h,,
般,carrier,101,,,,h,,
盤,tray,101,,,,v,,
搬,conveyor,101,,,,h,,
船,ship,101,,,,h,,
艦,warship,102,,,,h,,
艇,rowboat,102,,,,h,,
瓜,melon,102,,,,,,layout_type unknown in source
弧,arc,102,,,,h,,
孤,orphan,102,,,,h,,
繭,cocoon,102,,,,v,,
益,benefit,102,,,,v,,
暇,spare_time,102,,,,h,,
敷,spread,102,,,,h,,
来,come,102,,,,,,layout_type unknown in source
気,spirit,102,,,,e,,
汽,vapor,102,,,,h,,
飛,fly,102,,,,,,layout_type unknown in source
沈,sink,102,,,,h,,
枕,pillow,102,,,,h,,
妻,wife,102,,,,v,,
凄,nifty,102,,,,h,,
衰,decline,102,,,,v,,
衷,inmost,102,,,,v,,
面,mask,102,,,,v,,
麺,noodles,103,,,,h,,
革,leather,103,,,,,,layout_type unknown in source
靴,shoes,103,,,,h,,
覇,hegemony,103,,,,v,,
声,voice,103,,,,v,,
眉,eyebrow,103,,,,e,,
呉,give,103,,,,v,,
娯,recreation,103,,,,h,,
誤,mistake,103,,,,h,,
蒸,steam,103,,,,v,,
承,acquiesce,103,,,,,,layout_type unknown in source
函,bin,103,,,,e,,
極,poles,103,,,,h,,
牙,tusk,103,,,,,,layout_type unknown in source
芽,bud,103,,,,v,,
邪,wicked,103,,,,h,,
雅,gracious,103,,,,h,,
釈,interpretation,103,,,,h,,
番,ones_turn,103,,,,v,,
審,hearing,103,,,,v,,
翻,flip,104,,,,h,,
藩,clan,104,,,,v,,
毛,fur,104,,,,v,,
耗,decrease,104,,,,h,,
尾,tail,104,,,,e,,
宅,home,104,,,,v,,
託,consign,104,,,,h,,
為,do,104,,,,,,layout_type unknown in source
偽,falsehood,104,,,,h,,
畏,apprehensive,104,,,,v,,
長,long,104,,,,v,,
張,lengthen,104,,,,h,,
帳,notebook,104,,,,h,,
脹,dilate,104,,,,h,,
髪,hair,104,,,,v,,
展,unfold,104,,,,e,,
喪,miss,104,,,,v,,
巣,nest,104,,,,v,,
単,simple,104,,,,v,,
戦,war,104,,,,h,,
禅,zen,105,,,,h,,
弾,bullet,105,,,,h,,
桜,cherry_blossom,105,,,,h,,
獣,animal,105,,,,h,,
脳,brain,105,,,,h,,
悩,trouble,105,,,,h,,
厳,stern,105,,,,v,,
鎖,chain,105,,,,h,,
挙,raise,105,,,,v,,
誉,reputation,105,,,,v,,
猟,game_hunting,105,,,,h,,
鳥,bird,105,,,,e,,
鳴,chirp,105,,,,h,,
鶴,crane,105,,,,h,,
烏,crow,105,,,,e,,
蔦,vine,105,,,,v,,
鳩,pigeon,105,,,,h,,
鶏,chicken,105,,,,h,,
島,island,105,,,,e,,
暖,warmth,105,,,,h,,
媛,maiden,106,,,,h,,
援,abet,106,,,,h,,
緩,slacken,106,,,,h,,
属,belong,106,,,,e,,
嘱,entrust,106,,,,h,,
偶,accidentally,106,,,,h,,
遇,interview,106,,,,e,,
愚,foolish,106,,,,v,,
隅,corner,106,,,,h,,
逆,inverted,106,,,,e,,
塑,model,106,,,,v,,
遡,go_upstream,106,,,,e,,
岡,hills,106,,,,e,,
鋼,steel,106,,,,h,,
綱,hawser,106,,,,h,,
剛,sturdy,106,,,,h,,
缶,tin_can,106,,,,,,layout_type unknown in source
陶,pottery,106,,,,h,,
揺,swing,106,,,,h,,
謡,noh_chanting,106,,,,h,,
鬱,depression,107,,,,v,,
就,concerning,107,,,,h,,
蹴,kick,107,,,,h,,
懇,sociable,107,,,,v,,
墾,groundbreaking,107,,,,v,,
貌,countenance,107,,,,h,,
免,excuse,107,,,,v,,
逸,elude,107,,,,e,,
晩,nightfall,107,,,,h,,
勉,exertion,107,,,,e,,
象,elephant,107,,,,v,,
像,statue,107,,,,h,,
馬,horse,107,,,,e,,
駒,pony,107,,,,h,,
験,verification,107,,,,h,,
騎,equestrian,107,,,,h,,
駐,parking,107,,,,h,,
駆,drive,107,,,,h,,
駅,station,107,,,,h,,
騒,boisterous,107,,,,h,,
駄,burdensome,108,,,,h,,
驚,wonder,108,,,,v,,
篤,fervent,108,,,,v,,
罵,insult,108,,,,v,,
騰,inflation,108,,,,h,,
虎,tiger,108,,,,e,,
虜,captive,108,,,,e,,
膚,skin,108,,,,e,,
虚,void,108,,,,e,,
戯,frolic,108,,,,h,,
虞,uneasiness,108,,,,e,,
慮,prudence,108,,,,e,,
劇,drama,108,,,,h,,
虐,tyrannize,108,,,,e,,
鹿,deer,108,,,,e,,
麓,foot_of_mountain,108,,,,v,,
薦,recommend,108,,,,v,,
慶,jubilation,108,,,,e,,
麗,lovely,108,,,,v,,
熊,bear,108,,,,v,,
能,ability,109,,,,h,,
態,attitude,109,,,,v,,
寅,tiger_zodiac,109,,,,v,,
演,performance,109,,,,h,,
辰,dragon_zodiac,109,,,,e,,
辱,embarrass,109,,,,v,,
震,quake,109,,,,v,,
振,shake,109,,,,h,,
娠,with_child,109,,,,h,,
唇,lips,109,,,,e,,
農,agriculture,109,,,,v,,
濃,concentrated,109,,,,h,,
送,send_off,109,,,,e,,
関,connection,109,,,,e,,
咲,blossom,109,,,,h,,
鬼,ghost,109,,,,v,,
醜,ugly,109,,,,h,,
魂,soul,109,,,,h,,
魔,witch,109,,,,e,,
魅,fascination,109,,,,e,,
塊,clod,110,,,,h,,
襲,attack,110,,,,v,,
嚇,upbraid,110,,,,h,,
朕,majestic_plural,110,,,,h,,
雰,atmosphere,110,,,,v,,
箇,counters_for_things,110,,,,v,,
錬,tempering,110,,,,h,,
遵,abide_by,110,,,,e,,
罷,quit,110,,,,v,,
屯,barracks,110,,,,,,layout_type unknown in source
且,moreover,110,,,,,,layout_type unknown in source
藻,seaweed,110,,,,v,,
隷,slave,110,,,,h,,
癒,healing,110,,,,e,,
璽,imperial_seal,110,,,,v,,
潟,lagoon,110,,,,h,,
丹,cinnabar,110,,,,,,layout_type unknown in source
丑,ox_zodiac,110,,,,,,layout_type unknown in source
羞,humiliate,110,,,,e,,
卯,hare_zodiac,110,,,,h,,
巳,snake_zodiac,111,,,,,,layout_type unknown in source
此,this,111,,,,h,,
柴,brushwood,111,,,,v,,
些,whit,111,,,,v,,
砦,fort,111,,,,v,,
髭,beard,111,,,,v,,
禽,fowl,111,,,,v,,
檎,apple,111,,,,h,,
憐,sympathize_with,111,,,,h,,
燐,phosphorus,111,,,,h,,
麟,camelopard,111,,,,h,,
鱗,scaled,111,,,,h,,
奄,encompassing,111,,,,v,,
庵,hermitage,111,,,,e,,
掩,shrouded,111,,,,h,,
悛,make_amends,111,,,,h,,
駿,steed,111,,,,h,,
峻,steep,111,,,,h,,
竣,complete_a_job,111,,,,h,,
犀,rhinoceros,111,,,,e,,
皐,lunar_month,112,,,,v,,
畷,rice_field_footpath,112,,,,h,,
綴,mend,112,,,,h,,
鎧,suit_of_armor,112,,,,h,,
凱,triumph,112,,,,h,,
呑,quaff,112,,,,v,,
韮,leek,112,,,,v,,
籤,lottery,112,,,,v,,
懺,penitential,112,,,,h,,
芻,hay,112,,,,v,,
雛,chick,112,,,,h,,
趨,scurry,112,,,,e,,
尤,understandably,112,,,,e,,
厖,immense,112,,,,e,,
或,some,112,,,,e,,
兎,rabbit,112,,,,v,,
也,also,112,,,,,,layout_type unknown in source
巴,swirl,112,,,,,,layout_type unknown in source
疋,critters,112,,,,,,layout_type unknown in source
菫,violet,112,,,,v,,
曼,mandala,113,,,,v,,
云,quote,113,,,,v,,
莫,shalt,113,,,,v,,
而,and_then,113,,,,v,,
倭,yamato,113,,,,h,,
侠,chivalry,113,,,,h,,
倦,fed_up,113,,,,h,,
俄,abrupt,113,,,,h,,
佃,work_a_field,113,,,,h,,
仔,animal_offspring,113,,,,h,,
仇,foe,113,,,,h,,
伽,look_after,113,,,,h,,
儲,make_a_profit,113,,,,h,,
僑,emigrant,113,,,,h,,
倶,mate,113,,,,h,,
侃,forthright,113,,,,h,,
偲,memorial,113,,,,h,,
侭,as_is,113,,,,h,,
脩,dried_meat,113,,,,h,,
倅,my_son,113,,,,h,,
做,make_do,114,,,,h,,
冴,sharp,114,,,,h,,
凋,wilt,114,,,,h,,
凌,pull_through,114,,,,h,,
凛,stately,114,,,,h,,
凧,kite,114,,,,e,,
凪,lull,114,,,,e,,
夙,earlybird,114,,,,e,,
鳳,phoenix,114,,,,e,,
剽,menace,114,,,,h,,
劉,slaughter,114,,,,h,,
剃,shave,114,,,,h,,
厭,despondent,114,,,,e,,
雁,wild_goose,114,,,,e,,
贋,counterfeit,114,,,,e,,
厨,kitchen,114,,,,e,,
仄,insinuate,114,,,,e,,
哨,scout,114,,,,h,,
咎,reprehend,114,,,,v,,
囁,whisper,114,,,,h,,
喋,chatter,115,,,,h,,
嘩,quarrel,115,,,,h,,
噂,gossip,115,,,,h,,
咳,cough,115,,,,h,,
喧,clamor,115,,,,h,,
叩,bash,115,,,,h,,
嘘,fib,115,,,,h,,
啄,peck_at,115,,,,h,,
吠,barking,115,,,,h,,
吊,dangle,115,,,,v,,
噛,chew,115,,,,h,,
叶,within_ability,115,,,,h,,
吻,sides_of_mouth,115,,,,h,,
吃,stammer,115,,,,h,,
噺,spin_a_tale,115,,,,h,,
噌,miso,115,,,,h,,
邑,city_walls,115,,,,v,,
呆,dumbfounded,115,,,,v,,
喰,ingest,115,,,,h,,
埴,clay,115,,,,h,,
坤,receptive,116,,,,h,,
壕,dugout,116,,,,h,,
垢,grime,116,,,,h,,
坦,flat_level,116,,,,h,,
埠,wharf,116,,,,h,,
堰,dam,116,,,,h,,
堵,railing,116,,,,h,,
嬰,suckling_infant,116,,,,v,,
姦,violate,116,,,,v,,
婢,handmaiden,116,,,,h,,
婉,well_finished,116,,,,h,,
娼,harlot,116,,,,h,,
妓,courtesan,116,,,,h,,
娃,fair,116,,,,h,,
姪,niece,116,,,,h,,
嬬,mistress,116,,,,h,,
姥,aged_woman,116,,,,h,,
姑,motherinlaw,116,,,,h,,
姐,young_miss,116,,,,h,,
嬉,overjoyed,116,,,,h,,
孕,expecting,117,,,,v,,
孜,assiduous,117,,,,h,,
宥,soothe,117,,,,v,,
寓,imply,117,,,,v,,
宏,extensive,117,,,,v,,
牢,jail,117,,,,v,,
宋,sung_dynasty,117,,,,v,,
宍,venison,117,,,,v,,
屠,butchering,117,,,,e,,
屁,fart,117,,,,e,,
屑,rubbish,117,,,,e,,
屡,frequently,117,,,,e,,
屍,corpse,117,,,,e,,
屏,folding_screen,117,,,,e,,
嵩,high_reaching,117,,,,v,,
崚,rugged_mountains,117,,,,h,,
嶺,mountain_top,117,,,,v,,
嵌,fit_into,117,,,,v,,
帖,quire,117,,,,h,,
幡,banner,117,,,,h,,
幟,pennant,118,,,,h,,
庖,cleaver,118,,,,e,,
廓,licensed_quarters,118,,,,e,,
庇,overhang,118,,,,e,,
鷹,hawk,118,,,,e,,
庄,shire,118,,,,e,,
廟,tomb_sanctuary,118,,,,e,,
彊,strengthen,118,,,,h,,
弛,loosen,118,,,,h,,
粥,rice_gruel,118,,,,h,,
挽,lathe,118,,,,h,,
撞,bump_into,118,,,,h,,
扮,disguise,118,,,,h,,
捏,fabrication,118,,,,h,,
掴,clutch,118,,,,h,,
捺,impress,118,,,,h,,
掻,scratch,118,,,,h,,
撰,assortment,118,,,,h,,
揃,muster,118,,,,h,,
捌,deal_with,118,,,,h,,
按,press_down_on,119,,,,h,,
播,disseminate,119,,,,h,,
揖,bow,119,,,,h,,
托,receptacle,119,,,,h,,
捧,devote,119,,,,h,,
撚,twirl,119,,,,h,,
挺,upright,119,,,,h,,
擾,commotion,119,,,,h,,
撫,petting,119,,,,h,,
撒,sprinkle,119,,,,h,,
擢,outstanding,119,,,,h,,
摺,rubbing,119,,,,h,,
捷,spoils,119,,,,h,,
抉,gouge_out,119,,,,h,,
怯,wince,119,,,,h,,
惟,ponder,119,,,,h,,
惚,infatuation,119,,,,h,,
怜,quickwitted,119,,,,h,,
惇,considerate,119,,,,h,,
恰,as_if,119,,,,h,,
恢,enlarge,120,,,,h,,
悌,respect_for_elders,120,,,,h,,
澪,canal,120,,,,h,,
洸,glistening,120,,,,h,,
滉,expanse,120,,,,h,,
漱,gargle,120,,,,h,,
洲,continent,120,,,,h,,
洵,swirling_waters,120,,,,h,,
滲,seep,120,,,,h,,
洒,rinse,120,,,,h,,
沐,douse,120,,,,h,,
泪,teardrops,120,,,,h,,
渾,gushing,120,,,,h,,
涜,blaspheme,120,,,,h,,
梁,roofbeam,120,,,,v,,
澱,sediment,120,,,,h,,
洛,old_kyoto,120,,,,h,,
汝,thee,120,,,,h,,
漉,filter,120,,,,h,,
瀕,on_verge_of,120,,,,h,,
濠,moat,121,,,,h,,
溌,spray,121,,,,h,,
湊,port,121,,,,h,,
淋,solitude,121,,,,h,,
浩,abounding,121,,,,h,,
汀,waters_edge,121,,,,h,,
鴻,large_goose,121,,,,h,,
潅,souse,121,,,,h,,
溢,brimming,121,,,,h,,
湛,inundate,121,,,,h,,
淳,immaculate,121,,,,h,,
渥,moisten,121,,,,h,,
灘,rough_seas,121,,,,h,,
汲,draw_water,121,,,,h,,
溜,cumulation,121,,,,h,,
渕,abyss_variant,121,,,,h,,
沌,chaos,121,,,,h,,
濾,strainer,121,,,,h,,
濡,drench,121,,,,h,,
淀,eddy,121,,,,h,,
涅,black_soil,122,,,,h,,
斧,hatchet,122,,,,v,,
爺,grandpa,122,,,,v,,
猾,sly,122,,,,h,,
猥,indecent,122,,,,h,,
狡,cunning,122,,,,h,,
狸,racoon_dog,122,,,,h,,
狼,wolf,122,,,,h,,
狽,flustered,122,,,,h,,
狗,pup,122,,,,h,,
狐,fox,122,,,,h,,
狛,komainu,122,,,,h,,
獅,lion,122,,,,h,,
狒,baboon,122,,,,h,,
莨,tobacco,122,,,,v,,
茉,jasmine,122,,,,v,,
莉,hawthorn,122,,,,v,,
苺,strawberry,122,,,,v,,
萩,bush_clover,122,,,,v,,
藝,technique_old,122,,,,v,,
薙,trim,123,,,,v,,
蓑,straw_raincoat,123,,,,v,,
苔,moss,123,,,,v,,
蕩,prodigal,123,,,,v,,
蔓,tendril,123,,,,v,,
蓮,lotus,123,,,,v,,
芙,lotus_flower,123,,,,v,,
蓉,lotus_blossom,123,,,,v,,
蘭,orchid,123,,,,v,,
芦,hollow_reed,123,,,,v,,
薯,yam,123,,,,v,,
菖,iris,123,,,,v,,
蕉,banana,123,,,,v,,
蕎,buckwheat,123,,,,v,,
蕗,butterbur,123,,,,v,,
茄,eggplant,123,,,,v,,
蔭,behind_the_scenes,123,,,,v,,
蓬,wormwood,123,,,,v,,
芥,mustard,123,,,,v,,
萌,germinate,123,,,,v,,
葡,grape,124,,,,v,,
萄,grape_vine,124,,,,v,,
蘇,resurrect,124,,,,v,,
蕃,grow_wild,124,,,,v,,
苓,cocklebur,124,,,,v,,
菰,rush_mat,124,,,,v,,
蒙,darken,124,,,,v,,
茅,grassy_reed,124,,,,v,,
芭,plantain,124,,,,v,,
苅,mow,124,,,,v,,
葱,onion,124,,,,v,,
葵,hollyhock,124,,,,v,,
葺,shingling,124,,,,v,,
蕊,stamen,124,,,,v,,
茸,mushroom,124,,,,v,,
蒔,sowing,124,,,,v,,
芹,parsley,124,,,,v,,
苫,thatching,124,,,,v,,
蒼,pale_blue,124,,,,v,,
藁,straw,124,,,,v,,
蕪,turnip,125,,,,v,,
藷,sweet_potato,125,,,,v,,
薮,quack,125,,,,v,,
蒜,garlic,125,,,,v,,
蕨,bracken,125,,,,v,,
蔚,grow_plentiful,125,,,,v,,
茜,madder_red,125,,,,v,,
莞,candle_rush,125,,,,v,,
蒐,collector,125,,,,v,,
菅,sedge,125,,,,v,,
葦,ditch_reed,125,,,,v,,
迪,way,125,,,,e,,
辿,track_down,125,,,,e,,
這,crawl,125,,,,e,,
迂,detour,125,,,,e,,
遁,shirk,125,,,,e,,
逢,tryst,125,,,,e,,
遥,far_off,125,,,,e,,
遼,faraway,125,,,,e,,
逼,pressing,125,,,,e,,
迄,until,126,,,,e,,
逗,standstill,126,,,,e,,
鄭,courtesy,126,,,,h,,
隕,falling,126,,,,h,,
隈,nook,126,,,,h,,
憑,possessed,126,,,,v,,
惹,attract,126,,,,v,,
悉,all,126,,,,v,,
忽,instantaneously,126,,,,v,,
惣,firstborn_son,126,,,,v,,
愈,all_the_more,126,,,,v,,
恕,sensitive,126,,,,v,,
昴,over_arching,126,,,,v,,
晋,progress,126,,,,v,,
晟,aglow,126,,,,v,,
暈,halo,126,,,,v,,
暉,glitter,126,,,,h,,
旱,dry_weather,126,,,,v,,
晏,clear_skies,126,,,,v,,
晨,morrow,126,,,,v,,
晒,bleaching,127,,,,h,,
晃,limpid,127,,,,v,,
曝,expose,127,,,,h,,
曙,daybreak,127,,,,h,,
昂,elevate,127,,,,v,,
昏,dusk,127,,,,v,,
晦,dark,127,,,,h,,
膿,pus,127,,,,h,,
腑,viscera,127,,,,h,,
胱,bladder,127,,,,h,,
胚,embryo,127,,,,h,,
肛,anus,127,,,,h,,
脆,fragile,127,,,,h,,
肋,rib,127,,,,h,,
腔,body_cavity,127,,,,h,,
肱,armrest,127,,,,h,,
胡,uncivilized,127,,,,h,,
楓,maple,127,,,,h,,
楊,purple_willow,127,,,,h,,
椋,elm,127,,,,h,,
榛,hazel,128,,,,h,,
櫛,comb,128,,,,h,,
槌,sledgehammer,128,,,,h,,
樵,mallet,128,,,,h,,
梯,ladder,128,,,,h,,
柑,citrus_tree,128,,,,h,,
杭,picket,128,,,,h,,
柊,holly,128,,,,h,,
柚,citron,128,,,,h,,
椀,wooden_bowl,128,,,,h,,
栂,hemlock,128,,,,h,,
柾,spindle_tree,128,,,,h,,
榊,sacred_tree,128,,,,h,,
樫,evergreen_oak,128,,,,h,,
槙,black_pine,128,,,,h,,
楢,japanese_oak,128,,,,h,,
橘,tangerine,128,,,,h,,
桧,hinoki_variant,128,,,,h,,
棲,roost,128,,,,h,,
栖,nestle,128,,,,h,,
桔,bellflower,129,,,,h,,
杜,temple_grove,129,,,,h,,
杷,grain_rake,129,,,,h,,
梶,oar,129,,,,h,,
杵,wooden_pestle,129,,,,h,,
杖,cane,129,,,,h,,
樽,barrel,129,,,,h,,
櫓,turret,129,,,,h,,
橿,sturdy_oak,129,,,,h,,
杓,wooden_ladle,129,,,,h,,
李,damson,129,,,,v,,
棉,raw_cotton,129,,,,h,,
楯,escutcheon,129,,,,h,,
榎,hackberry,129,,,,h,,
樺,birch,129,,,,h,,
槍,lance,129,,,,h,,
柘,wild_mulberry,129,,,,h,,
梱,bale,129,,,,h,,
枇,loquat,129,,,,h,,
樋,downspout,129,,,,h,,
橇,sled,130,,,,h,,
槃,enjoyment,130,,,,v,,
栞,bookmark,130,,,,v,,
椰,coconut,130,,,,h,,
檀,sandalwood,130,,,,h,,
樗,sumac,130,,,,h,,
槻,zelkova,130,,,,h,,
椙,cryptomeria,130,,,,h,,
彬,copious,130,,,,h,,
桶,bucket,130,,,,h,,
楕,ellipse,130,,,,h,,
樒,staranise,130,,,,h,,
毬,furball,130,,,,e,,
燿,twinkle,130,,,,h,,
燎,watchfire,130,,,,h,,
炬,torch,130,,,,h,,
焚,kindle,130,,,,v,,
灸,moxa,130,,,,v,,
煽,fanning,130,,,,h,,
煤,soot,130,,,,h,,
煉,firing,131,,,,h,,
燦,dazzling,131,,,,h,,
灼,refulgent,131,,,,h,,
烙,branding,131,,,,h,,
焔,flames,131,,,,h,,
烹,stew,131,,,,v,,
牽,tug,131,,,,v,,
牝,female_animal,131,,,,h,,
牡,male_animal,131,,,,h,,
琳,chime,131,,,,h,,
琉,lapis_lazuli,131,,,,h,,
瑳,burnish,131,,,,h,,
琢,hone,131,,,,h,,
珊,coral,131,,,,h,,
瑚,coral_reef,131,,,,h,,
瑞,fortunate,131,,,,h,,
玖,jet,131,,,,h,,
瑛,crystal,131,,,,h,,
玲,tinkling,131,,,,h,,
畢,lastly,131,,,,,,layout_type unknown in source
畦,paddyfield,132,,,,h,,
痒,itch,132,,,,e,,
痰,phlegm,132,,,,e,,
疹,measles,132,,,,e,,
痔,hemorrhoids,132,,,,e,,
癌,cancer,132,,,,e,,
痺,paralysis,132,,,,e,,
眸,eye_pupil,132,,,,h,,
眩,dizzy,132,,,,h,,
雉,pheasant,132,,,,h,,
矩,carpenters_square,132,,,,h,,
磐,bedrock,132,,,,v,,
碇,grapnel,132,,,,h,,
碧,blue_green,132,,,,v,,
硯,inkstone,132,,,,h,,
砥,grindstone,132,,,,h,,
碗,teacup,132,,,,h,,
碍,obstacle,132,,,,h,,
碩,illustrious,132,,,,h,,
磯,rocky_beach,132,,,,h,,
砺,whetstone,133,,,,h,,
碓,mill,133,,,,h,,
禦,fend_off,133,,,,v,,
祷,beseech,133,,,,h,,
祐,ancestral_tablet,133,,,,h,,
祇,local_god,133,,,,h,,
祢,ancestral_shrine,133,,,,h,,
禄,salarium,133,,,,h,,
禎,felicitation,133,,,,h,,
秤,balancing_scales,133,,,,h,,
黍,millet,133,,,,v,,
禿,bald,133,,,,v,,
稔,bear_fruit,133,,,,h,,
稗,crabgrass,133,,,,h,,
穣,bumper_crop,133,,,,h,,
稜,imperial_authority,133,,,,h,,
稀,sparse,133,,,,h,,
穆,obeisant,133,,,,h,,
窺,peep,133,,,,v,,
窄,tight,133,,,,v,,
穿,drill,134,,,,v,,
竃,kitchen_stove,134,,,,v,,
竪,longness,134,,,,v,,
颯,rustling,134,,,,h,,
站,outpost,134,,,,h,,
靖,repose,134,,,,h,,
妾,concubine,134,,,,v,,
衿,lapel,134,,,,h,,
袷,lined_kimono,134,,,,h,,
袴,pleated_skirt,134,,,,h,,
襖,sliding_door,134,,,,h,,
笙,panpipe,134,,,,v,,
筏,raft,134,,,,v,,
簾,bamboo_blinds,134,,,,v,,
箪,rattan_box,134,,,,v,,
竿,pole,134,,,,v,,
箆,spatula,134,,,,v,,
箔,foil,134,,,,v,,
笥,wardrobe,134,,,,v,,
箭,arrow_shaft,134,,,,v,,
筑,ancient_harp,135,,,,v,,
篠,slender_bamboo,135,,,,v,,
纂,redaction,135,,,,v,,
竺,bamboo_cane,135,,,,v,,
箕,winnowing_fan,135,,,,v,,
笈,backpack,135,,,,v,,
篇,livraison,135,,,,v,,
筈,should,135,,,,v,,
簸,winnow,135,,,,v,,
粕,settlings,135,,,,h,,
糟,lees,135,,,,h,,
糊,paste,135,,,,h,,
籾,unhulled_rice,135,,,,h,,
糠,rice_bran,135,,,,h,,
糞,excrement,135,,,,v,,
粟,foxtail_millet,135,,,,v,,
繋,link_up,135,,,,v,,
綸,twine,135,,,,h,,
絨,carpet_yarn,135,,,,h,,
絆,ties,135,,,,h,,
緋,scarlet,136,,,,h,,
綜,synthesis,136,,,,h,,
紐,string,136,,,,h,,
紘,chinstrap,136,,,,h,,
纏,summarize,136,,,,h,,
絢,gorgeous,136,,,,h,,
繍,embroidery,136,,,,h,,
紬,pongee,136,,,,h,,
綺,ornate,136,,,,h,,
綾,twill_fabric,136,,,,h,,
絃,catgut,136,,,,h,,
縞,stripe,136,,,,h,,
綬,gimp,136,,,,h,,
紗,silk_gauze,136,,,,h,,
舵,rudder,136,,,,h,,
聯,strung_together,136,,,,h,,
聡,attentive,136,,,,h,,
聘,summons,136,,,,h,,
耽,addiction,136,,,,h,,
耶,exclamation,136,,,,h,,
蚤,flea,137,,,,v,,
蟹,crab,137,,,,v,,
蛋,protein,137,,,,v,,
蟄,hibernation,137,,,,v,,
蝿,housefly,137,,,,h,,
蟻,ant,137,,,,h,,
蝋,wax,137,,,,h,,
蝦,shrimp,137,,,,h,,
蛸,octopus,137,,,,h,,
螺,screw,137,,,,h,,
蝉,cicada,137,,,,h,,
蛙,frog,137,,,,h,,
蛾,moth,137,,,,h,,
蛤,clam,137,,,,h,,
蛭,leech,137,,,,h,,
蛎,oyster,137,,,,h,,
罫,ruled_lines,137,,,,v,,
袈,stole,137,,,,v,,
裟,monks_sash,137,,,,v,,
截,incision,137,,,,e,,
哉,alas,138,,,,e,,
詢,counsel,138,,,,h,,
諄,polite,138,,,,h,,
讐,vendetta,138,,,,v,,
諌,remonstrate,138,,,,h,,
諒,verify,138,,,,h,,
讃,compliment,138,,,,h,,
訊,query,138,,,,h,,
訣,split_up,138,,,,h,,
詫,apologize,138,,,,h,,
誼,familiarity,138,,,,h,,
謬,fallible,138,,,,h,,
訝,wary,138,,,,h,,
諺,proverb,138,,,,h,,
誹,slander,138,,,,h,,
謂,so_called,138,,,,h,,
諜,spying,138,,,,h,,
註,footnote,138,,,,h,,
譬,parable,138,,,,v,,
轟,rumble,138,,,,v,,
輔,reinforce,139,,,,h,,
輻,spoke,139,,,,h,,
輯,assemble,139,,,,h,,
豹,panther,139,,,,h,,
賎,despicable,139,,,,h,,
貰,get,139,,,,v,,
賑,bustling,139,,,,h,,
贖,expiate,139,,,,h,,
躓,stumble,139,,,,h,,
蹄,hoof,139,,,,h,,
蹟,vestiges,139,,,,h,,
跨,straddle,139,,,,h,,
跪,kneel,139,,,,h,,
醤,soy_sauce,139,,,,v,,
醍,whey,139,,,,h,,
醐,ghee,139,,,,h,,
醇,strong_sake,139,,,,h,,
麹,malt,139,,,,h,,
釦,button,139,,,,h,,
銚,keg,139,,,,h,,
鋤,plow,140,,,,h,,
鋸,hand_saw,140,,,,h,,
錐,awl,140,,,,h,,
鍬,hoe,140,,,,h,,
鋲,rivet,140,,,,h,,
錫,tin,140,,,,h,,
錨,anchor,140,,,,h,,
釘,nail,140,,,,h,,
鑓,javelin,140,,,,h,,
鋒,swords_point,140,,,,h,,
鎚,iron_hammer,140,,,,h,,
鉦,carillion,140,,,,h,,
錆,rust,140,,,,h,,
鍾,cluster,140,,,,h,,
鋏,scissors,140,,,,h,,
閃,flash,140,,,,e,,
悶,agony,140,,,,e,,
閤,side_gate,140,,,,e,,
雫,trickle,140,,,,v,,
霞,haze,140,,,,v,,
翰,quill,141,,,,h,,
斡,auspices,141,,,,h,,
鞍,saddle,141,,,,h,,
鞭,whip,141,,,,h,,
鞘,saddle_straps,141,,,,h,,
鞄,briefcase,141,,,,h,,
靭,pliable,141,,,,h,,
鞠,terminate,141,,,,h,,
顛,overturn,141,,,,h,,
穎,brush_tip,141,,,,h,,
頗,exceedingly,141,,,,h,,
頌,accolade,141,,,,h,,
頚,cervical,141,,,,h,,
餐,repast,141,,,,v,,
饗,feast,141,,,,v,,
蝕,eclipse,141,,,,h,,
飴,sweets,141,,,,h,,
駕,stretcher,141,,,,v,,
騨,dappled_horse,141,,,,h,,
馳,rush,141,,,,h,,
騙,cheat,142,,,,h,,
馴,tame,142,,,,h,,
駁,rebuttal,142,,,,h,,
駈,gallop,142,,,,h,,
驢,donkey,142,,,,h,,
鰻,eel,142,,,,h,,
鯛,sea_bream,142,,,,h,,
鰯,sardine,142,,,,h,,
鱒,trout,142,,,,h,,
鮭,salmon,142,,,,h,,
鮪,tuna,142,,,,h,,
鮎,smelt,142,,,,h,,
鯵,horse_mackeral,142,,,,h,,
鱈,cod,142,,,,h,,
鯖,mackerel,142,,,,h,,
鮫,shark,142,,,,h,,
鰹,bonito,142,,,,h,,
鰍,bullhead,142,,,,h,,
鰐,alligator,142,,,,h,,
鮒,crucian,142,,,,h,,
鮨,sushi,143,,,,h,,
鰭,fish_fin,143,,,,h,,
鴎,seagull,143,,,,h,,
鵬,roc,143,,,,h,,
鸚,parakeet,143,,,,h,,
鵡,parrot,143,,,,h,,
鵜,cormorant,143,,,,h,,
鷺,heron,143,,,,v,,
鷲,eagle,143,,,,v,,
鴨,wild_duck,143,,,,h,,
鳶,black_kite,143,,,,v,,
梟,owl,143,,,,e,,
塵,dust,143,,,,e,,
麒,giraffe,143,,,,h,,
舅,fatherinlaw,143,,,,v,,
鼠,mouse,143,,,,v,,
鑿,bore,143,,,,v,,
艘,small_craft,143,,,,h,,
瞑,close_eyes,143,,,,h,,
暝,murky,143,,,,h,,
坐,sitting,144,,,,,,layout_type unknown in source
朔,first_day,144,,,,h,,
曳,tow,144,,,,,,layout_type unknown in source
洩,dribble_out,144,,,,h,,
彗,comet,144,,,,v,,
慧,astute,144,,,,v,,
爾,thou,144,,,,v,,
嘉,applaud,144,,,,v,,
兇,evil,144,,,,v,,
兜,helmet,144,,,,v,,
靄,mist,144,,,,v,,
劫,kalpa,144,,,,h,,
歎,bemoan,144,,,,h,,
輿,palanquin,144,,,,e,,
歪,warped,144,,,,v,,
翠,jade_green,144,,,,v,,
黛,blue_black,144,,,,v,,
鼎,tripod,144,,,,e,,
鹵,rocksalt,144,,,,v,,
鹸,lye,144,,,,h,,
虔,reserved,145,,,,e,,
燕,swallow,145,,,,v,,
嘗,lick,145,,,,v,,
殆,almost,145,,,,h,,
牌,mahjong_tiles,145,,,,h,,
覗,peek,145,,,,h,,
齟,disagree,145,,,,h,,
齬,discord,145,,,,h,,
秦,manchu_dynasty,145,,,,v,,
雀,sparrow,145,,,,v,,
隼,peregrine_falcon,145,,,,v,,
耀,shimmering,145,,,,h,,
夷,ebisu,145,,,,,,layout_type unknown in source
嚢,cyst,145,,,,v,,
暢,carefree,145,,,,h,,
廻,circling,145,,,,e,,
欣,elation,145,,,,h,,
毅,stalwart,145,,,,h,,
斯,thus,145,,,,h,,
匙,wooden_spoon,145,,,,e,,
匡,set_straight,146,,,,e,,
肇,founding,146,,,,v,,
麿,utamaro,146,,,,e,,
叢,conglomerate,146,,,,v,,
肴,entreat,146,,,,v,,
斐,symmetrical,146,,,,v,,
卿,magistrate,146,,,,h,,
翫,fiddle,146,,,,h,,
於,within,146,,,,h,,
套,hackneyed,146,,,,v,,
叛,rebellion,146,,,,h,,
尖,sharp_point,146,,,,v,,
壷,crock,146,,,,v,,
叡,sapience,146,,,,h,,
酋,chieftain,146,,,,v,,
鴬,nightingale,146,,,,v,,
赫,incandescent,146,,,,h,,
臥,supinate,146,,,,h,,
甥,nephew,146,,,,h,,
瓢,gourd,146,,,,h,,
琵,biwa,147,,,,v,,
琶,lute,147,,,,v,,
叉,forked,147,,,,e,,
乖,disobey,147,,,,,,layout_type unknown in source
畠,dry_field,147,,,,v,,
圃,vegetable_patch,147,,,,e,,
丞,helping_hand,147,,,,v,,
亮,translucent,147,,,,v,,
胤,blood_relative,147,,,,h,,
疏,transcription,147,,,,h,,
膏,ointment,147,,,,v,,
魁,pioneer,147,,,,e,,
馨,ambrosial,147,,,,v,,
牒,label,147,,,,h,,
瞥,glimpse,147,,,,v,,
睾,testicle,147,,,,v,,
巫,sorceress,147,,,,,,layout_type unknown in source
敦,empathetic,147,,,,h,,
奎,andromeda,147,,,,v,,
翔,soar,147,,,,h,,
皓,beaming,148,,,,h,,
黎,tenebrous,148,,,,v,,
赳,bold,148,,,,e,,
已,stop_short,148,,,,,,layout_type unknown in source
棘,thornbush,148,,,,h,,
祟,haunt,148,,,,v,,
甦,resuscitate,148,,,,e,,
剪,pruning,148,,,,v,,
躾,upbringing,148,,,,h,,
夥,plentiful,148,,,,h,,
鼾,snore,148,,,,h,,
陀,steeply_inclined,148,,,,h,,
粁,kilometer,148,,,,h,,
糎,centimeter,148,,,,h,,
粍,millimeter,148,,,,h,,
噸,ton,148,,,,h,,
哩,mile,148,,,,h,,
浬,nautical_mile,148,,,,h,,
吋,inch,148,,,,h,,
呎,foot,148,,,,h,,
梵,brahman,149,,,,v,,
薩,bodhisattva,149,,,,v,,
菩,bo_tree,149,,,,v,,
唖,babble,149,,,,h,,
牟,low,149,,,,v,,
迦,sanskrit_ka,149,,,,e,,
珈,jeweled_hairpin,149,,,,h,,
琲,beaded_hairpin,149,,,,h,,
檜,hinoki,149,,,,h,,
轡,tinkling_bell,149,,,,v,,
淵,abyss,149,,,,h,,
伍,formal_five,149,,,,h,,
什,formal_ten,149,,,,h,,
萬,ten_thousand_old,149,,,,v,,
邁,push_forward,149,,,,e,,
燭,candlelight,149,,,,h,,
逞,tough,149,,,,e,,
燈,lamp_old,149,,,,h,,
裡,back_old,149,,,,h,,
薗,garden_name,149,,,,v,,
鋪,shop_variant,150,,,,h,,
嶋,island_variant,150,,,,h,,
峯,summit_variant,150,,,,v,,
埜,plains_variant,150,,,,v,,
龍,dragon_old,150,,,,h,,
寵,patronage,150,,,,v,,
聾,deafness,150,,,,v,,
慾,longing_old,150,,,,v,,
嶽,point_old,150,,,,v,,
國,country_old,150,,,,e,,
脛,shin,150,,,,h,,
勁,formidable,150,,,,h,,
祀,enshrine,150,,,,h,,
祓,exorcism,150,,,,h,,
躇,dither,150,,,,h,,
壽,longevity_old,150,,,,v,,
躊,hesitate,150,,,,h,,
饅,bean_jam,150,,,,h,,
嘔,retch,150,,,,h,,
鼈,snapping_turtle,150,,,,v,,
𠮟,scold_old,151,,,,h,,
塡,fill_in,151,,,,h,,
剝,peel,151,,,,h,,
頰,cheek_old,151,,,,h,,
籠,basket_variant,151,,,,v,,
亙,span_alt,151,,,,v,,
亨,go_smoothly,151,,,,v,,
伶,actor,151,,,,h,,
佑,aid,151,,,,h,,
佼,beautiful,151,,,,h,,
侑,coax,151,,,,h,,
俣,fork,151,,,,h,,
倖,good_fortune,151,,,,h,,
傭,hire,151,,,,h,,
僻,prejudice,151,,,,h,,
喬,lofty,151,,,,v,,
孟,eldest,151,,,,v,,
尭,noble,151,,,,v,,
峨,towering,151,,,,h,,
嵯,craggy,151,,,,h,,
巌,crag,152,,,,v,,
巽,southeast,152,,,,v,,
彪,spotted,152,,,,e,,
掟,code,152,,,,h,,
掠,pillage,152,,,,h,,
撹,agitate,152,,,,h,,
梧,parasol_tree,152,,,,h,,
欝,gloom,152,,,,v,,
欽,revere,152,,,,h,,
煕,shine,152,,,,v,,
熔,fuse,152,,,,h,,
珪,jade_scepter,152,,,,h,,
瑶,beautiful_jewel,152,,,,h,,
甫,newly,152,,,,e,,
聚,congregate,152,,,,v,,
舘,mansion,152,,,,h,,
舜,morning_glory,152,,,,v,,
詑,deceive,152,,,,h,,
諏,consult,152,,,,h,,
躯,torso,152,,,,h,,
郁,elegant,153,,,,h,,
鏑,arrowhead,153,,,,h,,
子,rat_zodiac,153,子,子,,a,,layout_type unknown in source; pass4: harvested L05 HTML (子); pass4: layout — -> a
午,horse_zodiac,153,,,,v,,
未,sheep_zodiac,153,未,未,,a,,layout_type unknown in source; pass4: harvested L12 HTML (未); pass4: layout — -> a
申,monkey_zodiac,153,,,,,,layout_type unknown in source
酉,rooster_zodiac,153,,,,,,layout_type unknown in source
戌,dog_zodiac,153,,,,e,,
亥,boar_zodiac,153,,,,v,,
苟,if_at_all,,,,苟,,,
戉,axe,,,,戉,,,
楚,thicket,,,,楚,,,
戈,halberd,19,戈,,,a,式,status=hidden_reusable; pass2b placeholder; weapon-family anchor; readings/verses TBD
俞,yu,16,俞,,,a,輸,status=hidden_reusable; pass2b placeholder; meeting-family anchor; readings/verses TBD
袁,robe_family,22,袁,,,a,遠,status=hidden_reusable; pass2b placeholder; robe-family anchor; readings/verses TBD
